year,region,edyr60
2010,afgr101,2.1
2010,afgr102,0.5
2010,afgr103,1.7
2010,afgr104,0.7
2010,afgr105,0.7
2010,afgr106,1.1
2010,afgr107,1.0
2010,afgr108,0.5
2010,afgt,1.1
2010,afgtr,0.8
2010,afgtu,2.3
2000,agor101,1.6
2000,agor102,0.9
2000,agor103,0.8
2000,agor104,1.0
2000,agor105,1.0
2000,agor106,0.8
2000,agot,1.0
2000,agotr,0.7
2000,agotu,1.3
2011,agor101,7.7
2011,agor102,5.0
2011,agor103,2.1
2011,agor104,6.6
2011,agor105,3.7
2011,agor106,4.8
2011,agot,6.0
2011,agotr,3.4
2011,agotu,9.1
2011,argr101,10.1
2011,argr102,7.5
2011,argr103,8.0
2011,argr104,7.4
2011,argr105,7.3
2011,argr106,7.0
2011,argr107,7.3
2011,argr108,6.8
2011,argr109,7.3
2011,argr110,9.1
2011,argr111,7.7
2011,argtu,7.9
2000,armr101,7.5
2000,armr102,7.2
2000,armr103,7.5
2000,armr104,7.1
2000,armr105,8.5
2000,armr106,8.2
2000,armr107,9.2
2000,armr108,8.4
2000,armr109,8.0
2000,armr110,8.0
2000,armr111,10.2
2000,armt,8.7
2000,armtr,7.3
2000,armtu,9.7
2010,armr101,9.4
2010,armr102,8.7
2010,armr103,8.9
2010,armr104,8.3
2010,armr105,9.7
2010,armr106,9.5
2010,armr107,9.7
2010,armr108,9.9
2010,armr109,9.9
2010,armr110,9.1
2010,armr111,11.9
2010,armt,10.2
2010,armtr,8.5
2010,armtu,11.2
2000,azer101,10.2
2000,azer102,7.3
2000,azer103,8.4
2000,azer104,6.6
2000,azer105,7.0
2000,azer106,7.2
2000,azer107,6.1
2000,azer109,6.1
2000,azer110,6.6
2000,azet,7.6
2000,azetr,6.3
2000,azetu,8.8
2006,azer101,9.3
2006,azer102,8.7
2006,azer103,7.6
2006,azer104,8.2
2006,azer105,7.3
2006,azer106,8.1
2006,azer107,6.7
2006,azer108,6.2
2006,azer109,7.2
2006,azet,7.9
2006,azetr,6.8
2006,azetu,8.8
2005,bdir101,2.5
2005,bdir102,1.2
2005,bdir103,1.8
2005,bdir104,2.7
2005,bdir105,2.8
2005,bdit,2.3
2005,bditr,2.3
2005,bditu,3.4
2010,bdir101,0.8
2010,bdir102,0.8
2010,bdir103,1.0
2010,bdir104,1.5
2010,bdir105,0.9
2010,bdit,1.0
2010,bditr,0.9
2010,bditu,3.1
1996,benr101,0.1
1996,benr102,1.2
1996,benr103,0.2
1996,benr104,0.2
1996,benr105,0.3
1996,benr106,0.3
1996,bent,0.4
1996,bentr,0.1
1996,bentu,0.9
2001,benr101,0.1
2001,benr102,1.7
2001,benr103,0.4
2001,benr104,0.5
2001,benr105,0.8
2001,benr106,0.5
2001,bent,0.7
2001,bentr,0.3
2001,bentu,1.8
2006,benr101,0.3
2006,benr102,2.1
2006,benr103,0.3
2006,benr104,0.5
2006,benr105,1.0
2006,benr106,0.7
2006,bent,0.9
2006,bentr,0.4
2006,bentu,1.9
2011,benr101,0.3
2011,benr102,3.1
2011,benr103,0.4
2011,benr104,0.7
2011,benr105,1.3
2011,benr106,0.9
2011,bent,1.2
2011,bentr,0.5
2011,bentu,2.6
1998,bfar101,0.1
1998,bfar102,0.0
1998,bfar103,0.2
1998,bfar104,0.1
1998,bfar105,0.1
1998,bfar106,0.0
1998,bfar107,0.1
1998,bfar108,0.0
1998,bfar109,0.2
1998,bfar110,0.0
1998,bfar111,0.0
1998,bfar112,0.0
1998,bfar113,0.1
1998,bfat,0.1
1998,bfatr,0.0
1998,bfatu,0.3
2003,bfar101,0.1
2003,bfar102,0.1
2003,bfar103,0.8
2003,bfar104,0.0
2003,bfar105,0.0
2003,bfar106,0.1
2003,bfar107,0.0
2003,bfar108,0.1
2003,bfar109,0.3
2003,bfar110,0.1
2003,bfar111,0.0
2003,bfar112,0.1
2003,bfar113,0.0
2003,bfat,0.1
2003,bfatr,0.0
2003,bfatu,0.9
2010,bfar101,0.3
2010,bfar102,0.1
2010,bfar103,1.1
2010,bfar104,0.1
2010,bfar105,0.1
2010,bfar106,0.1
2010,bfar107,0.1
2010,bfar108,0.1
2010,bfar109,0.8
2010,bfar110,0.1
2010,bfar111,0.1
2010,bfar112,0.0
2010,bfar113,0.1
2010,bfat,0.3
2010,bfatr,0.1
2010,bfatu,1.1
1996,bgdr101,2.7
1996,bgdr102,1.9
1996,bgdr103,1.9
1996,bgdr104,1.7
1996,bgdr105,1.6
1996,bgdr106,1.3
1996,bgdt,1.8
1996,bgdtr,1.7
1996,bgdtu,3.3
2004,bgdr101,2.3
2004,bgdr102,1.9
2004,bgdr103,2.2
2004,bgdr104,2.3
2004,bgdr105,1.6
2004,bgdr106,1.5
2004,bgdt,2.0
2004,bgdtr,1.8
2004,bgdtu,3.0
2007,bgdr101,2.6
2007,bgdr102,1.8
2007,bgdr103,2.0
2007,bgdr104,1.7
2007,bgdr105,1.9
2007,bgdr106,1.7
2007,bgdt,1.9
2007,bgdtr,1.7
2007,bgdtu,3.1
2011,bgdr101,2.8
2011,bgdr102,2.3
2011,bgdr103,2.2
2011,bgdr104,2.4
2011,bgdr105,2.3
2011,bgdr106,1.8
2011,bgdt,2.3
2011,bgdtr,2.0
2011,bgdtu,3.5
2006,blzr101,5.6
2006,blzr102,8.0
2006,blzr103,5.4
2006,blzr104,6.3
2006,blzt,6.4
2006,blztr,5.5
2006,blztu,7.4
1998,bolr101,2.4
1998,bolr102,3.8
1998,bolr103,4.8
1998,bolr104,3.4
1998,bolr105,1.6
1998,bolr106,3.3
1998,bolr107,4.5
1998,bolr108,3.9
1998,bolr109,4.5
1998,bolt,3.7
1998,boltr,1.2
1998,boltu,5.7
2003,bolr101,2.5
2003,bolr102,3.2
2003,bolr103,3.9
2003,bolr104,3.5
2003,bolr105,1.7
2003,bolr106,3.2
2003,bolr107,4.6
2003,bolr108,4.4
2003,bolr109,2.8
2003,bolt,3.4
2003,boltr,1.4
2003,boltu,5.3
2008,bolr101,2.8
2008,bolr102,4.0
2008,bolr103,4.0
2008,bolr104,3.6
2008,bolr105,2.0
2008,bolr106,3.4
2008,bolr107,5.1
2008,bolr108,4.1
2008,bolr109,5.5
2008,bolt,3.8
2008,boltr,1.7
2008,boltu,6.0
1996,brar101,3.1
1996,brar102,1.2
1996,brar103,3.8
1996,brar104,1.3
1996,brar105,3.2
1996,brar106,1.1
1996,brar107,2.3
1996,brar108,1.0
1996,brar109,0.6
1996,brar110,1.8
1996,brar111,1.8
1996,brar112,1.8
1996,brar113,1.4
1996,brar114,1.5
1996,brar115,2.0
1996,brar116,1.5
1996,brar117,2.7
1996,brar118,1.8
1996,brar119,4.3
1996,brar120,3.2
1996,brar121,2.0
1996,brar122,3.7
1996,brar123,4.0
1996,brar124,2.9
1996,brar125,1.6
1996,brar126,1.9
1996,brar127,3.9
1996,brat,2.7
1996,bratr,1.2
1996,bratu,3.0
2000,brar101,1.6
2000,brar102,1.8
2000,brar103,2.7
2000,brar104,1.6
2000,brar105,2.5
2000,brar106,2.6
2000,brar107,1.7
2000,brar108,1.5
2000,brar109,1.7
2000,brar110,2.2
2000,brar111,2.3
2000,brar112,2.1
2000,brar113,2.6
2000,brar114,1.8
2000,brar115,2.2
2000,brar116,2.0
2000,brar117,3.0
2000,brar118,3.4
2000,brar119,5.3
2000,brar120,4.1
2000,brar121,3.0
2000,brar122,3.7
2000,brar123,3.9
2000,brar124,2.7
2000,brar125,2.6
2000,brar126,2.7
2000,brar127,5.6
2000,brat,3.3
2000,bratr,1.5
2000,bratu,3.7
2010,brar101,3.6
2010,brar102,4.2
2010,brar103,4.6
2010,brar104,4.7
2010,brar105,4.2
2010,brar106,4.2
2010,brar107,3.0
2010,brar108,3.4
2010,brar109,3.4
2010,brar110,4.1
2010,brar111,4.8
2010,brar112,4.1
2010,brar113,4.6
2010,brar114,3.8
2010,brar115,4.2
2010,brar116,4.0
2010,brar117,5.1
2010,brar118,5.3
2010,brar119,7.4
2010,brar120,6.4
2010,brar121,5.3
2010,brar122,5.9
2010,brar123,6.2
2010,brar124,5.0
2010,brar125,4.6
2010,brar126,4.8
2010,brar127,8.2
2010,brat,5.4
2010,bratr,2.8
2010,bratu,5.9
2010,btnr101,0.2
2010,btnr102,1.3
2010,btnr103,0.4
2010,btnr104,0.1
2010,btnr105,0.1
2010,btnr106,0.0
2010,btnr107,0.1
2010,btnr108,0.3
2010,btnr109,0.2
2010,btnr110,0.2
2010,btnr111,0.1
2010,btnr112,0.5
2010,btnr113,0.6
2010,btnr114,1.0
2010,btnr115,0.1
2010,btnr116,0.1
2010,btnr117,0.1
2010,btnr118,0.4
2010,btnr119,0.2
2010,btnr120,0.1
2010,btnt,0.3
2010,btntr,0.2
2010,btntu,1.6
2013,bwar101,2.5
2013,bwar102,3.5
2013,bwar103,2.3
2013,bwar104,2.4
2013,bwar105,3.0
2013,bwar106,4.2
2013,bwar107,3.6
2013,bwat,2.8
2013,bwatr,2.7
2013,bwatu,3.9
1994,cafr101,0.1
1994,cafr102,0.2
1994,cafr103,0.1
1994,cafr104,0.2
1994,cafr105,0.1
1994,cafr106,0.6
1994,caft,0.2
1994,caftr,0.1
1994,caftu,0.3
2006,cafr101,1.3
2006,cafr102,1.2
2006,cafr103,0.9
2006,cafr104,0.8
2006,cafr105,0.7
2006,cafr106,3.0
2006,caft,1.3
2006,caftr,0.7
2006,caftu,2.3
2010,cafr101,1.9
2010,cafr102,1.7
2010,cafr103,1.5
2010,cafr104,1.1
2010,cafr105,1.2
2010,cafr106,3.3
2010,caft,1.9
2010,caftr,1.3
2010,caftu,2.7
2002,chlr101,7.6
2002,chlr102,7.6
2002,chlr103,6.3
2002,chlr104,5.8
2002,chlr105,7.8
2002,chlr106,5.6
2002,chlr107,5.3
2002,chlr108,5.8
2002,chlr109,5.2
2002,chlr110,5.1
2002,chlr111,4.7
2002,chlr112,6.7
2002,chlr113,8.1
2002,chlt,6.9
2002,chltr,3.7
2002,chltu,7.5
2002,chnr101,5.7
2002,chnr102,4.6
2002,chnr103,3.8
2002,chnt,4.8
2002,chntr,3.1
2002,chntu,7.7
2012,chnr101,5.4
2012,chnr102,4.6
2012,chnr103,3.6
2012,chnt,4.9
2012,chntr,3.7
2012,chntu,6.2
1994,civr101,0.1
1994,civr102,0.2
1994,civr103,0.2
1994,civr104,0.2
1994,civr105,0.1
1994,civr106,0.1
1994,civr107,0.0
1994,civr108,0.3
1994,civr109,0.5
1994,civr110,0.2
1994,civt,0.3
1994,civtr,0.2
1994,civtu,0.6
1999,civr101,0.0
1999,civr102,0.0
1999,civr103,0.1
1999,civr104,0.2
1999,civr105,0.1
1999,civr106,0.1
1999,civr107,0.1
1999,civr108,0.2
1999,civr109,0.7
1999,civr110,1.8
1999,civt,0.3
1999,civtr,0.1
1999,civtu,1.0
2005,civr101,0.6
2005,civr102,0.3
2005,civr103,0.3
2005,civr104,0.7
2005,civr105,0.1
2005,civr106,0.1
2005,civr107,0.0
2005,civr108,0.3
2005,civr109,1.3
2005,civr110,0.4
2005,civt,0.7
2005,civtr,0.4
2005,civtu,1.4
2011,civr101,1.0
2011,civr102,1.4
2011,civr103,0.8
2011,civr104,1.1
2011,civr105,0.3
2011,civr106,0.4
2011,civr107,0.4
2011,civr108,0.7
2011,civr109,2.3
2011,civr110,0.9
2011,civt,1.2
2011,civtr,0.7
2011,civtu,2.0
1998,cmrr101,0.1
1998,cmrr102,1.6
1998,cmrr103,0.7
1998,cmrr104,0.0
1998,cmrr105,1.5
1998,cmrr106,0.1
1998,cmrr107,1.2
1998,cmrr108,0.7
1998,cmrr109,1.8
1998,cmrr110,1.7
1998,cmrt,1.0
1998,cmrtr,0.9
1998,cmrtu,1.5
2004,cmrr101,0.3
2004,cmrr102,2.8
2004,cmrr103,1.4
2004,cmrr104,0.1
2004,cmrr105,3.1
2004,cmrr106,0.2
2004,cmrr107,1.5
2004,cmrr108,1.1
2004,cmrr109,3.4
2004,cmrr110,2.7
2004,cmrt,1.5
2004,cmrtr,1.1
2004,cmrtu,2.5
2011,cmrr101,0.7
2011,cmrr102,4.3
2011,cmrr103,2.7
2011,cmrr104,0.2
2011,cmrr105,3.9
2011,cmrr106,0.6
2011,cmrr107,2.1
2011,cmrr108,1.9
2011,cmrr109,4.3
2011,cmrr110,3.4
2011,cmrt,2.2
2011,cmrtr,1.6
2011,cmrtu,3.4
2007,codr101,5.8
2007,codr102,2.8
2007,codr103,2.6
2007,codr104,2.7
2007,codr105,1.6
2007,codr106,1.2
2007,codr107,1.8
2007,codr108,2.3
2007,codr109,4.3
2007,codr110,3.4
2007,codr111,3.2
2007,codt,3.1
2007,codtr,2.1
2007,codtu,4.5
2010,codr101,6.2
2010,codr102,2.7
2010,codr103,3.4
2010,codr104,2.1
2010,codr105,2.1
2010,codr106,1.8
2010,codr107,1.9
2010,codr108,2.8
2010,codr109,3.4
2010,codr110,3.9
2010,codr111,3.5
2010,codt,3.2
2010,codtr,2.4
2010,codtu,4.9
2013,codr101,7.5
2013,codr102,4.0
2013,codr103,3.7
2013,codr104,3.2
2013,codr105,3.5
2013,codr106,2.7
2013,codr107,2.0
2013,codr108,3.6
2013,codr109,4.2
2013,codr110,4.7
2013,codr111,4.4
2013,codt,4.0
2013,codtr,3.1
2013,codtu,5.8
2005,cogr101,3.3
2005,cogr102,2.6
2005,cogr103,1.4
2005,cogr104,1.7
2005,cogt,2.1
2005,cogtr,1.4
2005,cogtu,3.0
2011,cogr101,4.7
2011,cogr102,4.9
2011,cogr103,2.1
2011,cogr104,1.8
2011,cogt,3.2
2011,cogtr,1.8
2011,cogtu,4.5
1995,colr101,2.9
1995,colr102,2.3
1995,colr103,3.5
1995,colr104,3.4
1995,colr105,6.6
1995,colt,3.5
1995,coltr,1.6
1995,coltu,4.6
2000,colr101,3.3
2000,colr102,2.6
2000,colr103,4.0
2000,colr104,3.5
2000,colr105,5.4
2000,colt,3.6
2000,coltr,1.8
2000,coltu,4.5
2005,colr101,3.5
2005,colr102,3.1
2005,colr103,3.8
2005,colr104,4.1
2005,colr105,6.0
2005,colr106,3.3
2005,colt,4.0
2005,coltr,1.9
2005,coltu,4.7
2010,colr101,3.6
2010,colr102,3.5
2010,colr103,4.2
2010,colr104,4.2
2010,colr105,6.8
2010,colr106,3.0
2010,colt,4.3
2010,coltr,2.3
2010,coltu,5.1
1996,comr101,0.3
1996,comr102,0.3
1996,comr103,0.3
1996,comt,0.3
1996,comtr,0.1
1996,comtu,0.9
2012,comr101,1.0
2012,comr102,0.9
2012,comr103,0.7
2012,comt,0.9
2012,comtr,0.6
2012,comtu,1.6
2013,cpvr101,2.2
2013,cpvr102,3.7
2013,cpvr103,1.5
2013,cpvr104,4.2
2013,cpvr105,3.1
2013,cpvt,2.9
2013,cpvtr,1.6
2013,cpvtu,3.7
2011,crir101,7.3
2011,crir102,5.3
2011,crir103,4.6
2011,crir104,6.5
2011,crir105,4.1
2011,crir106,4.3
2011,crir107,3.9
2011,crit,5.8
2011,critr,4.0
2011,critu,6.9
2011,cubr101,7.7
2011,cubr102,9.8
2011,cubr103,7.3
2011,cubr104,7.3
2011,cubt,7.9
2011,cubtr,6.1
2011,cubtu,8.5
1996,domr101,4.0
1996,domr102,3.0
1996,domr103,2.8
1996,domr104,1.9
1996,domr105,2.1
1996,domr106,2.8
1996,domr107,1.9
1996,domr108,2.0
1996,domr109,2.6
1996,domt,2.9
1996,domtr,1.5
1996,domtu,4.0
2002,domr101,5.2
2002,domr102,2.6
2002,domr103,3.0
2002,domr104,2.6
2002,domr105,2.6
2002,domr106,3.3
2002,domr107,2.3
2002,domr108,2.7
2002,domr109,2.9
2002,domt,3.5
2002,domtr,2.3
2002,domtu,4.3
2007,domr101,5.4
2007,domr102,2.9
2007,domr103,4.1
2007,domr104,3.3
2007,domr105,3.4
2007,domr106,3.6
2007,domr107,2.6
2007,domr108,3.4
2007,domr109,3.3
2007,domt,4.1
2007,domtr,2.5
2007,domtu,4.8
2013,domr101,6.1
2013,domr102,3.6
2013,domr103,4.7
2013,domr104,4.3
2013,domr105,3.8
2013,domr106,4.4
2013,domr107,3.0
2013,domr108,3.7
2013,domr109,4.0
2013,domt,4.7
2013,domtr,3.3
2013,domtu,5.4
2002,dzar101,1.0
2002,dzar102,0.6
2002,dzar103,0.6
2002,dzar104,0.3
2002,dzar105,0.5
2002,dzar106,0.5
2002,dzar107,0.4
2002,dzat,0.6
2002,dzatr,0.2
2002,dzatu,0.9
2013,dzar101,1.7
2013,dzar102,1.7
2013,dzar103,1.8
2013,dzar104,0.7
2013,dzar105,0.9
2013,dzar106,0.8
2013,dzar107,1.1
2013,dzat,1.5
2013,dzatr,0.5
2013,dzatu,2.0
1995,egyr101,4.9
1995,egyr102,3.1
1995,egyr103,3.2
1995,egyr104,2.2
1995,egyr105,2.2
1995,egyr106,2.2
1995,egyr107,1.5
1995,egyr108,2.2
1995,egyr109,0.7
1995,egyr110,1.7
1995,egyr111,1.3
1995,egyr112,1.6
1995,egyr113,2.7
1995,egyr114,1.9
1995,egyr115,1.0
1995,egyr116,1.0
1995,egyr117,2.1
1995,egyr118,1.4
1995,egyr119,1.2
1995,egyr120,0.4
1995,egyr121,0.9
1995,egyr122,1.8
1995,egyt,2.1
1995,egytr,0.9
1995,egytu,3.6
2000,egyr101,5.3
2000,egyr102,4.5
2000,egyr103,3.3
2000,egyr104,2.0
2000,egyr105,2.0
2000,egyr106,1.5
2000,egyr107,1.7
2000,egyr108,2.4
2000,egyr109,1.4
2000,egyr110,2.1
2000,egyr111,1.5
2000,egyr112,1.2
2000,egyr113,2.8
2000,egyr114,2.8
2000,egyr115,1.8
2000,egyr116,1.2
2000,egyr117,0.9
2000,egyr118,1.2
2000,egyr119,0.8
2000,egyr120,0.7
2000,egyr121,1.2
2000,egyr122,1.9
2000,egyt,2.3
2000,egytr,0.9
2000,egytu,4.1
2005,egyr101,6.3
2005,egyr102,5.1
2005,egyr103,3.4
2005,egyr104,3.7
2005,egyr105,2.3
2005,egyr106,1.9
2005,egyr107,2.3
2005,egyr108,2.5
2005,egyr109,0.9
2005,egyr110,2.5
2005,egyr111,2.8
2005,egyr112,1.8
2005,egyr113,3.1
2005,egyr114,3.3
2005,egyr115,1.5
2005,egyr116,1.4
2005,egyr117,1.4
2005,egyr118,1.2
2005,egyr119,1.2
2005,egyr120,1.9
2005,egyr121,2.2
2005,egyr122,1.6
2005,egyt,2.9
2005,egytr,1.2
2005,egytu,4.9
2008,egyr101,5.9
2008,egyr102,5.5
2008,egyr103,5.2
2008,egyr104,3.5
2008,egyr105,3.0
2008,egyr106,3.0
2008,egyr107,2.4
2008,egyr108,2.4
2008,egyr109,3.5
2008,egyr110,3.0
2008,egyr111,2.5
2008,egyr112,2.4
2008,egyr113,2.9
2008,egyr114,4.0
2008,egyr115,2.0
2008,egyr116,1.4
2008,egyr117,1.8
2008,egyr118,1.6
2008,egyr119,1.6
2008,egyr120,2.1
2008,egyr121,1.8
2008,egyr122,3.0
2008,egyt,3.3
2008,egytr,1.3
2008,egytu,5.3
2014,egyr101,6.6
2014,egyr102,7.5
2014,egyr103,7.1
2014,egyr104,5.1
2014,egyr105,2.7
2014,egyr106,3.5
2014,egyr107,3.0
2014,egyr108,4.0
2014,egyr109,1.9
2014,egyr110,3.9
2014,egyr111,4.0
2014,egyr112,3.0
2014,egyr113,4.8
2014,egyr114,5.0
2014,egyr115,2.5
2014,egyr116,2.8
2014,egyr117,2.7
2014,egyr118,2.7
2014,egyr119,3.1
2014,egyr120,1.9
2014,egyr121,3.9
2014,egyr122,2.2
2014,egyt,4.1
2014,egytr,2.0
2014,egytu,6.4
2000,ethr101,0.0
2000,ethr102,0.2
2000,ethr103,0.0
2000,ethr104,0.1
2000,ethr105,0.1
2000,ethr106,0.0
2000,ethr107,0.2
2000,ethr108,0.3
2000,ethr109,0.8
2000,ethr110,1.5
2000,ethr111,0.4
2000,etht,0.1
2000,ethtr,0.1
2000,ethtu,0.7
2005,ethr101,0.2
2005,ethr102,0.2
2005,ethr103,0.1
2005,ethr104,0.2
2005,ethr105,0.0
2005,ethr106,0.1
2005,ethr107,0.2
2005,ethr108,0.4
2005,ethr109,1.1
2005,ethr110,2.8
2005,ethr111,0.8
2005,etht,0.2
2005,ethtr,0.1
2005,ethtu,1.6
2011,ethr101,0.2
2011,ethr102,0.4
2011,ethr103,0.2
2011,ethr104,0.4
2011,ethr105,0.4
2011,ethr106,0.2
2011,ethr107,0.4
2011,ethr108,0.5
2011,ethr109,1.7
2011,ethr110,2.8
2011,ethr111,1.3
2011,etht,0.4
2011,ethtr,0.2
2011,ethtu,1.7
2000,gabr101,0.9
2000,gabr102,0.6
2000,gabr103,1.4
2000,gabr104,0.4
2000,gabr105,0.5
2000,gabr106,0.7
2000,gabr107,0.2
2000,gabr108,0.6
2000,gabr109,1.8
2000,gabr110,2.9
2000,gabt,1.2
2000,gabtr,0.8
2000,gabtu,1.8
2012,gabr101,3.0
2012,gabr102,2.4
2012,gabr103,2.5
2012,gabr104,1.5
2012,gabr105,1.2
2012,gabr106,3.0
2012,gabr107,1.9
2012,gabr108,2.1
2012,gabr109,3.2
2012,gabr110,5.7
2012,gabt,3.4
2012,gabtr,2.1
2012,gabtu,4.3
2005,geor102,8.3
2005,geor103,8.6
2005,geor104,8.5
2005,geor105,8.3
2005,geor106,7.1
2005,geor107,8.6
2005,geor108,8.0
2005,geor109,8.8
2005,geor110,7.8
2005,geor111,8.4
2005,geor112,10.9
2005,geot,8.8
2005,geotr,8.0
2005,geotu,10.1
1998,ghar101,2.1
1998,ghar102,1.8
1998,ghar103,4.7
1998,ghar104,2.6
1998,ghar105,3.4
1998,ghar106,2.1
1998,ghar107,1.9
1998,ghar108,0.2
1998,ghar109,0.4
1998,ghar110,0.2
1998,ghat,2.2
1998,ghatr,1.6
1998,ghatu,3.8
2003,ghar101,1.9
2003,ghar102,1.8
2003,ghar103,4.8
2003,ghar104,2.7
2003,ghar105,3.0
2003,ghar106,2.7
2003,ghar107,1.1
2003,ghar108,0.2
2003,ghar109,0.2
2003,ghar110,0.2
2003,ghat,2.2
2003,ghatr,1.4
2003,ghatu,3.4
2006,ghar101,3.9
2006,ghar102,2.6
2006,ghar103,6.3
2006,ghar104,2.3
2006,ghar105,3.8
2006,ghar106,3.7
2006,ghar107,1.7
2006,ghar108,0.6
2006,ghar109,0.7
2006,ghar110,0.5
2006,ghat,3.1
2006,ghatr,1.9
2006,ghatu,5.0
2008,ghar101,4.5
2008,ghar102,3.0
2008,ghar103,7.0
2008,ghar104,3.2
2008,ghar105,4.1
2008,ghar106,4.0
2008,ghar107,2.6
2008,ghar108,0.7
2008,ghar109,0.5
2008,ghar110,0.7
2008,ghat,3.5
2008,ghatr,2.5
2008,ghatu,5.0
2011,ghar101,3.4
2011,ghar102,3.5
2011,ghar103,6.9
2011,ghar104,3.8
2011,ghar105,3.9
2011,ghar106,4.0
2011,ghar107,2.1
2011,ghar108,0.7
2011,ghar109,0.8
2011,ghar110,0.6
2011,ghat,3.4
2011,ghatr,2.4
2011,ghatu,4.7
2014,ghar101,5.0
2014,ghar102,3.9
2014,ghar103,6.8
2014,ghar104,4.1
2014,ghar105,5.4
2014,ghar106,4.9
2014,ghar107,3.6
2014,ghar108,0.8
2014,ghar109,0.9
2014,ghar110,1.0
2014,ghat,4.3
2014,ghatr,3.0
2014,ghatu,5.7
2005,ginr101,0.1
2005,ginr102,2.0
2005,ginr103,0.3
2005,ginr104,0.3
2005,ginr105,0.1
2005,ginr106,0.1
2005,ginr107,0.1
2005,ginr108,0.5
2005,gint,0.4
2005,gintr,0.1
2005,gintu,1.4
2012,ginr101,0.9
2012,ginr102,4.3
2012,ginr103,0.7
2012,ginr104,0.6
2012,ginr105,0.7
2012,ginr106,0.5
2012,ginr107,0.4
2012,ginr108,0.8
2012,gint,1.1
2012,gintr,0.4
2012,gintu,3.3
2000,gmbr101,3.1
2000,gmbr102,2.4
2000,gmbr103,0.6
2000,gmbr104,0.2
2000,gmbr105,0.4
2000,gmbr106,0.4
2000,gmbr107,0.8
2000,gmbr108,0.7
2000,gmbt,1.2
2000,gmbtr,0.5
2000,gmbtu,2.4
2006,gmbr101,2.3
2006,gmbr102,2.2
2006,gmbr103,1.1
2006,gmbr104,2.9
2006,gmbr105,0.1
2006,gmbr106,0.1
2006,gmbr107,5.0
2006,gmbr108,1.0
2006,gmbt,1.6
2006,gmbtr,1.4
2006,gmbtu,1.9
2013,gmbr101,3.9
2013,gmbr102,3.1
2013,gmbr103,1.3
2013,gmbr104,0.4
2013,gmbr105,0.3
2013,gmbr106,0.2
2013,gmbr107,0.2
2013,gmbr108,0.1
2013,gmbt,1.0
2013,gmbtr,0.2
2013,gmbtu,2.1
2006,gnbr101,0.6
2006,gnbr102,0.8
2006,gnbr103,0.2
2006,gnbr104,0.1
2006,gnbr105,0.4
2006,gnbr106,0.3
2006,gnbr107,0.1
2006,gnbr108,0.4
2006,gnbr109,2.0
2006,gnbt,0.5
2006,gnbtr,0.2
2006,gnbtu,1.5
1995,gtmr101,4.2
1995,gtmr102,0.6
1995,gtmr103,1.1
1995,gtmr104,0.9
1995,gtmr105,2.0
1995,gtmr106,1.0
1995,gtmr107,0.6
1995,gtmt,2.0
1995,gtmtr,0.8
1995,gtmtu,3.5
1999,gtmr101,3.2
1999,gtmr102,1.2
1999,gtmr103,1.0
1999,gtmr104,1.7
1999,gtmr105,2.2
1999,gtmr106,1.6
1999,gtmr107,0.6
1999,gtmr108,0.7
1999,gtmt,1.9
1999,gtmtr,0.9
1999,gtmtu,3.1
2009,guyr101,4.5
2009,guyr102,5.0
2009,guyr103,5.5
2009,guyr104,7.3
2009,guyr105,6.7
2009,guyr106,6.0
2009,guyr107,5.7
2009,guyr108,4.6
2009,guyr109,5.1
2009,guyr110,8.5
2009,guyt,6.5
2009,guytr,5.9
2009,guytu,8.0
2005,hndr101,3.1
2005,hndr102,2.1
2005,hndr103,2.4
2005,hndr104,1.4
2005,hndr105,3.1
2005,hndr106,1.9
2005,hndr107,1.5
2005,hndr108,4.6
2005,hndr110,1.5
2005,hndr112,1.9
2005,hndr113,1.6
2005,hndr114,1.9
2005,hndr115,1.2
2005,hndr116,1.0
2005,hndr117,1.4
2005,hndr118,2.4
2005,hndt,2.6
2005,hndtr,1.2
2005,hndtu,4.1
2011,hndr101,3.6
2011,hndr102,2.1
2011,hndr103,2.8
2011,hndr104,1.8
2011,hndr105,4.0
2011,hndr106,2.2
2011,hndr107,2.2
2011,hndr108,5.0
2011,hndr109,2.5
2011,hndr110,2.1
2011,hndr111,4.9
2011,hndr112,2.4
2011,hndr113,1.9
2011,hndr114,2.6
2011,hndr115,2.3
2011,hndr116,2.0
2011,hndr117,2.1
2011,hndr118,2.7
2011,hndt,3.2
2011,hndtr,1.7
2011,hndtu,4.6
1994,htir101,2.0
1994,htir102,0.5
1994,htir103,0.6
1994,htir104,1.2
1994,htir105,0.6
1994,htir106,0.6
1994,htir107,1.1
1994,htir108,0.6
1994,htir109,0.2
1994,htit,1.0
1994,htitr,0.4
1994,htitu,2.7
2000,htir101,2.2
2000,htir102,0.4
2000,htir103,1.0
2000,htir104,0.7
2000,htir105,0.6
2000,htir106,0.6
2000,htir107,0.7
2000,htir108,0.6
2000,htir109,0.7
2000,htit,1.1
2000,htitr,0.4
2000,htitu,3.1
2005,htir101,2.0
2005,htir102,0.6
2005,htir103,1.2
2005,htir104,1.1
2005,htir105,0.9
2005,htir106,0.8
2005,htir107,0.9
2005,htir108,0.6
2005,htir109,0.6
2005,htit,1.2
2005,htitr,0.6
2005,htitu,2.7
2012,htir101,2.3
2012,htir102,1.0
2012,htir103,1.4
2012,htir104,0.9
2012,htir105,0.9
2012,htir106,0.8
2012,htir107,1.3
2012,htir108,0.9
2012,htir109,0.7
2012,htir110,2.0
2012,htit,1.4
2012,htitr,0.8
2012,htitu,3.0
1997,idnr101,2.4
1997,idnr102,4.2
1997,idnr103,3.9
1997,idnr104,3.0
1997,idnr105,3.4
1997,idnr106,3.1
1997,idnr107,2.3
1997,idnr108,1.9
1997,idnr110,5.9
1997,idnr111,2.5
1997,idnr112,1.9
1997,idnr113,2.0
1997,idnr114,1.6
1997,idnr116,1.7
1997,idnr117,1.4
1997,idnr118,2.4
1997,idnr119,0.3
1997,idnr120,1.5
1997,idnr121,3.2
1997,idnr122,1.9
1997,idnr123,2.8
1997,idnr124,4.6
1997,idnr125,3.2
1997,idnr126,1.6
1997,idnr127,2.4
1997,idnr129,4.1
1997,idnr130,3.0
1997,idnt,2.3
1997,idntr,1.7
1997,idntu,3.9
2003,idnr102,4.1
2003,idnr103,4.2
2003,idnr104,4.1
2003,idnr105,4.3
2003,idnr106,3.5
2003,idnr107,2.8
2003,idnr108,2.8
2003,idnr109,3.1
2003,idnr110,6.3
2003,idnr111,2.8
2003,idnr112,2.3
2003,idnr113,2.7
2003,idnr114,2.2
2003,idnr115,3.2
2003,idnr116,3.1
2003,idnr117,1.0
2003,idnr118,2.4
2003,idnr120,2.3
2003,idnr121,3.9
2003,idnr122,3.3
2003,idnr123,3.6
2003,idnr124,6.0
2003,idnr125,3.5
2003,idnr126,2.8
2003,idnr127,2.0
2003,idnr128,4.0
2003,idnt,2.8
2003,idntr,2.0
2003,idntu,4.0
2007,idnr101,3.4
2007,idnr102,5.6
2007,idnr103,4.5
2007,idnr104,3.7
2007,idnr105,3.3
2007,idnr106,3.9
2007,idnr107,3.2
2007,idnr108,3.4
2007,idnr109,3.3
2007,idnr110,6.8
2007,idnr111,4.1
2007,idnr112,2.7
2007,idnr113,3.6
2007,idnr114,2.6
2007,idnr115,3.0
2007,idnr116,2.7
2007,idnr117,2.8
2007,idnr118,3.0
2007,idnr120,2.6
2007,idnr121,4.4
2007,idnr122,2.8
2007,idnr123,3.3
2007,idnr124,6.4
2007,idnr125,4.4
2007,idnr126,3.0
2007,idnr127,3.0
2007,idnr128,4.1
2007,idnr129,5.1
2007,idnr130,3.7
2007,idnt,3.4
2007,idntr,2.6
2007,idntu,4.8
2012,idnr101,4.3
2012,idnr102,5.1
2012,idnr103,5.8
2012,idnr104,4.8
2012,idnr105,3.8
2012,idnr106,4.5
2012,idnr107,4.4
2012,idnr108,3.4
2012,idnr109,4.2
2012,idnr110,8.0
2012,idnr111,4.3
2012,idnr112,3.3
2012,idnr113,4.6
2012,idnr114,3.0
2012,idnr115,4.0
2012,idnr116,3.5
2012,idnr117,2.7
2012,idnr118,3.3
2012,idnr120,3.3
2012,idnr121,3.9
2012,idnr122,3.9
2012,idnr123,4.1
2012,idnr124,7.3
2012,idnr125,4.7
2012,idnr126,4.0
2012,idnr127,3.9
2012,idnr128,4.7
2012,idnr129,5.7
2012,idnr130,4.8
2012,idnt,3.9
2012,idntr,2.9
2012,idntu,5.3
1992,indr101,1.5
1992,indr102,2.0
1992,indr103,1.9
1992,indr104,2.9
1992,indr105,2.1
1992,indr106,1.4
1992,indr107,1.3
1992,indr108,1.5
1992,indr109,1.8
1992,indr110,3.2
1992,indr111,1.3
1992,indr112,1.9
1992,indr113,1.9
1992,indr114,1.6
1992,indr115,2.5
1992,indr116,2.4
1992,indr117,1.3
1992,indr118,1.4
1992,indr119,1.0
1992,indr121,2.3
1992,indr122,2.9
1992,indr123,1.6
1992,indr124,4.8
1992,indr125,0.5
1992,indr126,2.2
1992,indt,1.8
1992,indtr,1.2
1992,indtu,3.8
1999,indr101,1.8
1999,indr102,2.4
1999,indr103,2.1
1999,indr104,3.4
1999,indr105,2.8
1999,indr106,2.1
1999,indr107,2.0
1999,indr108,1.7
1999,indr109,2.5
1999,indr110,3.8
1999,indr111,1.6
1999,indr112,2.4
1999,indr113,2.6
1999,indr114,1.9
1999,indr115,2.9
1999,indr116,1.6
1999,indr117,1.7
1999,indr118,2.2
1999,indr119,1.6
1999,indr120,1.2
1999,indr121,2.7
1999,indr122,3.1
1999,indr123,1.9
1999,indr124,5.8
1999,indr125,0.6
1999,indr126,2.6
1999,indt,2.3
1999,indtr,1.6
1999,indtu,4.5
2006,indr101,1.8
2006,indr102,2.9
2006,indr103,2.2
2006,indr104,3.7
2006,indr105,2.5
2006,indr106,2.1
2006,indr107,2.7
2006,indr108,2.5
2006,indr109,2.6
2006,indr110,4.4
2006,indr111,2.0
2006,indr112,3.0
2006,indr113,3.3
2006,indr114,2.9
2006,indr115,3.7
2006,indr116,2.3
2006,indr117,1.8
2006,indr118,2.5
2006,indr119,1.7
2006,indr120,1.6
2006,indr121,3.1
2006,indr122,3.5
2006,indr123,2.1
2006,indr124,6.7
2006,indr125,0.8
2006,indr126,2.6
2006,indt,2.5
2006,indtr,1.6
2006,indtu,4.8
2006,irnr101,1.5
2006,irnr102,1.8
2006,irnr103,1.9
2006,irnr104,1.8
2006,irnr105,1.3
2006,irnr106,1.4
2006,irnr107,1.5
2006,irnr108,2.4
2006,irnr109,1.6
2006,irnr110,2.2
2006,irnr111,2.6
2006,irnr112,0.7
2006,irnr113,0.8
2006,irnr114,1.3
2006,irnr115,0.9
2006,irnr116,1.2
2006,irnr117,0.8
2006,irnr118,0.6
2006,irnr119,1.5
2006,irnr120,1.0
2006,irnr121,2.3
2006,irnr122,1.7
2006,irnr123,0.8
2006,irnr124,2.6
2006,irnr125,1.1
2006,irnr126,2.1
2006,irnr127,1.5
2006,irnr128,1.4
2006,irnr129,0.9
2006,irnr130,1.0
2006,irnt,1.8
2006,irntr,1.0
2006,irntu,2.6
2006,irqr101,1.0
2006,irqr102,1.9
2006,irqr103,1.3
2006,irqr104,2.4
2006,irqr105,1.3
2006,irqr106,2.3
2006,irqr107,3.1
2006,irqr108,3.3
2006,irqr109,2.0
2006,irqr110,2.0
2006,irqr111,1.3
2006,irqr112,2.0
2006,irqr113,1.5
2006,irqr114,1.2
2006,irqr115,0.8
2006,irqr116,1.3
2006,irqr117,1.2
2006,irqr118,2.5
2006,irqt,2.1
2006,irqtr,0.7
2006,irqtu,2.8
2002,jorr101,4.6
2002,jorr102,2.5
2002,jorr103,3.3
2002,jorr104,2.0
2002,jorr105,2.6
2002,jorr106,1.3
2002,jorr107,1.6
2002,jorr108,2.9
2002,jorr109,1.5
2002,jorr110,1.7
2002,jorr111,1.3
2002,jorr112,3.1
2002,jort,3.4
2002,jortr,1.2
2002,jortu,3.9
2007,jorr101,6.0
2007,jorr102,3.4
2007,jorr103,4.1
2007,jorr104,3.1
2007,jorr105,3.4
2007,jorr106,1.9
2007,jorr107,3.2
2007,jorr108,3.7
2007,jorr109,2.6
2007,jorr110,2.0
2007,jorr111,2.1
2007,jorr112,3.4
2007,jort,4.5
2007,jortr,1.9
2007,jortu,5.0
2012,jorr101,7.8
2012,jorr102,4.4
2012,jorr103,5.2
2012,jorr104,4.3
2012,jorr105,5.5
2012,jorr106,2.7
2012,jorr107,3.0
2012,jorr108,3.2
2012,jorr109,3.2
2012,jorr110,3.6
2012,jorr111,3.3
2012,jorr112,4.0
2012,jort,6.0
2012,jortr,3.0
2012,jortu,6.6
1995,kazr101,8.5
1995,kazr102,5.1
1995,kazr103,5.8
1995,kazr104,6.3
1995,kazr105,6.0
1995,kazr106,6.1
1995,kazt,5.9
1995,kaztr,4.9
1995,kaztu,6.8
1999,kazr101,9.5
1999,kazr102,7.3
1999,kazr103,7.1
1999,kazr104,7.2
1999,kazr105,6.9
1999,kazr106,7.2
1999,kazt,7.3
1999,kaztr,6.4
1999,kaztu,8.0
2006,kazr101,11.6
2006,kazr102,8.7
2006,kazr103,9.4
2006,kazr104,9.3
2006,kazr105,8.4
2006,kazr106,8.6
2006,kazt,9.0
2006,kaztr,7.9
2006,kaztu,9.7
1993,kenr101,5.6
1993,kenr102,1.6
1993,kenr103,1.3
1993,kenr104,0.8
1993,kenr105,1.0
1993,kenr106,0.9
1993,kenr107,1.4
1993,kent,1.2
1993,kentr,1.0
1993,kentu,4.0
1998,kenr101,4.5
1998,kenr102,2.1
1998,kenr103,1.3
1998,kenr104,1.0
1998,kenr105,1.6
1998,kenr106,1.0
1998,kenr107,2.3
1998,kent,1.6
1998,kentr,1.5
1998,kentu,2.9
2003,kenr101,6.1
2003,kenr102,2.6
2003,kenr103,1.4
2003,kenr104,1.3
2003,kenr105,2.3
2003,kenr106,1.2
2003,kenr107,2.9
2003,kenr108,0.1
2003,kent,2.0
2003,kentr,1.9
2003,kentu,4.0
2008,kenr101,10.0
2008,kenr102,3.9
2008,kenr103,2.3
2008,kenr104,2.5
2008,kenr105,3.1
2008,kenr106,2.4
2008,kenr107,3.7
2008,kenr108,0.1
2008,kent,3.0
2008,kentr,2.7
2008,kentu,6.6
2014,kenr101,8.0
2014,kenr102,4.7
2014,kenr103,2.6
2014,kenr104,3.1
2014,kenr105,4.0
2014,kenr106,3.0
2014,kenr107,4.3
2014,kenr108,0.2
2014,kent,3.6
2014,kentr,3.2
2014,kentu,5.2
1997,kgzr101,9.3
1997,kgzr102,6.6
1997,kgzr103,7.0
1997,kgzr104,6.1
1997,kgzt,6.8
1997,kgztr,6.1
1997,kgztu,8.0
2006,kgzr101,11.2
2006,kgzr102,8.6
2006,kgzr103,8.2
2006,kgzr104,7.0
2006,kgzt,8.1
2006,kgztr,7.4
2006,kgztu,9.4
2012,kgzr101,11.4
2012,kgzr102,9.4
2012,kgzr103,9.0
2012,kgzr104,8.1
2012,kgzt,9.0
2012,kgztr,8.5
2012,kgztu,10.1
2000,khmr101,1.2
2000,khmr102,1.2
2000,khmr103,1.0
2000,khmr104,1.0
2000,khmr105,1.5
2000,khmr106,1.0
2000,khmr107,1.4
2000,khmr108,2.9
2000,khmr109,1.6
2000,khmr110,1.0
2000,khmr111,1.5
2000,khmr112,1.2
2000,khmr113,1.9
2000,khmr114,1.5
2000,khmr115,1.2
2000,khmr116,0.5
2000,khmr117,0.9
2000,khmt,1.4
2000,khmtr,1.2
2000,khmtu,2.2
2005,khmr101,1.2
2005,khmr102,2.0
2005,khmr103,1.4
2005,khmr104,1.7
2005,khmr105,1.8
2005,khmr106,1.9
2005,khmr107,1.2
2005,khmr108,3.8
2005,khmr109,2.2
2005,khmr110,2.0
2005,khmr111,1.7
2005,khmr112,2.2
2005,khmr113,2.2
2005,khmr114,1.5
2005,khmr115,1.7
2005,khmr116,1.0
2005,khmr117,1.6
2005,khmt,2.0
2005,khmtr,1.8
2005,khmtu,3.1
2010,khmr101,1.7
2010,khmr102,2.1
2010,khmr103,2.2
2010,khmr104,2.5
2010,khmr105,2.1
2010,khmr106,2.8
2010,khmr107,1.6
2010,khmr108,4.5
2010,khmr109,2.3
2010,khmr110,2.3
2010,khmr111,1.6
2010,khmr112,2.2
2010,khmr113,2.4
2010,khmr114,2.2
2010,khmr115,2.6
2010,khmr116,1.8
2010,khmr117,2.2
2010,khmt,2.5
2010,khmtr,2.2
2010,khmtu,3.9
2014,khmr101,2.7
2014,khmr102,2.2
2014,khmr103,2.4
2014,khmr104,2.9
2014,khmr105,2.7
2014,khmr106,2.8
2014,khmr107,2.8
2014,khmr108,4.9
2014,khmr109,3.4
2014,khmr110,2.6
2014,khmr111,2.8
2014,khmr112,2.7
2014,khmr113,2.9
2014,khmr114,2.5
2014,khmr115,2.6
2014,khmr116,2.1
2014,khmr117,2.5
2014,khmt,2.9
2014,khmtr,2.6
2014,khmtu,4.6
2012,laor101,4.0
2012,laor102,1.3
2012,laor103,1.6
2012,laor104,1.2
2012,laor105,1.3
2012,laor106,2.1
2012,laor107,1.8
2012,laor108,1.7
2012,laor109,1.9
2012,laor110,2.5
2012,laor111,2.1
2012,laor112,1.8
2012,laor113,1.8
2012,laor114,1.8
2012,laor115,2.2
2012,laor116,2.3
2012,laor117,2.3
2012,laot,2.2
2012,laotr,1.6
2012,laotu,3.6
2007,lbrr201,4.3
2007,lbrr202,1.6
2007,lbrr203,1.3
2007,lbrr204,1.1
2007,lbrr205,2.1
2007,lbrr206,0.8
2007,lbrt,1.7
2007,lbrtr,1.0
2007,lbrtu,3.9
2013,lbrr101,1.5
2013,lbrr102,1.2
2013,lbrr103,1.1
2013,lbrr104,1.4
2013,lbrr105,0.6
2013,lbrr106,1.9
2013,lbrr107,2.2
2013,lbrr108,0.8
2013,lbrr109,2.2
2013,lbrr110,2.8
2013,lbrr111,4.2
2013,lbrr112,1.7
2013,lbrr113,1.0
2013,lbrr114,2.1
2013,lbrr115,2.3
2013,lbrt,2.2
2013,lbrtr,1.4
2013,lbrtu,3.1
2004,lsor101,2.8
2004,lsor102,2.8
2004,lsor103,3.1
2004,lsor104,3.8
2004,lsor105,2.9
2004,lsor106,2.5
2004,lsor107,2.2
2004,lsor108,2.5
2004,lsor109,2.2
2004,lsor110,2.0
2004,lsot,2.9
2004,lsotr,2.6
2004,lsotu,5.2
2010,lsor101,3.4
2010,lsor102,3.5
2010,lsor103,4.4
2010,lsor104,4.1
2010,lsor105,3.4
2010,lsor106,3.3
2010,lsor107,2.5
2010,lsor108,2.8
2010,lsor109,2.7
2010,lsor110,2.1
2010,lsot,3.4
2010,lsotr,3.0
2010,lsotu,6.1
1992,marr101,0.2
1992,marr102,0.1
1992,marr103,0.3
1992,marr104,0.0
1992,marr105,0.1
1992,marr106,0.1
1992,marr107,0.1
1992,mart,0.2
1992,martr,0.0
1992,martu,0.4
2003,marr101,1.0
2003,marr102,0.3
2003,marr103,0.8
2003,marr104,0.7
2003,marr105,0.3
2003,marr106,0.3
2003,marr107,0.4
2003,mart,0.6
2003,martr,0.1
2003,martu,1.0
2005,mdar101,6.8
2005,mdar102,6.8
2005,mdar103,6.8
2005,mdar104,11.6
2005,mdat,7.6
2005,mdatr,6.3
2005,mdatu,10.3
1992,mdgr101,2.2
1992,mdgr102,0.8
1992,mdgr103,1.3
1992,mdgr104,0.5
1992,mdgr105,1.1
1992,mdgr106,0.7
1992,mdgt,1.2
1992,mdgtr,1.0
1992,mdgtu,3.0
1997,mdgr101,2.8
1997,mdgr102,1.3
1997,mdgr103,1.2
1997,mdgr104,1.0
1997,mdgr105,0.4
1997,mdgr106,0.8
1997,mdgt,1.4
1997,mdgtr,1.1
1997,mdgtu,2.6
2004,mdgr101,4.2
2004,mdgr102,2.2
2004,mdgr103,1.9
2004,mdgr104,1.7
2004,mdgr105,0.9
2004,mdgr106,1.1
2004,mdgt,2.4
2004,mdgtr,1.8
2004,mdgtu,4.3
2009,mdgr101,4.0
2009,mdgr102,2.1
2009,mdgr103,1.9
2009,mdgr104,2.2
2009,mdgr105,1.2
2009,mdgr106,1.4
2009,mdgt,2.5
2009,mdgtr,2.0
2009,mdgtu,5.2
2009,mdvr101,1.3
2009,mdvr102,0.1
2009,mdvr103,0.1
2009,mdvr104,0.2
2009,mdvr105,0.1
2009,mdvr106,0.3
2009,mdvt,0.4
2009,mdvtr,0.2
2009,mdvtu,1.3
2000,mexr101,3.7
2000,mexr102,4.5
2000,mexr103,4.5
2000,mexr104,2.9
2000,mexr105,4.5
2000,mexr106,2.9
2000,mexr107,2.1
2000,mexr108,4.2
2000,mexr109,6.4
2000,mexr110,3.5
2000,mexr111,2.3
2000,mexr112,1.8
2000,mexr113,2.4
2000,mexr114,3.6
2000,mexr115,3.8
2000,mexr116,2.3
2000,mexr117,3.6
2000,mexr118,3.1
2000,mexr119,5.2
2000,mexr120,2.0
2000,mexr121,3.0
2000,mexr122,3.7
2000,mexr123,3.1
2000,mexr124,2.6
2000,mexr125,3.1
2000,mexr126,4.1
2000,mexr127,2.8
2000,mexr128,4.2
2000,mexr129,2.8
2000,mexr130,2.6
2000,mexr131,3.5
2000,mexr132,2.6
2000,mext,3.6
2000,mextr,1.5
2000,mextu,4.3
2010,mexr101,5.1
2010,mexr102,5.5
2010,mexr103,6.5
2010,mexr104,4.3
2010,mexr105,5.3
2010,mexr106,4.8
2010,mexr107,2.2
2010,mexr108,5.1
2010,mexr109,7.8
2010,mexr110,4.7
2010,mexr111,3.3
2010,mexr112,2.4
2010,mexr113,3.6
2010,mexr114,4.7
2010,mexr115,5.1
2010,mexr116,3.4
2010,mexr117,5.8
2010,mexr118,3.8
2010,mexr119,6.2
2010,mexr120,2.4
2010,mexr121,4.3
2010,mexr122,5.0
2010,mexr123,4.6
2010,mexr124,3.5
2010,mexr125,3.9
2010,mexr126,5.3
2010,mexr127,3.5
2010,mexr128,5.4
2010,mexr129,4.0
2010,mexr130,3.5
2010,mexr131,4.5
2010,mexr132,3.5
2010,mext,4.6
2010,mextr,1.9
2010,mextu,5.6
1995,mlir101,0.2
1995,mlir102,0.1
1995,mlir103,0.0
1995,mlir104,0.3
1995,mlir105,0.1
1995,mlir106,0.6
1995,mlir107,0.5
1995,mlir108,1.0
1995,mlit,0.2
1995,mlitr,0.1
1995,mlitu,0.7
2001,mlir101,0.2
2001,mlir102,0.2
2001,mlir103,0.1
2001,mlir104,0.1
2001,mlir105,0.1
2001,mlir106,0.3
2001,mlir107,0.3
2001,mlir108,2.2
2001,mlit,0.3
2001,mlitr,0.1
2001,mlitu,1.2
2006,mlir101,0.2
2006,mlir102,0.1
2006,mlir103,0.1
2006,mlir104,0.2
2006,mlir105,0.3
2006,mlir106,0.3
2006,mlir107,0.6
2006,mlir108,1.9
2006,mlit,0.4
2006,mlitr,0.1
2006,mlitu,1.2
2013,mlir101,0.4
2013,mlir102,0.8
2013,mlir103,0.4
2013,mlir104,0.5
2013,mlir105,0.5
2013,mlir108,3.5
2013,mlit,0.8
2013,mlitr,0.3
2013,mlitu,2.8
2005,mngr101,3.9
2005,mngr102,4.9
2005,mngr103,5.8
2005,mngr104,4.2
2005,mngr105,9.0
2005,mngt,6.9
2005,mngtr,4.0
2005,mngtu,8.3
2010,mngr101,5.7
2010,mngr102,5.2
2010,mngr103,7.0
2010,mngr104,6.1
2010,mngr105,9.2
2010,mngt,7.3
2010,mngtr,5.1
2010,mngtu,8.6
1997,mozr101,0.3
1997,mozr102,0.2
1997,mozr103,0.4
1997,mozr104,0.4
1997,mozr105,0.4
1997,mozr106,0.6
1997,mozr107,0.5
1997,mozr108,0.8
1997,mozr109,0.5
1997,mozr110,1.9
1997,mozr111,2.3
1997,mozt,0.7
1997,moztr,0.5
1997,moztu,2.1
2003,mozr101,0.3
2003,mozr102,0.4
2003,mozr103,0.6
2003,mozr104,0.6
2003,mozr105,0.5
2003,mozr106,0.9
2003,mozr107,0.6
2003,mozr108,0.8
2003,mozr109,0.7
2003,mozr110,1.6
2003,mozr111,2.7
2003,mozt,0.8
2003,moztr,0.5
2003,moztu,1.6
2011,mozr101,1.1
2011,mozr102,0.5
2011,mozr103,1.1
2011,mozr104,1.2
2011,mozr105,0.8
2011,mozr106,1.1
2011,mozr107,1.5
2011,mozr108,0.9
2011,mozr109,1.1
2011,mozr110,1.7
2011,mozr111,3.9
2011,mozt,1.2
2011,moztr,0.9
2011,moztu,2.2
2007,mrtr101,2.0
2007,mrtr102,1.3
2007,mrtr103,2.5
2007,mrtr104,1.0
2007,mrtr105,1.4
2007,mrtr106,3.4
2007,mrtr107,2.2
2007,mrtr108,2.8
2007,mrtr109,1.6
2007,mrtr110,2.0
2007,mrtr111,1.7
2007,mrtr112,2.7
2007,mrtt,2.2
2007,mrttr,2.0
2007,mrttu,2.7
2011,mrtr101,3.0
2011,mrtr102,2.2
2011,mrtr103,3.2
2011,mrtr104,1.2
2011,mrtr105,2.4
2011,mrtr106,4.0
2011,mrtr107,3.1
2011,mrtr108,3.8
2011,mrtr109,3.4
2011,mrtr110,1.7
2011,mrtr111,3.4
2011,mrtt,3.0
2011,mrttr,2.6
2011,mrttu,3.6
2013,musr101,6.9
2013,musr102,7.1
2013,musr103,4.7
2013,must,6.9
2013,mustr,6.7
2013,mustu,7.0
1992,mwir101,2.6
1992,mwir102,2.6
1992,mwir103,1.0
1992,mwir104,0.8
1992,mwir105,2.7
1992,mwir106,1.3
1992,mwir107,1.9
1992,mwir108,1.8
1992,mwir109,1.2
1992,mwir110,1.3
1992,mwir111,1.8
1992,mwir112,1.7
1992,mwir113,1.9
1992,mwit,1.7
1992,mwitr,1.6
1992,mwitu,2.7
2000,mwir101,2.7
2000,mwir102,2.0
2000,mwir103,0.5
2000,mwir104,0.7
2000,mwir105,3.2
2000,mwir106,1.4
2000,mwir107,1.6
2000,mwir108,1.3
2000,mwir109,1.7
2000,mwir110,1.3
2000,mwir111,2.3
2000,mwir112,1.6
2000,mwir113,1.3
2000,mwit,1.6
2000,mwitr,1.5
2000,mwitu,3.2
2004,mwir101,2.9
2004,mwir102,2.0
2004,mwir103,0.9
2004,mwir104,0.7
2004,mwir105,2.7
2004,mwir106,1.2
2004,mwir107,1.6
2004,mwir108,2.0
2004,mwir109,1.6
2004,mwir110,1.6
2004,mwir111,2.9
2004,mwir112,1.4
2004,mwir113,1.4
2004,mwit,1.7
2004,mwitr,1.5
2004,mwitu,3.7
2010,mwir101,3.3
2010,mwir102,2.8
2010,mwir103,1.6
2010,mwir104,0.5
2010,mwir105,2.8
2010,mwir106,1.8
2010,mwir107,1.9
2010,mwir108,1.9
2010,mwir109,2.3
2010,mwir110,1.6
2010,mwir111,3.5
2010,mwir112,2.1
2010,mwir113,1.9
2010,mwit,2.1
2010,mwitr,1.9
2010,mwitu,4.3
2000,mysr101,3.5
2000,mysr102,3.0
2000,mysr103,2.0
2000,mysr104,3.7
2000,mysr105,4.4
2000,mysr106,3.6
2000,mysr107,4.6
2000,mysr108,4.1
2000,mysr109,3.4
2000,mysr110,4.7
2000,mysr111,2.0
2000,mysr112,2.3
2000,mysr113,2.0
2000,mysr114,5.4
2000,mysr115,2.8
2000,myst,3.5
2000,mystr,2.4
2000,mystu,4.3
1992,namr201,1.1
1992,namr202,0.8
1992,namr203,1.5
1992,namr204,3.8
1992,namt,1.7
1992,namtr,1.1
1992,namtu,4.6
2000,namr101,1.4
2000,namr102,7.8
2000,namr103,3.1
2000,namr104,5.0
2000,namr105,3.9
2000,namr106,1.4
2000,namr107,1.7
2000,namr108,1.4
2000,namr109,1.7
2000,namr110,1.8
2000,namr111,2.7
2000,namr112,3.1
2000,namr113,2.7
2000,namt,2.5
2000,namtr,2.0
2000,namtu,5.2
2006,namr101,1.4
2006,namr102,7.8
2006,namr103,3.1
2006,namr104,4.6
2006,namr105,6.5
2006,namr106,1.3
2006,namr107,1.4
2006,namr108,1.3
2006,namr109,2.8
2006,namr110,2.4
2006,namr111,2.7
2006,namr112,2.9
2006,namr113,3.6
2006,namt,3.0
2006,namtr,2.2
2006,namtu,6.0
2013,namr101,3.5
2013,namr102,6.9
2013,namr103,5.3
2013,namr104,4.7
2013,namr105,9.2
2013,namr106,2.4
2013,namr107,1.8
2013,namr108,1.7
2013,namr109,3.1
2013,namr110,3.2
2013,namr111,3.1
2013,namr112,4.2
2013,namr113,4.3
2013,namt,3.8
2013,namtr,2.9
2013,namtu,6.5
1998,nerr101,0.0
1998,nerr102,0.2
1998,nerr103,0.0
1998,nerr104,0.0
1998,nerr105,0.2
1998,nerr106,0.0
1998,nerr107,0.0
1998,nert,0.1
1998,nertr,0.0
1998,nertu,0.4
2006,nerr101,0.3
2006,nerr102,0.1
2006,nerr103,0.0
2006,nerr104,0.1
2006,nerr105,0.2
2006,nerr106,0.1
2006,nerr107,0.0
2006,nert,0.1
2006,nertr,0.0
2006,nertu,0.6
2012,nerr101,0.3
2012,nerr102,0.3
2012,nerr103,0.2
2012,nerr104,0.1
2012,nerr105,0.7
2012,nerr106,0.1
2012,nerr107,0.1
2012,nert,0.2
2012,nertr,0.1
2012,nertu,1.2
1999,ngar101,1.1
1999,ngar102,1.0
1999,ngar103,0.4
1999,ngar104,1.7
1999,ngar105,2.3
1999,ngar106,2.0
1999,ngat,1.5
1999,ngatr,1.2
1999,ngatu,2.3
2003,ngar101,1.1
2003,ngar102,0.6
2003,ngar103,0.5
2003,ngar104,2.6
2003,ngar105,2.9
2003,ngar106,2.6
2003,ngat,1.6
2003,ngatr,1.3
2003,ngatu,2.4
2008,ngar101,1.5
2008,ngar102,0.5
2008,ngar103,0.6
2008,ngar104,3.0
2008,ngar105,3.8
2008,ngar106,3.1
2008,ngat,2.3
2008,ngatr,1.8
2008,ngatu,3.6
2013,ngar101,1.9
2013,ngar102,0.9
2013,ngar103,0.8
2013,ngar104,3.5
2013,ngar105,4.3
2013,ngar106,3.8
2013,ngat,2.4
2013,ngatr,1.6
2013,ngatu,3.6
1998,nicr101,2.6
1998,nicr102,1.4
1998,nicr103,1.3
1998,nict,2.2
1998,nictr,0.9
1998,nictu,3.0
2001,nicr101,3.0
2001,nicr102,1.4
2001,nicr103,1.3
2001,nict,2.4
2001,nictr,0.9
2001,nictu,3.3
1996,nplr101,0.7
1996,nplr102,0.5
1996,nplr103,0.4
1996,nplr104,0.2
1996,nplr105,0.5
1996,nplt,0.5
1996,npltr,0.4
1996,npltu,1.6
2001,nplr101,0.4
2001,nplr102,0.5
2001,nplr103,0.3
2001,nplr104,0.3
2001,nplr105,0.3
2001,nplt,0.4
2001,npltr,0.3
2001,npltu,1.4
2006,nplr101,0.7
2006,nplr102,0.9
2006,nplr103,0.4
2006,nplr104,0.5
2006,nplr105,0.6
2006,nplt,0.7
2006,npltr,0.5
2006,npltu,2.0
2011,nplr101,1.0
2011,nplr102,1.1
2011,nplr103,1.0
2011,nplr104,0.5
2011,nplr105,0.9
2011,nplt,1.0
2011,npltr,0.8
2011,npltu,2.4
1991,pakr101,1.1
1991,pakr102,1.1
1991,pakr103,0.8
1991,pakr104,0.5
1991,pakt,1.0
1991,paktr,0.6
1991,paktu,2.2
2007,pakr101,2.0
2007,pakr102,1.9
2007,pakr103,1.1
2007,pakr104,0.8
2007,pakt,1.8
2007,paktr,1.2
2007,paktu,3.3
2012,pakr101,2.2
2012,pakr102,3.2
2012,pakr103,1.8
2012,pakr104,1.0
2012,pakr105,0.9
2012,pakt,2.3
2012,paktr,1.5
2012,paktu,4.3
2013,panr101,4.2
2013,panr102,5.8
2013,panr103,7.9
2013,panr104,6.3
2013,panr105,3.1
2013,panr106,6.0
2013,panr107,5.8
2013,panr108,9.0
2013,panr109,4.0
2013,panr110,1.9
2013,panr111,1.2
2013,panr112,0.8
2013,pant,7.2
2013,pantr,3.8
2013,pantu,8.9
1996,perr101,2.6
1996,perr102,3.3
1996,perr103,1.7
1996,perr104,4.0
1996,perr105,5.8
1996,perr106,2.9
1996,pert,3.9
1996,pertr,1.5
1996,pertu,5.3
2000,perr101,4.1
2000,perr102,3.9
2000,perr103,2.3
2000,perr104,5.0
2000,perr105,6.9
2000,perr106,3.2
2000,pert,5.0
2000,pertr,2.3
2000,pertu,6.6
2004,perr101,4.4
2004,perr102,3.8
2004,perr103,2.5
2004,perr104,5.0
2004,perr105,7.8
2004,perr106,2.6
2004,pert,5.4
2004,pertr,2.1
2004,pertu,7.3
2006,perr101,3.5
2006,perr102,3.5
2006,perr103,2.6
2006,perr104,5.2
2006,perr105,7.2
2006,perr106,2.9
2006,pert,4.9
2006,pertr,2.1
2006,pertu,6.7
2008,perr101,4.3
2008,perr102,4.2
2008,perr103,2.4
2008,perr104,5.3
2008,perr105,7.4
2008,perr106,3.6
2008,pert,5.3
2008,pertr,2.1
2008,pertu,7.2
2009,perr101,4.0
2009,perr102,3.8
2009,perr103,2.6
2009,perr104,4.6
2009,perr105,6.8
2009,perr106,3.1
2009,pert,4.9
2009,pertr,2.2
2009,pertu,6.3
2010,perr101,4.7
2010,perr102,4.1
2010,perr103,3.0
2010,perr104,5.4
2010,perr105,7.2
2010,perr106,3.8
2010,pert,5.3
2010,pertr,2.3
2010,pertu,6.9
2011,perr101,4.2
2011,perr102,4.2
2011,perr103,2.8
2011,perr104,5.6
2011,perr105,7.7
2011,perr106,4.0
2011,pert,5.5
2011,pertr,2.3
2011,pertu,7.1
2012,perr101,4.2
2012,perr102,4.5
2012,perr103,3.1
2012,perr104,5.6
2012,perr105,7.6
2012,perr106,3.8
2012,pert,5.5
2012,pertr,2.3
2012,pertu,7.2
1998,phlr101,5.4
1998,phlr102,4.9
1998,phlr103,5.6
1998,phlr104,5.8
1998,phlr105,5.3
1998,phlr106,5.2
1998,phlr107,4.6
1998,phlr108,4.7
1998,phlr109,4.8
1998,phlr110,5.7
1998,phlr111,4.9
1998,phlr112,5.0
1998,phlr113,8.9
1998,phlr114,4.1
1998,phlr115,2.2
1998,phlr116,5.3
1998,phlt,5.6
1998,phltr,4.3
1998,phltu,7.1
2003,phlr101,9.3
2003,phlr102,5.1
2003,phlr103,5.9
2003,phlr104,5.1
2003,phlr105,5.8
2003,phlr106,6.4
2003,phlr107,4.4
2003,phlr108,5.5
2003,phlr109,5.4
2003,phlr110,6.1
2003,phlr111,4.9
2003,phlr112,4.8
2003,phlr113,6.4
2003,phlr114,5.2
2003,phlr115,4.6
2003,phlr116,5.9
2003,phlr117,3.3
2003,phlt,6.0
2003,phltr,4.7
2003,phltu,7.5
2008,phlr101,9.8
2008,phlr102,5.4
2008,phlr103,7.2
2008,phlr104,6.2
2008,phlr105,6.3
2008,phlr106,7.2
2008,phlr107,5.2
2008,phlr108,6.6
2008,phlr109,6.3
2008,phlr110,6.3
2008,phlr111,7.3
2008,phlr112,6.5
2008,phlr113,6.7
2008,phlr114,5.5
2008,phlr115,4.8
2008,phlr116,6.1
2008,phlr117,3.3
2008,phlt,6.8
2008,phltr,5.4
2008,phltu,8.3
2013,phlr101,9.7
2013,phlr102,6.9
2013,phlr103,7.8
2013,phlr104,6.7
2013,phlr105,7.2
2013,phlr106,7.9
2013,phlr107,6.0
2013,phlr108,7.1
2013,phlr109,6.9
2013,phlr110,6.5
2013,phlr111,7.2
2013,phlr112,6.0
2013,phlr113,6.8
2013,phlr114,6.6
2013,phlr115,6.6
2013,phlr116,6.5
2013,phlr117,3.8
2013,phlt,7.3
2013,phltr,6.4
2013,phltu,8.6
2002,pryr101,3.4
2002,pryr102,3.4
2002,pryr103,3.5
2002,pryr104,3.5
2002,pryr105,6.1
2002,pryt,4.5
2002,prytr,3.0
2002,prytu,5.6
1992,rwar101,0.6
1992,rwar102,0.7
1992,rwar103,0.7
1992,rwar104,0.5
1992,rwar105,0.6
1992,rwat,0.6
1992,rwatr,0.6
1992,rwatu,1.2
2000,rwar101,2.4
2000,rwar102,0.9
2000,rwar103,0.8
2000,rwar104,0.9
2000,rwar105,1.0
2000,rwat,0.9
2000,rwatr,0.8
2000,rwatu,1.9
2005,rwar101,2.3
2005,rwar102,1.1
2005,rwar103,0.8
2005,rwar104,0.8
2005,rwar105,1.1
2005,rwat,1.0
2005,rwatr,0.9
2005,rwatu,1.9
2010,rwar101,2.6
2010,rwar102,1.6
2010,rwar103,1.3
2010,rwar104,1.1
2010,rwar105,1.7
2010,rwat,1.5
2010,rwatr,1.4
2010,rwatu,2.4
2000,sdnr101,1.0
2000,sdnr102,1.1
2000,sdnr103,0.5
2000,sdnr104,0.3
2000,sdnr105,0.6
2000,sdnr106,1.3
2000,sdnr107,0.9
2000,sdnr108,0.7
2000,sdnr109,0.6
2000,sdnr110,0.9
2000,sdnr111,0.8
2000,sdnr112,0.8
2000,sdnr113,0.7
2000,sdnr114,0.7
2000,sdnr115,0.5
2000,sdnt,0.9
2000,sdntr,0.4
2000,sdntu,1.3
2008,sdnr101,0.9
2008,sdnr102,1.1
2008,sdnr103,1.1
2008,sdnr104,0.6
2008,sdnr105,0.7
2008,sdnr106,3.5
2008,sdnr107,1.5
2008,sdnr108,1.0
2008,sdnr109,0.7
2008,sdnr110,0.3
2008,sdnr111,0.4
2008,sdnr112,0.7
2008,sdnr113,0.9
2008,sdnr114,0.4
2008,sdnr115,0.6
2008,sdnt,1.3
2008,sdntr,0.6
2008,sdntu,2.7
2010,sdnr101,1.6
2010,sdnr102,1.4
2010,sdnr103,1.8
2010,sdnr104,1.1
2010,sdnr105,1.7
2010,sdnr106,3.4
2010,sdnr107,1.8
2010,sdnr108,1.4
2010,sdnr109,1.7
2010,sdnr110,1.2
2010,sdnr111,0.8
2010,sdnr112,0.8
2010,sdnr113,1.4
2010,sdnr114,1.3
2010,sdnr115,1.3
2010,sdnt,1.7
2010,sdntr,1.2
2010,sdntu,2.8
1992,senr101,1.1
1992,senr102,0.4
1992,senr103,0.0
1992,senr104,0.3
1992,senr105,0.0
1992,senr106,0.1
1992,senr107,0.2
1992,senr108,0.2
1992,senr109,0.2
1992,senr110,0.0
1992,sent,0.3
1992,sentr,0.1
1992,sentu,0.8
2005,senr101,1.5
2005,senr102,0.7
2005,senr103,0.1
2005,senr104,0.4
2005,senr105,0.2
2005,senr106,0.2
2005,senr107,0.4
2005,senr108,0.1
2005,senr109,0.2
2005,senr110,0.1
2005,sent,0.5
2005,sentr,0.1
2005,sentu,1.2
2011,senr101,3.4
2011,senr102,1.2
2011,senr103,0.2
2011,senr104,0.4
2011,senr105,0.3
2011,senr106,0.5
2011,senr107,0.8
2011,senr108,0.1
2011,senr109,0.3
2011,senr110,0.4
2011,sent,1.1
2011,sentr,0.2
2011,sentu,2.3
2012,senr101,2.5
2012,senr102,1.4
2012,senr103,0.1
2012,senr104,0.8
2012,senr105,0.3
2012,senr106,0.3
2012,senr107,0.3
2012,senr108,0.4
2012,senr109,0.4
2012,senr110,0.3
2012,sent,0.8
2012,sentr,0.2
2012,sentu,1.9
2008,sler101,0.6
2008,sler102,0.1
2008,sler103,0.1
2008,sler104,0.9
2008,sler105,0.3
2008,sler106,0.6
2008,sler107,0.8
2008,sler108,0.8
2008,sler109,0.8
2008,sler110,0.4
2008,sler111,0.7
2008,sler112,0.3
2008,sler113,2.2
2008,sler114,4.5
2008,slet,1.1
2008,sletr,0.4
2008,sletu,2.7
2013,sler101,0.9
2013,sler102,0.2
2013,sler103,0.2
2013,sler104,0.5
2013,sler105,0.4
2013,sler106,0.7
2013,sler107,1.2
2013,sler108,0.8
2013,sler109,0.9
2013,sler110,1.1
2013,sler111,1.0
2013,sler112,0.8
2013,sler113,2.2
2013,sler114,3.6
2013,slet,1.0
2013,sletr,0.5
2013,sletu,2.7
2006,somr101,0.7
2006,somr102,0.7
2006,somr103,0.8
2006,somr104,0.7
2006,somr105,1.0
2006,somr106,0.6
2006,somr107,0.6
2006,somr108,0.5
2006,somr109,0.6
2006,somr110,1.3
2006,somt,0.8
2006,somtr,0.5
2006,somtu,1.3
2008,ssdr101,0.4
2008,ssdr102,0.5
2008,ssdr103,0.2
2008,ssdr104,0.2
2008,ssdr105,0.2
2008,ssdr106,1.4
2008,ssdr107,0.4
2008,ssdr108,1.0
2008,ssdr109,1.7
2008,ssdr110,0.5
2008,ssdt,0.6
2008,ssdtr,0.4
2008,ssdtu,1.3
2010,ssdr101,0.7
2010,ssdr102,0.1
2010,ssdr103,0.1
2010,ssdr104,0.5
2010,ssdr105,0.1
2010,ssdr106,1.3
2010,ssdr107,0.2
2010,ssdr108,0.8
2010,ssdr109,2.2
2010,ssdr110,0.3
2010,ssdt,0.6
2010,ssdtr,0.4
2010,ssdtu,1.4
2000,stpr101,1.2
2000,stpr102,1.8
2000,stpr103,1.0
2000,stpr104,1.3
2000,stpt,1.6
2000,stptr,1.3
2000,stptu,2.1
2009,stpr101,2.2
2009,stpr102,1.9
2009,stpr103,2.0
2009,stpr104,2.1
2009,stpt,2.1
2009,stptr,2.0
2009,stptu,2.2
2010,surr101,6.6
2010,surr102,4.2
2010,surr103,4.3
2010,surr104,3.6
2010,surr105,1.3
2010,surt,5.2
2010,surtr,3.1
2010,surtu,5.9
2000,swzr101,2.6
2000,swzr102,3.5
2000,swzr103,2.1
2000,swzr104,1.8
2000,swzt,2.7
2000,swztr,2.3
2000,swztu,5.1
2006,swzr101,3.0
2006,swzr102,3.6
2006,swzr103,2.1
2006,swzr104,1.8
2006,swzt,2.7
2006,swztr,2.3
2006,swztu,5.7
2010,swzr101,3.3
2010,swzr102,4.5
2010,swzr103,3.1
2010,swzr104,2.4
2010,swzt,3.3
2010,swztr,2.9
2010,swztu,6.2
2006,syrr101,4.9
2006,syrr102,3.5
2006,syrr103,3.0
2006,syrr104,2.5
2006,syrr105,1.9
2006,syrr106,3.3
2006,syrr107,1.7
2006,syrr108,2.0
2006,syrr109,1.2
2006,syrr110,1.5
2006,syrr111,1.0
2006,syrr112,3.2
2006,syrr113,2.8
2006,syrr114,1.0
2006,syrt,2.7
2006,syrtr,1.5
2006,syrtu,3.7
1997,tcdr101,0.7
1997,tcdr102,0.1
1997,tcdr103,0.0
1997,tcdr104,0.1
1997,tcdr105,0.1
1997,tcdr106,0.1
1997,tcdr107,0.0
1997,tcdr108,0.2
1997,tcdt,0.1
1997,tcdtr,0.0
1997,tcdtu,0.4
2004,tcdr101,1.3
2004,tcdr102,0.0
2004,tcdr103,0.1
2004,tcdr104,0.0
2004,tcdr105,0.2
2004,tcdr106,0.1
2004,tcdr107,0.5
2004,tcdr108,0.4
2004,tcdt,0.3
2004,tcdtr,0.1
2004,tcdtu,0.9
2010,tcdr101,2.4
2010,tcdr102,0.1
2010,tcdr103,0.1
2010,tcdr104,0.2
2010,tcdr105,0.3
2010,tcdr106,0.7
2010,tcdr107,0.7
2010,tcdr108,1.2
2010,tcdt,0.6
2010,tcdtr,0.3
2010,tcdtu,1.6
1998,tgor101,2.6
1998,tgor102,0.5
1998,tgor103,1.0
1998,tgor104,0.3
1998,tgor105,0.2
1998,tgor106,0.1
1998,tgot,0.7
1998,tgotr,0.4
1998,tgotu,1.6
2006,tgor101,4.7
2006,tgor102,0.9
2006,tgor103,1.0
2006,tgor104,0.4
2006,tgor105,0.3
2006,tgor106,0.2
2006,tgot,1.1
2006,tgotr,0.6
2006,tgotu,2.7
2014,tgor101,5.2
2014,tgor102,1.9
2014,tgor103,1.9
2014,tgor104,1.0
2014,tgor105,1.0
2014,tgor106,0.4
2014,tgot,1.8
2014,tgotr,1.1
2014,tgotu,3.9
2006,thar101,4.7
2006,thar102,3.2
2006,thar103,3.9
2006,thar104,3.3
2006,that,3.9
2006,thatr,3.4
2006,thatu,5.2
2000,tjkr101,9.4
2000,tjkr102,5.4
2000,tjkr103,6.2
2000,tjkr104,4.6
2000,tjkr105,8.8
2000,tjkt,5.8
2000,tjktr,5.4
2000,tjktu,7.6
2005,tjkr101,9.8
2005,tjkr102,6.7
2005,tjkr103,6.9
2005,tjkr104,6.1
2005,tjkr105,9.0
2005,tjkt,6.9
2005,tjktr,6.5
2005,tjktu,8.2
2012,tjkr101,10.4
2012,tjkr102,7.8
2012,tjkr103,8.7
2012,tjkr104,7.7
2012,tjkr105,10.4
2012,tjkt,8.4
2012,tjktr,8.0
2012,tjktu,9.7
2006,tkmr101,11.0
2006,tkmr102,8.5
2006,tkmr103,8.3
2006,tkmr104,8.0
2006,tkmr105,8.2
2006,tkmr106,7.9
2006,tkmt,8.5
2006,tkmtr,7.9
2006,tkmtu,9.5
2009,tlsr101,0.2
2009,tlsr102,0.2
2009,tlsr103,0.2
2009,tlsr104,0.2
2009,tlsr105,0.4
2009,tlsr106,1.4
2009,tlsr107,0.2
2009,tlsr108,0.5
2009,tlsr109,0.5
2009,tlsr110,0.3
2009,tlsr111,0.4
2009,tlsr112,0.4
2009,tlsr113,0.2
2009,tlst,0.4
2009,tlstr,0.2
2009,tlstu,1.1
2011,tunr101,3.9
2011,tunr102,2.5
2011,tunr103,1.0
2011,tunr104,1.1
2011,tunr105,3.0
2011,tunr106,1.8
2011,tunr107,2.0
2011,tunt,2.5
2011,tuntr,0.8
2011,tuntu,3.4
1993,turr101,4.1
1993,turr102,1.8
1993,turr103,2.3
1993,turr104,2.2
1993,turr105,2.8
1993,turr106,2.1
1993,turr107,1.6
1993,turr108,1.2
1993,turr109,1.2
1993,turr110,0.8
1993,turr111,1.0
1993,turr112,0.5
1993,turt,2.1
1993,turtr,1.2
1993,turtu,2.9
1998,turr101,4.0
1998,turr102,2.5
1998,turr103,2.9
1998,turr104,3.1
1998,turr105,3.3
1998,turr106,1.7
1998,turr107,1.9
1998,turr108,1.6
1998,turr109,1.5
1998,turr110,1.6
1998,turr111,0.7
1998,turr112,0.7
1998,turt,2.4
1998,turtr,1.6
1998,turtu,3.2
2003,turr101,4.1
2003,turr102,2.3
2003,turr103,3.1
2003,turr104,3.0
2003,turr105,3.6
2003,turr106,2.2
2003,turr107,2.0
2003,turr108,2.1
2003,turr109,1.6
2003,turr110,1.7
2003,turr111,1.4
2003,turr112,1.0
2003,turt,2.6
2003,turtr,1.6
2003,turtu,3.4
2008,turr101,4.7
2008,turr102,3.7
2008,turr103,3.8
2008,turr104,3.1
2008,turr105,4.7
2008,turr106,2.8
2008,turr107,2.5
2008,turr108,2.4
2008,turr109,2.2
2008,turr110,1.9
2008,turr111,1.6
2008,turr112,1.4
2008,turt,3.2
2008,turtr,2.0
2008,turtu,4.0
1992,tzar101,0.6
1992,tzar102,1.5
1992,tzar103,0.7
1992,tzar104,0.7
1992,tzar105,1.0
1992,tzar106,1.0
1992,tzar107,1.1
1992,tzar108,0.5
1992,tzat,0.9
1992,tzatr,0.9
1992,tzatu,1.3
1996,tzar101,0.5
1996,tzar102,1.7
1996,tzar103,0.7
1996,tzar104,1.0
1996,tzar105,1.1
1996,tzar106,1.5
1996,tzar107,1.4
1996,tzar108,0.8
1996,tzat,1.2
1996,tzatr,1.0
1996,tzatu,1.9
1999,tzar101,0.5
1999,tzar102,1.8
1999,tzar103,0.7
1999,tzar104,0.9
1999,tzar105,1.5
1999,tzar106,1.3
1999,tzar107,1.0
1999,tzar108,0.8
1999,tzat,1.2
1999,tzatr,1.1
1999,tzatu,2.0
2004,tzar101,1.0
2004,tzar102,2.0
2004,tzar103,0.8
2004,tzar104,1.0
2004,tzar105,2.0
2004,tzar106,2.0
2004,tzar107,1.8
2004,tzar108,1.5
2004,tzat,1.5
2004,tzatr,1.3
2004,tzatu,2.6
2010,tzar101,1.2
2010,tzar102,2.6
2010,tzar103,1.6
2010,tzar104,1.5
2010,tzar105,2.0
2010,tzar106,2.9
2010,tzar107,2.2
2010,tzar108,1.9
2010,tzat,2.0
2010,tzatr,1.7
2010,tzatu,3.7
1995,ugar101,2.1
1995,ugar102,1.3
1995,ugar103,1.1
1995,ugar104,1.1
1995,ugat,1.4
1995,ugatr,1.4
1995,ugatu,2.6
2001,ugar101,2.5
2001,ugar102,1.6
2001,ugar103,1.5
2001,ugar104,1.3
2001,ugat,1.8
2001,ugatr,1.6
2001,ugatu,4.0
2006,ugar101,3.3
2006,ugar102,2.1
2006,ugar103,2.1
2006,ugar104,1.5
2006,ugat,2.2
2006,ugatr,2.1
2006,ugatu,4.0
2011,ugar101,3.8
2011,ugar102,2.5
2011,ugar103,2.2
2011,ugar104,1.9
2011,ugat,2.6
2011,ugatr,2.3
2011,ugatu,5.8
2007,ukrr101,10.3
2007,ukrr102,9.3
2007,ukrr103,10.3
2007,ukrr104,9.9
2007,ukrr105,8.6
2007,ukrt,9.7
2007,ukrtr,7.7
2007,ukrtu,10.9
2013,uryr101,8.5
2013,uryr102,5.6
2013,uryr103,6.9
2013,uryr104,5.9
2013,uryr105,6.2
2013,uryr106,6.3
2013,uryr107,6.6
2013,uryt,7.3
2013,urytr,5.4
2013,urytu,7.5
1996,uzbr101,5.9
1996,uzbr102,6.2
1996,uzbr103,6.5
1996,uzbr104,6.9
1996,uzbr105,8.3
1996,uzbt,6.7
1996,uzbtr,6.1
1996,uzbtu,7.4
2005,uzbr101,9.2
2005,uzbr102,9.6
2005,uzbr103,9.4
2005,uzbr104,9.5
2005,uzbr105,9.4
2005,uzbr106,10.9
2005,uzbt,9.6
2005,uzbtr,9.2
2005,uzbtu,10.3
2001,venr101,6.2
2001,venr102,3.4
2001,venr103,4.2
2001,venr104,2.5
2001,venr105,5.0
2001,venr106,2.7
2001,venr107,4.5
2001,venr108,4.9
2001,venr109,2.9
2001,venr110,3.8
2001,venr111,3.5
2001,venr112,2.8
2001,venr113,3.6
2001,venr114,3.3
2001,venr115,6.4
2001,venr116,3.5
2001,venr117,4.6
2001,venr118,2.7
2001,venr119,2.8
2001,venr120,3.8
2001,venr121,2.8
2001,venr122,3.2
2001,venr123,4.3
2001,venr124,5.1
2001,vent,4.4
2001,ventr,1.7
2001,ventu,4.8
1997,vnmr101,3.5
1997,vnmr102,2.4
1997,vnmr103,3.1
1997,vnmr104,3.0
1997,vnmr105,3.8
1997,vnmr106,2.7
1997,vnmt,3.2
1997,vnmtr,2.8
1997,vnmtu,4.5
2002,vnmr101,4.7
2002,vnmr102,3.1
2002,vnmr103,3.5
2002,vnmr104,2.6
2002,vnmr105,5.1
2002,vnmr106,2.8
2002,vnmt,3.9
2002,vnmtr,3.2
2002,vnmtu,6.3
2006,vnmr101,5.2
2006,vnmr102,3.6
2006,vnmr103,4.1
2006,vnmr104,3.7
2006,vnmr105,5.1
2006,vnmr106,3.5
2006,vnmt,4.4
2006,vnmtr,3.6
2006,vnmtu,6.3
2010,vnmr101,7.0
2010,vnmr102,5.5
2010,vnmr103,5.5
2010,vnmr104,4.7
2010,vnmr105,5.7
2010,vnmr106,3.8
2010,vnmt,5.6
2010,vnmtr,5.0
2010,vnmtu,7.3
2007,vutr101,2.2
2007,vutr102,4.7
2007,vutr103,2.0
2007,vutr104,3.3
2007,vutr105,3.9
2007,vutr106,3.3
2007,vutr107,6.3
2007,vutr108,5.8
2007,vutt,3.4
2007,vuttr,3.1
2007,vuttu,6.1
1991,yemr101,0.0
1991,yemr102,0.2
1991,yemr103,0.1
1991,yemr104,0.0
1991,yemr105,0.0
1991,yemr106,0.1
1991,yemr107,0.0
1991,yemr108,0.0
1991,yemt,0.0
1991,yemtr,0.0
1991,yemtu,0.3
2006,yemr101,0.6
2006,yemr102,0.6
2006,yemr103,1.3
2006,yemr104,0.1
2006,yemr105,0.4
2006,yemr106,1.1
2006,yemr107,0.3
2006,yemr108,0.2
2006,yemt,0.5
2006,yemtr,0.3
2006,yemtu,1.3
2013,yemr101,0.4
2013,yemr102,1.5
2013,yemr103,1.1
2013,yemr104,0.3
2013,yemr105,0.6
2013,yemr106,1.6
2013,yemr107,0.2
2013,yemr108,0.3
2013,yemt,0.7
2013,yemtr,0.4
2013,yemtu,1.6
1998,zafr101,7.1
1998,zafr102,4.1
1998,zafr103,4.6
1998,zafr104,3.6
1998,zafr105,3.5
1998,zafr106,3.7
1998,zafr107,7.2
1998,zafr108,2.2
1998,zafr109,2.0
1998,zaft,4.3
1998,zaftr,2.5
1998,zaftu,6.1
2014,zafr101,9.3
2014,zafr102,5.7
2014,zafr103,6.3
2014,zafr104,5.6
2014,zafr105,5.5
2014,zafr106,5.2
2014,zafr107,8.6
2014,zafr108,3.8
2014,zafr109,3.1
2014,zaft,6.3
2014,zaftr,3.5
2014,zaftu,8.1
1996,zmbr101,2.6
1996,zmbr102,2.2
1996,zmbr103,1.8
1996,zmbr104,1.8
1996,zmbr105,3.4
1996,zmbr106,2.2
1996,zmbr107,1.2
1996,zmbr108,1.7
1996,zmbr109,1.2
1996,zmbt,2.0
1996,zmbtr,1.7
1996,zmbtu,3.4
2002,zmbr101,2.8
2002,zmbr102,3.9
2002,zmbr103,1.6
2002,zmbr104,3.0
2002,zmbr105,4.1
2002,zmbr106,2.7
2002,zmbr107,1.5
2002,zmbr108,2.0
2002,zmbr109,1.5
2002,zmbt,2.4
2002,zmbtr,2.0
2002,zmbtu,4.2
2007,zmbr101,3.0
2007,zmbr102,3.9
2007,zmbr103,2.3
2007,zmbr104,3.6
2007,zmbr105,4.5
2007,zmbr106,2.7
2007,zmbr107,1.8
2007,zmbr108,3.1
2007,zmbr109,2.0
2007,zmbt,3.0
2007,zmbtr,2.5
2007,zmbtu,4.5
2014,zmbr101,4.0
2014,zmbr102,5.9
2014,zmbr103,2.9
2014,zmbr104,3.7
2014,zmbr105,6.4
2014,zmbr106,3.5
2014,zmbr107,2.5
2014,zmbr108,3.9
2014,zmbr109,3.1
2014,zmbt,4.2
2014,zmbtr,3.2
2014,zmbtu,6.4
1994,zwer101,2.2
1994,zwer102,1.3
1994,zwer103,2.2
1994,zwer104,1.5
1994,zwer105,1.4
1994,zwer106,1.9
1994,zwer107,2.7
1994,zwer108,2.0
1994,zwer109,6.5
1994,zwer110,4.9
1994,zwet,2.4
1994,zwetr,1.9
1994,zwetu,5.6
1999,zwer101,2.6
1999,zwer102,1.7
1999,zwer103,2.2
1999,zwer104,2.2
1999,zwer105,2.1
1999,zwer106,2.7
1999,zwer107,2.5
1999,zwer108,3.5
1999,zwer109,6.8
1999,zwer110,5.1
1999,zwet,3.0
1999,zwetr,2.3
1999,zwetu,6.0
2006,zwer101,3.7
2006,zwer102,2.0
2006,zwer103,3.4
2006,zwer104,2.7
2006,zwer105,3.0
2006,zwer106,3.7
2006,zwer107,3.0
2006,zwer108,3.0
2006,zwer109,5.2
2006,zwer110,5.5
2006,zwet,3.3
2006,zwetr,2.9
2006,zwetu,5.4
2011,zwer101,4.1
2011,zwer102,3.1
2011,zwer103,4.5
2011,zwer104,3.0
2011,zwer105,2.2
2011,zwer106,4.1
2011,zwer107,3.8
2011,zwer108,2.9
2011,zwer109,7.1
2011,zwer110,5.4
2011,zwet,3.9
2011,zwetr,3.5
2011,zwetu,6.2
