year,region,tfr
2011,agor101,5.07
2011,agor102,7.3
2011,agor103,7.7
2011,agor104,5.31
2011,agor105,8.03
2011,agor106,7.11
2011,agot,6.36
2011,agotr,7.68
2011,agotu,4.7
2000,armr101,2.11
2000,armr102,1.96
2000,armr103,1.72
2000,armr104,2.54
2000,armr105,2.14
2000,armr106,1.28
2000,armr107,1.39
2000,armr108,1.59
2000,armr109,2.38
2000,armr110,2.23
2000,armr111,1.42
2000,armt,1.72
2000,armtr,2.14
2000,armtu,1.46
2010,armr101,1.92
2010,armr102,1.56
2010,armr103,1.78
2010,armr104,1.83
2010,armr105,1.63
2010,armr106,1.95
2010,armr107,1.78
2010,armr108,2.06
2010,armr109,1.83
2010,armr110,2.0
2010,armr111,1.53
2010,armt,1.71
2010,armtr,1.85
2010,armtu,1.61
2006,azer101,1.73
2006,azer102,1.95
2006,azer103,2.23
2006,azer104,1.94
2006,azer105,2.22
2006,azer106,1.75
2006,azer107,2.4
2006,azer108,2.35
2006,azer109,1.92
2006,azet,2.05
2006,azetr,2.3
2006,azetu,1.85
2010,bdir101,6.71
2010,bdir102,6.2
2010,bdir103,6.69
2010,bdir104,6.28
2010,bdir105,6.12
2010,bdit,6.41
2010,bditr,6.6
2010,bditu,4.81
1996,benr101,6.82
1996,benr102,4.74
1996,benr103,6.98
1996,benr104,6.01
1996,benr105,5.71
1996,benr106,6.32
1996,bent,6.02
1996,bentr,6.76
1996,bentu,4.92
2001,benr101,6.96
2001,benr102,4.56
2001,benr103,6.11
2001,benr104,5.99
2001,benr105,5.06
2001,benr106,6.2
2001,bent,5.65
2001,bentr,6.47
2001,bentu,4.42
2006,benr101,6.88
2006,benr102,4.83
2006,benr103,6.6
2006,benr104,5.82
2006,benr105,5.82
2006,benr106,5.57
2006,bent,5.8
2006,bentr,6.39
2006,bentu,4.97
2011,benr101,5.44
2011,benr102,4.3
2011,benr103,5.49
2011,benr104,4.89
2011,benr105,5.26
2011,benr106,4.93
2011,bent,4.93
2011,bentr,5.47
2011,bentu,4.33
1998,bfar101,6.97
1998,bfar102,7.72
1998,bfar103,4.61
1998,bfar104,6.55
1998,bfar105,7.08
1998,bfar106,7.01
1998,bfar107,6.94
1998,bfar108,6.99
1998,bfar109,5.44
1998,bfar110,6.5
1998,bfar111,6.22
1998,bfar112,5.92
1998,bfar113,6.73
1998,bfat,6.47
1998,bfatr,6.94
1998,bfatu,3.96
2003,bfar101,6.73
2003,bfar102,5.66
2003,bfar103,3.4
2003,bfar104,5.83
2003,bfar105,6.97
2003,bfar106,6.15
2003,bfar107,5.13
2003,bfar108,5.83
2003,bfar109,6.08
2003,bfar110,7.52
2003,bfar111,6.15
2003,bfar112,6.67
2003,bfar113,6.37
2003,bfat,5.95
2003,bfatr,6.6
2003,bfatu,3.45
2010,bfar101,6.97
2010,bfar102,6.04
2010,bfar103,3.67
2010,bfar104,6.35
2010,bfar105,6.81
2010,bfar106,6.43
2010,bfar107,5.67
2010,bfar108,7.51
2010,bfar109,5.25
2010,bfar110,6.33
2010,bfar111,5.79
2010,bfar112,7.55
2010,bfar113,6.44
2010,bfat,6.04
2010,bfatr,6.81
2010,bfatu,3.93
1996,bgdr101,3.35
1996,bgdr102,4.11
1996,bgdr103,3.2
1996,bgdr104,2.56
1996,bgdr105,2.8
1996,bgdr106,4.29
1996,bgdt,3.3
1996,bgdtr,3.46
1996,bgdtu,2.14
2004,bgdr101,2.92
2004,bgdr102,3.72
2004,bgdr103,2.91
2004,bgdr104,2.78
2004,bgdr105,2.62
2004,bgdr106,4.18
2004,bgdt,3.05
2004,bgdtr,3.22
2004,bgdtu,2.51
2007,bgdr101,2.81
2007,bgdr102,3.22
2007,bgdr103,2.75
2007,bgdr104,1.98
2007,bgdr105,2.35
2007,bgdr106,3.73
2007,bgdt,2.71
2007,bgdtr,2.8
2007,bgdtu,2.41
2011,bgdr101,2.33
2011,bgdr102,2.88
2011,bgdr103,2.25
2011,bgdr104,1.92
2011,bgdr105,2.16
2011,bgdr106,3.09
2011,bgdt,2.35
2011,bgdtr,2.5
2011,bgdtu,1.97
1998,bolr101,5.37
1998,bolr102,3.78
1998,bolr103,4.21
1998,bolr104,3.89
1998,bolr105,5.39
1998,bolr106,3.86
1998,bolr107,4.21
1998,bolr108,5.08
1998,bolr109,6.69
1998,bolt,4.27
1998,boltr,6.52
1998,boltu,3.34
2003,bolr101,4.46
2003,bolr102,3.91
2003,bolr103,3.87
2003,bolr104,3.59
2003,bolr105,5.2
2003,bolr106,3.08
2003,bolr107,3.4
2003,bolr108,4.25
2003,bolr109,4.47
2003,bolt,3.87
2003,boltr,5.5
2003,boltu,3.15
2008,bolr101,3.96
2008,bolr102,3.23
2008,bolr103,3.57
2008,bolr104,3.6
2008,bolr105,4.79
2008,bolr106,2.62
2008,bolr107,3.45
2008,bolr108,3.85
2008,bolr109,3.94
2008,bolt,3.56
2008,boltr,4.97
2008,boltu,2.85
1996,brar101,2.67
1996,brar102,3.14
1996,brar103,2.25
1996,brar104,2.34
1996,brar105,2.33
1996,brat,2.55
1996,bratr,3.51
1996,bratu,2.34
1994,cafr101,5.44
1994,cafr102,5.55
1994,cafr103,5.4
1994,cafr104,4.65
1994,cafr105,4.93
1994,cafr106,4.66
1994,caft,5.14
1994,caftr,5.33
1994,caftu,4.89
1994,civr101,6.04
1994,civr102,5.39
1994,civr103,5.83
1994,civr104,6.09
1994,civr105,5.5
1994,civr106,5.67
1994,civr107,6.13
1994,civr108,5.83
1994,civr109,4.4
1994,civr110,6.0
1994,civt,5.34
1994,civtr,6.05
1994,civtu,4.39
1999,civr101,4.93
1999,civr102,4.23
1999,civr103,4.55
1999,civr104,6.66
1999,civr105,5.21
1999,civr106,7.73
1999,civr107,6.42
1999,civr108,6.23
1999,civr109,3.9
1999,civr110,5.93
1999,civt,5.21
1999,civtr,6.04
1999,civtu,4.02
2005,civr101,4.01
2005,civr102,6.03
2005,civr103,4.54
2005,civr104,5.79
2005,civr105,3.88
2005,civr106,6.0
2005,civr107,3.6
2005,civr108,5.26
2005,civr109,4.11
2005,civr110,6.48
2005,civt,4.63
2005,civtr,5.53
2005,civtu,3.64
2011,civr101,6.14
2011,civr102,4.66
2011,civr103,5.44
2011,civr104,5.5
2011,civr105,6.21
2011,civr106,6.01
2011,civr107,6.9
2011,civr108,6.18
2011,civr109,3.75
2011,civr110,4.98
2011,civt,4.99
2011,civtr,6.33
2011,civtu,3.72
1998,cmrr101,5.41
1998,cmrr102,4.59
1998,cmrr103,4.98
1998,cmrr104,6.88
1998,cmrr105,3.18
1998,cmrr106,5.56
1998,cmrr107,4.38
1998,cmrr108,4.83
1998,cmrr109,4.37
1998,cmrr110,3.75
1998,cmrt,4.85
1998,cmrtr,5.42
1998,cmrtu,3.82
2004,cmrr101,5.42
2004,cmrr102,4.26
2004,cmrr103,6.08
2004,cmrr104,6.44
2004,cmrr105,3.48
2004,cmrr106,5.99
2004,cmrr107,4.74
2004,cmrr108,6.07
2004,cmrr109,4.65
2004,cmrr110,3.65
2004,cmrt,4.99
2004,cmrtr,6.13
2004,cmrtu,4.04
2011,cmrr101,5.23
2011,cmrr102,4.27
2011,cmrr103,5.4
2011,cmrr104,6.85
2011,cmrr105,3.55
2011,cmrr106,6.57
2011,cmrr107,4.45
2011,cmrr108,6.02
2011,cmrr109,4.61
2011,cmrr110,4.06
2011,cmrt,5.11
2011,cmrtr,6.44
2011,cmrtu,3.98
2007,codr101,3.76
2007,codr102,5.99
2007,codr103,6.85
2007,codr104,6.25
2007,codr105,6.66
2007,codr106,6.97
2007,codr107,7.52
2007,codr108,6.82
2007,codr109,6.01
2007,codr110,7.57
2007,codr111,7.74
2007,codt,6.33
2007,codtr,7.09
2007,codtu,5.37
2013,codr101,4.17
2013,codr102,6.02
2013,codr103,6.41
2013,codr104,7.12
2013,codr105,5.93
2013,codr106,6.67
2013,codr107,7.71
2013,codr108,6.97
2013,codr109,7.9
2013,codr110,7.36
2013,codr111,8.28
2013,codt,6.62
2013,codtr,7.34
2013,codtu,5.46
2005,cogr101,3.62
2005,cogr102,3.83
2005,cogr103,6.0
2005,cogr104,6.23
2005,cogt,4.85
2005,cogtr,6.22
2005,cogtu,3.79
2011,cogr101,4.3
2011,cogr102,4.58
2011,cogr103,6.13
2011,cogr104,6.48
2011,cogt,5.13
2011,cogtr,6.53
2011,cogtu,4.48
1995,colr101,3.19
1995,colr102,3.29
1995,colr103,2.8
1995,colr104,3.06
1995,colr105,2.52
1995,colt,2.98
1995,coltr,4.31
1995,coltu,2.53
2000,colr101,2.73
2000,colr102,2.8
2000,colr103,2.57
2000,colr104,2.57
2000,colr105,2.43
2000,colt,2.63
2000,coltr,3.79
2000,coltu,2.3
2005,colr101,2.69
2005,colr102,2.58
2005,colr103,2.27
2005,colr104,2.31
2005,colr105,2.19
2005,colr106,2.37
2005,colt,2.41
2005,coltr,3.39
2005,coltu,2.13
2010,colr101,2.66
2010,colr102,2.24
2010,colr103,1.93
2010,colr104,1.98
2010,colr105,1.96
2010,colr106,2.56
2010,colt,2.15
2010,coltr,2.79
2010,coltu,1.99
1996,comr101,3.8
1996,comr102,6.78
1996,comr103,5.74
1996,comt,4.69
1996,comtr,5.08
1996,comtu,3.73
2012,comr101,3.43
2012,comr102,4.97
2012,comr103,5.27
2012,comt,4.33
2012,comtr,4.76
2012,comtu,3.47
1996,domr101,3.02
1996,domr102,3.1
1996,domr103,2.67
1996,domr104,3.33
1996,domr105,3.96
1996,domr106,3.66
1996,domr107,4.75
1996,domr108,3.38
1996,domr109,3.36
1996,domt,3.2
1996,domtr,4.04
1996,domtu,2.78
2002,domr101,2.91
2002,domr102,3.47
2002,domr103,2.67
2002,domr104,2.83
2002,domr105,3.91
2002,domr106,3.14
2002,domr107,4.3
2002,domr108,2.82
2002,domr109,2.84
2002,domt,3.01
2002,domtr,3.34
2002,domtu,2.86
2007,domr101,2.32
2007,domr102,2.81
2007,domr103,2.2
2007,domr104,2.27
2007,domr105,3.19
2007,domr106,2.59
2007,domr107,3.15
2007,domr108,2.47
2007,domr109,2.5
2007,domt,2.44
2007,domtr,2.82
2007,domtu,2.3
2013,domr101,2.54
2013,domr102,2.29
2013,domr103,2.11
2013,domr104,2.24
2013,domr105,3.53
2013,domr106,2.8
2013,domr107,2.87
2013,domr108,2.66
2013,domr109,2.22
2013,domt,2.49
2013,domtr,2.65
2013,domtu,2.44
1995,egyr101,2.96
1995,egyr102,2.66
1995,egyr103,2.51
1995,egyr104,2.79
1995,egyr105,2.44
1995,egyr106,2.95
1995,egyr107,3.49
1995,egyr108,3.32
1995,egyr109,3.02
1995,egyr110,3.24
1995,egyr111,3.71
1995,egyr112,3.4
1995,egyr113,3.07
1995,egyr114,4.3
1995,egyr115,4.85
1995,egyr116,5.04
1995,egyr117,4.7
1995,egyr118,5.66
1995,egyr119,5.07
1995,egyr120,4.96
1995,egyr121,4.31
1995,egyr122,4.07
1995,egyt,3.66
1995,egytr,4.23
1995,egytu,3.04
2000,egyr101,2.93
2000,egyr102,2.96
2000,egyr103,2.78
2000,egyr104,2.85
2000,egyr105,2.66
2000,egyr106,2.93
2000,egyr107,3.44
2000,egyr108,3.33
2000,egyr109,3.52
2000,egyr110,3.32
2000,egyr111,3.54
2000,egyr112,3.25
2000,egyr113,3.52
2000,egyr114,3.62
2000,egyr115,4.78
2000,egyr116,4.22
2000,egyr117,4.34
2000,egyr118,4.95
2000,egyr119,4.78
2000,egyr120,4.21
2000,egyr121,4.08
2000,egyr122,3.83
2000,egyt,3.56
2000,egytr,3.92
2000,egytu,3.12
2005,egyr101,2.57
2005,egyr102,2.58
2005,egyr103,1.89
2005,egyr104,2.38
2005,egyr105,2.51
2005,egyr106,2.84
2005,egyr107,2.77
2005,egyr108,3.2
2005,egyr109,2.9
2005,egyr110,2.96
2005,egyr111,3.37
2005,egyr112,2.81
2005,egyr113,3.58
2005,egyr114,3.45
2005,egyr115,3.75
2005,egyr116,3.38
2005,egyr117,3.62
2005,egyr118,4.2
2005,egyr119,4.03
2005,egyr120,3.59
2005,egyr121,3.48
2005,egyr122,3.38
2005,egyt,3.16
2005,egytr,3.44
2005,egytu,2.77
2008,egyr101,2.59
2008,egyr102,2.72
2008,egyr103,2.28
2008,egyr104,2.93
2008,egyr105,3.02
2008,egyr106,2.91
2008,egyr107,2.91
2008,egyr108,2.64
2008,egyr109,2.87
2008,egyr110,3.01
2008,egyr111,3.04
2008,egyr112,2.91
2008,egyr113,3.35
2008,egyr114,2.95
2008,egyr115,3.8
2008,egyr116,3.49
2008,egyr117,3.59
2008,egyr118,3.89
2008,egyr119,3.68
2008,egyr120,3.19
2008,egyr121,3.42
2008,egyr122,3.37
2008,egyt,3.05
2008,egytr,3.28
2008,egytu,2.73
2000,ethr101,5.43
2000,ethr102,4.5
2000,ethr103,5.56
2000,ethr104,6.12
2000,ethr105,5.22
2000,ethr106,5.09
2000,ethr107,5.61
2000,ethr108,4.53
2000,ethr109,4.21
2000,ethr110,1.87
2000,ethr111,3.44
2000,etht,5.57
2000,ethtr,6.1
2000,ethtu,3.03
2005,ethr101,5.17
2005,ethr102,4.99
2005,ethr103,5.18
2005,ethr104,6.21
2005,ethr105,6.06
2005,ethr106,5.27
2005,ethr107,5.7
2005,ethr108,3.99
2005,ethr109,3.85
2005,ethr110,1.4
2005,ethr111,3.67
2005,etht,5.47
2005,ethtr,6.1
2005,ethtu,2.37
2011,ethr101,4.58
2011,ethr102,5.01
2011,ethr103,4.21
2011,ethr104,5.65
2011,ethr105,7.13
2011,ethr106,5.21
2011,ethr107,4.93
2011,ethr108,3.95
2011,ethr109,3.83
2011,ethr110,1.52
2011,ethr111,3.41
2011,etht,4.84
2011,ethtr,5.51
2011,ethtu,2.6
2000,gabr101,5.33
2000,gabr102,5.15
2000,gabr103,5.39
2000,gabr104,5.06
2000,gabr105,5.6
2000,gabr106,6.56
2000,gabr107,5.22
2000,gabr108,4.04
2000,gabr109,5.38
2000,gabr110,3.45
2000,gabt,4.25
2000,gabtr,6.0
2000,gabtu,3.83
2012,gabr101,4.14
2012,gabr102,4.88
2012,gabr103,5.01
2012,gabr104,5.73
2012,gabr105,5.72
2012,gabr106,6.88
2012,gabr107,5.51
2012,gabr108,4.85
2012,gabr109,4.99
2012,gabr110,3.56
2012,gabt,4.14
2012,gabtr,6.18
2012,gabtu,3.9
1998,ghar101,4.33
1998,ghar102,4.67
1998,ghar103,2.81
1998,ghar104,4.32
1998,ghar105,4.6
1998,ghar106,5.05
1998,ghar107,5.14
1998,ghar108,6.6
1998,ghar109,5.93
1998,ghar110,4.39
1998,ghat,4.47
1998,ghatr,5.31
1998,ghatu,2.96
2003,ghar101,4.51
2003,ghar102,4.93
2003,ghar103,2.88
2003,ghar104,4.48
2003,ghar105,4.24
2003,ghar106,4.18
2003,ghar107,4.82
2003,ghar108,7.05
2003,ghar109,5.49
2003,ghar110,4.84
2003,ghat,4.48
2003,ghatr,5.68
2003,ghatu,3.14
2008,ghar101,4.27
2008,ghar102,5.51
2008,ghar103,2.53
2008,ghar104,3.94
2008,ghar105,3.61
2008,ghar106,3.6
2008,ghar107,4.13
2008,ghar108,7.18
2008,ghar109,5.1
2008,ghar110,4.16
2008,ghat,4.1
2008,ghatr,4.98
2008,ghatu,3.19
2014,ghar101,3.7
2014,ghar102,4.71
2014,ghar103,2.85
2014,ghar104,4.3
2014,ghar105,4.2
2014,ghar106,4.24
2014,ghar107,4.76
2014,ghar108,6.6
2014,ghar109,5.28
2014,ghar110,4.94
2014,ghat,4.22
2014,ghatr,5.12
2014,ghatu,3.46
2005,ginr101,5.6
2005,ginr102,4.11
2005,ginr103,6.35
2005,ginr104,7.46
2005,ginr105,6.03
2005,ginr106,5.76
2005,ginr107,5.68
2005,ginr108,5.93
2005,gint,5.81
2005,gintr,6.46
2005,gintu,4.42
2012,ginr101,4.7
2012,ginr102,3.55
2012,ginr103,5.84
2012,ginr104,7.08
2012,ginr105,5.23
2012,ginr106,5.35
2012,ginr107,5.43
2012,ginr108,5.23
2012,gint,5.14
2012,gintr,5.91
2012,gintu,3.8
2013,gmbr101,3.89
2013,gmbr102,4.01
2013,gmbr103,5.56
2013,gmbr104,6.07
2013,gmbr105,6.34
2013,gmbr106,7.31
2013,gmbr107,6.78
2013,gmbr108,7.05
2013,gmbt,5.63
2013,gmbtr,6.84
2013,gmbtu,4.67
1995,gtmr101,3.97
1995,gtmr102,6.79
1995,gtmr103,5.16
1995,gtmr104,5.74
1995,gtmr105,5.31
1995,gtmr106,5.55
1995,gtmr107,6.83
1995,gtmt,5.19
1995,gtmtr,6.22
1995,gtmtu,3.85
1999,gtmr101,4.49
1999,gtmr102,5.56
1999,gtmr103,5.43
1999,gtmr104,5.04
1999,gtmr105,4.97
1999,gtmr106,5.33
1999,gtmr107,6.28
1999,gtmr108,6.93
1999,gtmt,5.12
1999,gtmtr,5.88
1999,gtmtu,4.18
2009,guyr101,6.95
2009,guyr102,2.78
2009,guyr103,2.5
2009,guyr104,2.33
2009,guyr105,3.05
2009,guyr106,2.31
2009,guyr107,4.98
2009,guyr108,6.1
2009,guyr109,5.73
2009,guyr110,3.04
2009,guyt,2.81
2009,guytr,3.07
2009,guytu,2.16
2005,hndr101,3.1
2005,hndr102,3.72
2005,hndr103,3.74
2005,hndr104,4.06
2005,hndr105,2.74
2005,hndr106,3.03
2005,hndr107,3.53
2005,hndr108,2.58
2005,hndr110,4.92
2005,hndr112,3.74
2005,hndr113,5.16
2005,hndr114,3.68
2005,hndr115,4.26
2005,hndr116,3.66
2005,hndr117,3.29
2005,hndr118,3.2
2005,hndt,3.28
2005,hndtr,4.1
2005,hndtu,2.57
2011,hndr101,2.88
2011,hndr102,3.59
2011,hndr103,3.24
2011,hndr104,3.5
2011,hndr105,2.56
2011,hndr106,2.88
2011,hndr107,3.02
2011,hndr108,2.39
2011,hndr109,4.25
2011,hndr110,3.66
2011,hndr111,3.04
2011,hndr112,3.41
2011,hndr113,3.98
2011,hndr114,2.9
2011,hndr115,3.61
2011,hndr116,3.29
2011,hndr117,2.89
2011,hndr118,3.07
2011,hndt,2.95
2011,hndtr,3.49
2011,hndtu,2.49
1994,htir101,3.75
1994,htir102,5.44
1994,htir103,5.23
1994,htir104,5.75
1994,htir105,5.56
1994,htir106,5.39
1994,htir107,5.89
1994,htir108,5.79
1994,htir109,5.84
1994,htit,4.82
1994,htitr,5.92
1994,htitu,3.31
2000,htir101,3.84
2000,htir102,5.85
2000,htir103,4.34
2000,htir104,5.12
2000,htir105,4.71
2000,htir106,7.37
2000,htir107,5.96
2000,htir108,5.69
2000,htir109,5.01
2000,htit,4.71
2000,htitr,5.81
2000,htitu,3.37
2005,htir101,2.97
2005,htir102,5.32
2005,htir103,3.93
2005,htir104,4.54
2005,htir105,4.5
2005,htir106,6.29
2005,htir107,3.94
2005,htir108,4.93
2005,htir109,4.81
2005,htit,3.96
2005,htitr,5.09
2005,htitu,2.69
2012,htir101,3.14
2012,htir102,4.33
2012,htir103,3.39
2012,htir104,4.16
2012,htir105,3.51
2012,htir106,4.8
2012,htir107,4.05
2012,htir108,4.11
2012,htir109,3.46
2012,htir110,3.62
2012,htit,3.55
2012,htitr,4.44
2012,htitu,2.61
1997,idnr101,3.03
1997,idnr102,3.76
1997,idnr103,3.47
1997,idnr104,3.45
1997,idnr105,2.91
1997,idnr106,2.67
1997,idnr107,3.0
1997,idnr108,2.94
1997,idnr110,2.04
1997,idnr111,3.06
1997,idnr112,2.66
1997,idnr113,1.84
1997,idnr114,2.35
1997,idnr116,2.15
1997,idnr117,2.96
1997,idnr118,3.49
1997,idnr119,4.44
1997,idnr120,3.36
1997,idnr121,2.72
1997,idnr122,2.6
1997,idnr123,2.92
1997,idnr124,2.62
1997,idnr125,3.09
1997,idnr126,2.89
1997,idnr127,3.01
1997,idnr129,3.37
1997,idnr130,3.4
1997,idnt,2.81
1997,idntr,3.01
1997,idntu,2.42
2003,idnr102,3.05
2003,idnr103,3.26
2003,idnr104,3.27
2003,idnr105,2.74
2003,idnr106,2.34
2003,idnr107,2.99
2003,idnr108,2.74
2003,idnr109,2.44
2003,idnr110,2.25
2003,idnr111,2.84
2003,idnr112,2.16
2003,idnr113,1.91
2003,idnr114,2.11
2003,idnr115,2.64
2003,idnr116,2.15
2003,idnr117,2.45
2003,idnr118,4.05
2003,idnr120,2.92
2003,idnr121,3.26
2003,idnr122,3.0
2003,idnr123,2.86
2003,idnr124,2.64
2003,idnr125,3.26
2003,idnr126,2.66
2003,idnr127,3.73
2003,idnr128,2.88
2003,idnt,2.6
2003,idntr,2.73
2003,idntu,2.48
2007,idnr101,3.16
2007,idnr102,3.89
2007,idnr103,3.41
2007,idnr104,2.73
2007,idnr105,2.81
2007,idnr106,2.78
2007,idnr107,2.49
2007,idnr108,2.52
2007,idnr109,2.8
2007,idnr110,2.11
2007,idnr111,2.62
2007,idnr112,2.32
2007,idnr113,1.83
2007,idnr114,2.18
2007,idnr115,2.67
2007,idnr116,2.08
2007,idnr117,2.86
2007,idnr118,4.22
2007,idnr120,2.81
2007,idnr121,3.0
2007,idnr122,2.65
2007,idnr123,2.74
2007,idnr124,2.75
2007,idnr125,3.33
2007,idnr126,2.95
2007,idnr127,3.32
2007,idnr128,2.66
2007,idnr129,3.64
2007,idnr130,3.06
2007,idnt,2.63
2007,idntr,2.87
2007,idntu,2.35
2012,idnr101,2.89
2012,idnr102,3.0
2012,idnr103,2.86
2012,idnr104,2.9
2012,idnr105,2.34
2012,idnr106,2.82
2012,idnr107,2.27
2012,idnr108,2.71
2012,idnr109,2.63
2012,idnr110,2.3
2012,idnr111,2.59
2012,idnr112,2.5
2012,idnr113,2.08
2012,idnr114,2.37
2012,idnr115,2.54
2012,idnr116,2.33
2012,idnr117,2.78
2012,idnr118,3.32
2012,idnr120,3.07
2012,idnr121,2.85
2012,idnr122,2.6
2012,idnr123,2.81
2012,idnr124,2.66
2012,idnr125,3.24
2012,idnr126,2.75
2012,idnr127,3.08
2012,idnr128,2.63
2012,idnr129,3.2
2012,idnr130,3.64
2012,idnt,2.64
2012,idntr,2.82
2012,idntu,2.48
1992,indr101,3.09
1992,indr102,4.93
1992,indr103,4.45
1992,indr104,3.74
1992,indr105,3.91
1992,indr106,4.57
1992,indr107,3.94
1992,indr108,4.16
1992,indr109,3.8
1992,indr110,3.16
1992,indr111,4.28
1992,indr112,3.69
1992,indr113,4.74
1992,indr114,4.73
1992,indr115,3.64
1992,indr116,4.66
1992,indr117,3.81
1992,indr118,4.12
1992,indr119,4.14
1992,indr121,3.44
1992,indr122,3.66
1992,indr123,5.43
1992,indr124,4.05
1992,indr125,5.25
1992,indr126,3.85
1992,indt,3.43
1992,indtr,3.71
1992,indtu,2.72
1999,indr101,2.79
1999,indr102,3.29
1999,indr103,4.07
1999,indr104,3.52
1999,indr105,3.7
1999,indr106,3.78
1999,indr107,3.35
1999,indr108,4.24
1999,indr109,3.04
1999,indr110,2.98
1999,indr111,4.01
1999,indr112,3.47
1999,indr113,5.44
1999,indr114,6.61
1999,indr115,5.2
1999,indr116,5.74
1999,indr117,3.51
1999,indr118,3.57
1999,indr119,4.37
1999,indr120,4.29
1999,indr121,3.23
1999,indr122,3.03
1999,indr123,4.7
1999,indr124,3.57
1999,indr125,3.6
1999,indr126,2.88
1999,indt,2.87
1999,indtr,3.1
1999,indtu,2.29
2006,indr101,1.8
2006,indr102,2.45
2006,indr103,3.84
2006,indr104,1.79
2006,indr105,2.45
2006,indr106,2.68
2006,indr107,1.98
2006,indr108,2.39
2006,indr109,2.08
2006,indr110,1.93
2006,indr111,3.02
2006,indr112,2.12
2006,indr113,2.85
2006,indr114,3.84
2006,indr115,2.88
2006,indr116,3.75
2006,indr117,2.39
2006,indr118,2.01
2006,indr119,3.22
2006,indr120,2.02
2006,indr121,1.81
2006,indr122,2.29
2006,indr123,3.79
2006,indr124,2.14
2006,indr125,3.13
2006,indr126,2.2
2006,indt,2.7
2006,indtr,3.0
2006,indtu,2.08
2002,jorr101,3.35
2002,jorr102,4.33
2002,jorr103,3.63
2002,jorr104,3.93
2002,jorr105,3.95
2002,jorr106,4.29
2002,jorr107,4.08
2002,jorr108,3.68
2002,jorr109,4.13
2002,jorr110,4.07
2002,jorr111,3.93
2002,jorr112,3.95
2002,jort,3.69
2002,jortr,4.17
2002,jortu,3.58
2007,jorr101,3.44
2007,jorr102,3.97
2007,jorr103,3.57
2007,jorr104,3.83
2007,jorr105,3.85
2007,jorr106,3.91
2007,jorr107,3.83
2007,jorr108,3.91
2007,jorr109,3.66
2007,jorr110,3.62
2007,jorr111,3.86
2007,jorr112,3.55
2007,jort,3.62
2007,jortr,3.76
2007,jortu,3.6
2012,jorr101,3.4
2012,jorr102,3.91
2012,jorr103,3.13
2012,jorr104,3.6
2012,jorr105,3.65
2012,jorr106,4.03
2012,jorr107,4.19
2012,jorr108,3.92
2012,jorr109,3.74
2012,jorr110,3.82
2012,jorr111,4.28
2012,jorr112,3.37
2012,jort,3.54
2012,jortr,3.93
2012,jortu,3.46
1995,kazr101,1.47
1995,kazr102,3.46
1995,kazr103,2.7
1995,kazr104,2.7
1995,kazr105,1.66
1995,kazr106,2.45
1995,kazt,2.51
1995,kaztr,3.08
1995,kaztu,2.01
1999,kazr101,1.02
1999,kazr102,2.86
1999,kazr103,2.32
1999,kazr104,1.6
1999,kazr105,1.77
1999,kazr106,1.43
1999,kazt,2.07
1999,kaztr,2.7
1999,kaztu,1.54
1993,kenr101,3.18
1993,kenr102,3.97
1993,kenr103,5.28
1993,kenr104,5.96
1993,kenr105,5.91
1993,kenr106,5.77
1993,kenr107,6.35
1993,kent,5.44
1993,kentr,5.86
1993,kentu,3.36
1998,kenr101,2.62
1998,kenr102,3.76
1998,kenr103,5.05
1998,kenr104,4.73
1998,kenr105,5.05
1998,kenr106,5.35
1998,kenr107,5.71
1998,kent,4.75
1998,kentr,5.23
1998,kentu,3.12
2003,kenr101,2.74
2003,kenr102,3.47
2003,kenr103,5.03
2003,kenr104,4.89
2003,kenr105,5.7
2003,kenr106,5.89
2003,kenr107,5.82
2003,kenr108,7.18
2003,kent,4.94
2003,kentr,5.51
2003,kentu,3.35
2008,kenr101,2.81
2008,kenr102,3.46
2008,kenr103,4.78
2008,kenr104,4.49
2008,kenr105,5.41
2008,kenr106,4.73
2008,kenr107,5.54
2008,kenr108,5.98
2008,kent,4.6
2008,kentr,5.22
2008,kentu,2.97
2014,kenr101,2.75
2014,kenr102,2.83
2014,kenr103,4.33
2014,kenr104,3.43
2014,kenr105,4.3
2014,kenr106,4.58
2014,kenr107,4.7
2014,kenr108,6.44
2014,kent,3.94
2014,kentr,4.57
2014,kentu,3.11
1997,kgzr101,1.66
1997,kgzr102,3.12
1997,kgzr103,4.33
1997,kgzr104,3.91
1997,kgztr,3.92
1997,kgztu,2.31
2012,kgzr101,2.92
2012,kgzr102,3.8
2012,kgzr103,4.56
2012,kgzr104,3.82
2012,kgztr,4.06
2012,kgztu,3.01
2000,khmr101,4.36
2000,khmr102,3.91
2000,khmr103,4.95
2000,khmr104,4.42
2000,khmr105,4.18
2000,khmr106,3.95
2000,khmr107,4.27
2000,khmr108,1.91
2000,khmr109,3.36
2000,khmr110,4.75
2000,khmr111,3.19
2000,khmr112,3.81
2000,khmr113,4.24
2000,khmr114,3.68
2000,khmr115,4.46
2000,khmr116,6.01
2000,khmr117,4.33
2000,khmt,3.82
2000,khmtr,4.01
2000,khmtu,2.87
2005,khmr101,3.82
2005,khmr102,3.24
2005,khmr103,4.3
2005,khmr104,3.77
2005,khmr105,3.73
2005,khmr106,3.12
2005,khmr107,4.3
2005,khmr108,2.45
2005,khmr109,3.07
2005,khmr110,4.05
2005,khmr111,3.04
2005,khmr112,3.22
2005,khmr113,3.6
2005,khmr114,3.28
2005,khmr115,4.65
2005,khmr116,5.23
2005,khmr117,4.24
2005,khmt,3.44
2005,khmtr,3.58
2005,khmtu,2.81
2010,khmr101,3.25
2010,khmr102,3.41
2010,khmr103,3.57
2010,khmr104,3.12
2010,khmr105,3.12
2010,khmr106,2.83
2010,khmr107,2.91
2010,khmr108,2.01
2010,khmr109,3.42
2010,khmr110,3.44
2010,khmr111,2.62
2010,khmr112,3.11
2010,khmr113,3.24
2010,khmr114,2.82
2010,khmr115,3.77
2010,khmr116,4.52
2010,khmr117,3.33
2010,khmt,3.06
2010,khmtr,3.31
2010,khmtu,2.23
2014,khmr101,2.85
2014,khmr102,3.33
2014,khmr103,2.51
2014,khmr104,2.44
2014,khmr105,2.95
2014,khmr106,2.6
2014,khmr107,2.57
2014,khmr108,1.99
2014,khmr109,3.0
2014,khmr110,3.05
2014,khmr111,2.58
2014,khmr112,2.41
2014,khmr113,2.94
2014,khmr114,2.59
2014,khmr115,3.6
2014,khmr116,3.32
2014,khmr117,2.8
2014,khmt,2.76
2014,khmtr,2.92
2014,khmtu,2.11
2007,lbrr201,3.48
2007,lbrr202,6.58
2007,lbrr203,5.87
2007,lbrr204,7.01
2007,lbrr205,6.07
2007,lbrr206,6.03
2007,lbrt,5.27
2007,lbrtr,6.27
2007,lbrtu,3.9
2013,lbrr101,4.61
2013,lbrr102,5.58
2013,lbrr103,5.91
2013,lbrr104,5.85
2013,lbrr105,6.59
2013,lbrr106,5.84
2013,lbrr107,6.36
2013,lbrr108,5.04
2013,lbrr109,5.15
2013,lbrr110,5.4
2013,lbrr111,3.29
2013,lbrr112,5.77
2013,lbrr113,7.25
2013,lbrr114,6.05
2013,lbrr115,7.01
2013,lbrt,4.76
2013,lbrtr,6.17
2013,lbrtu,3.85
2004,lsor101,3.45
2004,lsor102,3.61
2004,lsor103,3.87
2004,lsor104,2.57
2004,lsor105,3.33
2004,lsor106,3.95
2004,lsor107,4.04
2004,lsor108,4.46
2004,lsor109,4.71
2004,lsor110,5.02
2004,lsot,3.55
2004,lsotr,4.11
2004,lsotu,1.94
2010,lsor101,3.59
2010,lsor102,3.19
2010,lsor103,3.01
2010,lsor104,2.67
2010,lsor105,3.35
2010,lsor106,4.05
2010,lsor107,3.73
2010,lsor108,3.49
2010,lsor109,4.46
2010,lsor110,4.95
2010,lsot,3.32
2010,lsotr,4.0
2010,lsotu,2.11
1992,marr101,3.92
1992,marr102,4.72
1992,marr103,3.45
1992,marr104,4.12
1992,marr105,3.41
1992,marr106,5.13
1992,marr107,4.99
1992,mart,4.08
1992,martr,5.61
1992,martu,2.56
2003,marr101,2.71
2003,marr102,2.68
2003,marr103,2.17
2003,marr104,2.17
2003,marr105,2.23
2003,marr106,2.85
2003,marr107,2.54
2003,mart,2.5
2003,martr,3.07
2003,martu,2.12
2005,mdar101,1.68
2005,mdar102,1.99
2005,mdar103,1.83
2005,mdar104,1.39
2005,mdat,1.7
2005,mdatr,1.86
2005,mdatu,1.51
1992,mdgr101,5.69
1992,mdgr102,6.79
1992,mdgr103,5.75
1992,mdgr104,6.63
1992,mdgr105,6.18
1992,mdgr106,6.19
1992,mdgt,6.17
1992,mdgtr,6.74
1992,mdgtu,3.9
1997,mdgr101,5.44
1997,mdgr102,6.85
1997,mdgr103,5.72
1997,mdgr104,6.67
1997,mdgr105,6.21
1997,mdgr106,5.27
1997,mdgt,6.02
1997,mdgtr,6.72
1997,mdgtu,4.23
2004,mdgr101,4.31
2004,mdgr102,5.79
2004,mdgr103,5.06
2004,mdgr104,6.09
2004,mdgr105,6.33
2004,mdgr106,4.91
2004,mdgt,5.22
2004,mdgtr,5.71
2004,mdgtu,3.75
2009,mdgr101,4.2
2009,mdgr102,6.33
2009,mdgr103,4.17
2009,mdgr104,4.54
2009,mdgr105,5.76
2009,mdgr106,4.2
2009,mdgt,4.85
2009,mdgtr,5.25
2009,mdgtu,2.94
2009,mdvr101,2.12
2009,mdvr102,2.69
2009,mdvr103,2.54
2009,mdvr104,2.82
2009,mdvr105,2.96
2009,mdvr106,2.95
2009,mdvt,2.55
2009,mdvtr,2.78
2009,mdvtu,2.12
1995,mlir101,7.01
1995,mlir102,6.92
1995,mlir103,7.49
1995,mlir104,7.4
1995,mlir105,6.55
1995,mlir106,7.04
1995,mlir107,6.3
1995,mlir108,4.8
1995,mlit,6.79
1995,mlitr,7.4
1995,mlitu,5.45
2001,mlir101,6.97
2001,mlir102,7.34
2001,mlir103,7.68
2001,mlir104,7.46
2001,mlir105,6.99
2001,mlir106,6.52
2001,mlir107,5.99
2001,mlir108,4.86
2001,mlit,6.88
2001,mlitr,7.44
2001,mlitu,5.51
2006,mlir101,6.8
2006,mlir102,7.39
2006,mlir103,7.46
2006,mlir104,7.11
2006,mlir105,6.4
2006,mlir106,5.8
2006,mlir107,5.86
2006,mlir108,4.8
2006,mlit,6.65
2006,mlitr,7.25
2006,mlitu,5.46
2013,mlir101,6.03
2013,mlir102,5.97
2013,mlir103,6.6
2013,mlir104,6.18
2013,mlir105,6.58
2013,mlir108,5.11
2013,mlit,6.12
2013,mlitr,6.5
2013,mlitu,4.98
1997,mozr101,5.43
1997,mozr102,4.61
1997,mozr103,5.18
1997,mozr104,5.0
1997,mozr105,6.64
1997,mozr106,7.42
1997,mozr107,5.42
1997,mozr108,5.29
1997,mozr109,5.89
1997,mozr110,4.43
1997,mozr111,3.75
1997,mozt,5.22
1997,moztr,5.41
1997,moztu,4.55
2003,mozr101,7.28
2003,mozr102,5.96
2003,mozr103,6.3
2003,mozr104,5.31
2003,mozr105,6.95
2003,mozr106,6.63
2003,mozr107,5.99
2003,mozr108,4.88
2003,mozr109,5.37
2003,mozr110,4.08
2003,mozr111,3.23
2003,mozt,5.58
2003,moztr,6.21
2003,moztu,4.43
2011,mozr101,7.21
2011,mozr102,6.64
2011,mozr103,6.19
2011,mozr104,6.83
2011,mozr105,6.88
2011,mozr106,5.91
2011,mozr107,6.12
2011,mozr108,5.0
2011,mozr109,5.34
2011,mozr110,4.09
2011,mozr111,3.06
2011,mozt,5.96
2011,moztr,6.68
2011,moztu,4.54
1992,mwir101,5.61
1992,mwir102,7.79
1992,mwir103,6.17
1992,mwir104,6.75
1992,mwir105,6.49
1992,mwir106,6.28
1992,mwir107,6.45
1992,mwir108,6.5
1992,mwir109,7.57
1992,mwir110,5.92
1992,mwir111,7.17
1992,mwir112,7.53
1992,mwir113,6.72
1992,mwit,6.86
1992,mwitr,7.02
1992,mwitu,5.53
2000,mwir101,4.36
2000,mwir102,6.99
2000,mwir103,7.06
2000,mwir104,7.47
2000,mwir105,6.88
2000,mwir106,6.78
2000,mwir107,5.31
2000,mwir108,6.2
2000,mwir109,6.47
2000,mwir110,5.58
2000,mwir111,5.9
2000,mwir112,7.13
2000,mwir113,6.66
2000,mwit,6.39
2000,mwitr,6.72
2000,mwitu,4.49
2004,mwir101,4.77
2004,mwir102,6.99
2004,mwir103,7.12
2004,mwir104,7.24
2004,mwir105,5.59
2004,mwir106,6.87
2004,mwir107,5.73
2004,mwir108,5.3
2004,mwir109,5.75
2004,mwir110,5.67
2004,mwir111,5.64
2004,mwir112,6.88
2004,mwir113,6.01
2004,mwit,6.1
2004,mwitr,6.46
2004,mwitu,4.27
2010,mwir101,4.04
2010,mwir102,6.41
2010,mwir103,6.92
2010,mwir104,7.08
2010,mwir105,5.86
2010,mwir106,6.62
2010,mwir107,5.09
2010,mwir108,5.76
2010,mwir109,5.43
2010,mwir110,5.12
2010,mwir111,5.64
2010,mwir112,5.88
2010,mwir113,6.08
2010,mwit,5.75
2010,mwitr,6.12
2010,mwitu,4.06
1992,namr201,6.71
1992,namr202,6.07
1992,namr203,4.84
1992,namr204,3.84
1992,namt,5.39
1992,namtr,6.31
1992,namtu,4.05
2000,namr101,4.97
2000,namr102,2.57
2000,namr103,3.45
2000,namr104,3.6
2000,namr105,3.47
2000,namr106,5.56
2000,namr107,6.61
2000,namr108,4.67
2000,namr109,5.29
2000,namr110,4.97
2000,namr111,3.3
2000,namr112,4.33
2000,namr113,4.29
2000,namt,4.21
2000,namtr,5.07
2000,namtu,3.11
2006,namr101,3.65
2006,namr102,2.83
2006,namr103,3.27
2006,namr104,3.28
2006,namr105,2.65
2006,namr106,4.67
2006,namr107,4.27
2006,namr108,4.9
2006,namr109,5.04
2006,namr110,3.65
2006,namr111,3.02
2006,namr112,4.0
2006,namr113,4.43
2006,namt,3.59
2006,namtr,4.35
2006,namtu,2.85
2013,namr101,4.23
2013,namr102,2.94
2013,namr103,3.72
2013,namr104,3.35
2013,namr105,2.61
2013,namr106,4.54
2013,namr107,5.39
2013,namr108,4.67
2013,namr109,4.65
2013,namr110,4.16
2013,namr111,2.75
2013,namr112,4.15
2013,namr113,4.17
2013,namt,3.66
2013,namtr,4.7
2013,namtu,2.94
1998,nerr101,5.63
1998,nerr102,6.77
1998,nerr103,6.49
1998,nerr104,8.8
1998,nerr105,6.48
1998,nerr106,7.02
1998,nerr107,7.71
1998,nert,7.27
1998,nertr,7.69
1998,nertu,5.63
2006,nerr101,6.07
2006,nerr102,6.71
2006,nerr103,7.28
2006,nerr104,8.0
2006,nerr105,6.27
2006,nerr106,7.23
2006,nerr107,7.3
2006,nert,7.1
2006,nertr,7.37
2006,nertu,6.05
2012,nerr101,5.9
2012,nerr102,6.42
2012,nerr103,7.61
2012,nerr104,8.44
2012,nerr105,6.97
2012,nerr106,7.48
2012,nerr107,8.58
2012,nert,7.74
2012,nertr,8.24
2012,nertu,5.64
1999,ngar101,4.09
1999,ngar102,5.62
1999,ngar103,6.14
1999,ngar104,4.36
1999,ngar105,4.35
1999,ngar106,4.21
1999,ngat,4.78
1999,ngatr,5.01
1999,ngatu,4.27
2003,ngar101,5.79
2003,ngar102,7.0
2003,ngar103,6.82
2003,ngar104,4.14
2003,ngar105,4.61
2003,ngar106,4.13
2003,ngat,5.7
2003,ngatr,6.13
2003,ngatu,4.89
2008,ngar101,5.43
2008,ngar102,7.23
2008,ngar103,7.36
2008,ngar104,4.84
2008,ngar105,4.7
2008,ngar106,4.56
2008,ngat,5.76
2008,ngatr,6.33
2008,ngatu,4.74
2013,ngar101,5.31
2013,ngar102,6.36
2013,ngar103,6.74
2013,ngar104,4.75
2013,ngar105,4.29
2013,ngar106,4.6
2013,ngat,5.59
2013,ngatr,6.23
2013,ngatu,4.7
1998,nicr101,3.08
1998,nicr102,4.42
1998,nicr103,5.21
1998,nict,3.64
1998,nictr,5.0
1998,nictu,2.92
2001,nicr101,2.66
2001,nicr102,3.77
2001,nicr103,4.76
2001,nict,3.24
2001,nictr,4.39
2001,nictu,2.57
1996,nplr101,4.08
1996,nplr102,4.61
1996,nplr103,4.72
1996,nplr104,5.56
1996,nplr105,5.22
1996,nplt,4.68
1996,npltr,4.87
1996,npltu,2.87
2001,nplr101,3.83
2001,nplr102,4.37
2001,nplr103,3.48
2001,nplr104,4.67
2001,nplr105,4.74
2001,nplt,4.13
2001,npltr,4.39
2001,npltu,2.07
2006,nplr101,3.07
2006,nplr102,3.02
2006,nplr103,3.13
2006,nplr104,3.51
2006,nplr105,3.47
2006,nplt,3.17
2006,npltr,3.36
2006,npltu,2.18
2011,nplr101,2.49
2011,nplr102,2.54
2011,nplr103,2.52
2011,nplr104,3.19
2011,nplr105,2.82
2011,nplt,2.63
2011,npltr,2.81
2011,npltu,1.6
1991,pakr101,5.17
1991,pakr102,4.6
1991,pakr103,5.17
1991,pakr104,4.84
1991,pakt,5.02
1991,paktr,5.27
1991,paktu,4.53
2007,pakr101,3.96
2007,pakr102,4.39
2007,pakr103,4.36
2007,pakr104,4.11
2007,pakt,4.12
2007,paktr,4.53
2007,paktu,3.38
2012,pakr101,3.79
2012,pakr102,3.95
2012,pakr103,3.95
2012,pakr104,4.29
2012,pakr105,3.84
2012,pakt,3.86
2012,paktr,4.23
2012,paktu,3.19
1996,perr101,3.91
1996,perr102,4.5
1996,perr103,4.83
1996,perr104,3.48
1996,perr105,2.64
1996,perr106,4.54
1996,pert,3.56
1996,pertr,5.65
1996,pertu,2.81
2000,perr101,2.85
2000,perr102,3.66
2000,perr103,3.98
2000,perr104,2.59
2000,perr105,2.24
2000,perr106,3.93
2000,pert,2.87
2000,pertr,4.38
2000,pertu,2.23
2004,perr101,2.48
2004,perr102,3.61
2004,perr103,3.2
2004,perr104,2.07
2004,perr105,2.07
2004,perr106,3.39
2004,pert,2.53
2004,pertr,3.76
2004,pertu,2.02
2006,perr101,2.76
2006,perr102,3.6
2006,perr103,2.84
2006,perr104,2.33
2006,perr105,2.0
2006,perr106,3.3
2006,pert,2.56
2006,pertr,3.76
2006,pertu,2.08
2008,perr101,2.73
2008,perr102,3.46
2008,perr103,2.97
2008,perr104,2.27
2008,perr105,2.08
2008,perr106,3.17
2008,pert,2.56
2008,pertr,3.65
2008,pertu,2.16
2009,perr101,2.74
2009,perr102,3.57
2009,perr103,2.81
2009,perr104,2.55
2009,perr105,2.21
2009,perr106,2.98
2009,pert,2.62
2009,pertr,3.62
2009,pertu,2.28
2010,perr101,2.8
2010,perr102,3.48
2010,perr103,2.91
2010,perr104,2.42
2010,perr105,2.04
2010,perr106,2.79
2010,pert,2.55
2010,pertr,3.54
2010,pertu,2.2
2011,perr101,2.71
2011,perr102,3.67
2011,perr103,2.88
2011,perr104,2.46
2011,perr105,2.25
2011,perr106,2.8
2011,pert,2.61
2011,pertr,3.55
2011,pertu,2.3
2012,perr101,2.8
2012,perr102,3.62
2012,perr103,2.57
2012,perr104,2.59
2012,perr105,2.2
2012,perr106,2.7
2012,pert,2.58
2012,pertr,3.48
2012,pertu,2.28
1998,phlr101,3.45
1998,phlr102,3.59
1998,phlr103,3.56
1998,phlr104,3.74
1998,phlr105,5.5
1998,phlr106,4.04
1998,phlr107,3.74
1998,phlr108,5.93
1998,phlr109,3.9
1998,phlr110,4.84
1998,phlr111,3.65
1998,phlr112,4.2
1998,phlr113,2.5
1998,phlr114,4.81
1998,phlr115,4.61
1998,phlr116,4.69
1998,phlt,3.75
1998,phltr,4.7
1998,phltu,3.04
2003,phlr101,2.79
2003,phlr102,3.83
2003,phlr103,3.76
2003,phlr104,3.4
2003,phlr105,3.13
2003,phlr106,3.15
2003,phlr107,5.0
2003,phlr108,4.44
2003,phlr109,4.08
2003,phlr110,3.59
2003,phlr111,4.58
2003,phlr112,4.23
2003,phlr113,3.85
2003,phlr114,3.2
2003,phlr115,4.23
2003,phlr116,4.14
2003,phlr117,4.21
2003,phlt,3.56
2003,phltr,4.32
2003,phltu,3.02
2008,phlr101,2.34
2008,phlr102,3.29
2008,phlr103,3.42
2008,phlr104,4.09
2008,phlr105,3.07
2008,phlr106,3.04
2008,phlr107,4.27
2008,phlr108,4.19
2008,phlr109,3.31
2008,phlr110,3.25
2008,phlr111,4.4
2008,phlr112,3.82
2008,phlr113,3.4
2008,phlr114,3.31
2008,phlr115,3.66
2008,phlr116,4.31
2008,phlr117,4.4
2008,phlt,3.29
2008,phltr,3.88
2008,phltu,2.84
2013,phlr101,2.36
2013,phlr102,2.88
2013,phlr103,2.81
2013,phlr104,3.21
2013,phlr105,2.8
2013,phlr106,2.72
2013,phlr107,3.71
2013,phlr108,4.12
2013,phlr109,3.91
2013,phlr110,3.22
2013,phlr111,3.51
2013,phlr112,3.47
2013,phlr113,3.48
2013,phlr114,3.0
2013,phlr115,3.23
2013,phlr116,3.64
2013,phlr117,4.18
2013,phlt,3.07
2013,phltr,3.55
2013,phltu,2.66
1992,rwar101,5.96
1992,rwar102,5.34
1992,rwar103,7.42
1992,rwar104,6.56
1992,rwar105,6.64
1992,rwat,6.27
1992,rwatr,6.38
1992,rwatu,4.58
2000,rwar101,4.86
2000,rwar102,5.18
2000,rwar103,6.47
2000,rwar104,6.71
2000,rwar105,5.59
2000,rwat,5.9
2000,rwatr,6.02
2000,rwatu,5.11
2005,rwar101,4.39
2005,rwar102,5.72
2005,rwar103,6.74
2005,rwar104,6.44
2005,rwar105,6.53
2005,rwat,6.15
2005,rwatr,6.39
2005,rwatu,4.96
2010,rwar101,3.55
2010,rwar102,4.6
2010,rwar103,4.98
2010,rwar104,4.14
2010,rwar105,4.94
2010,rwat,4.57
2010,rwatr,4.77
2010,rwatu,3.45
1992,senr101,4.9
1992,senr102,5.71
1992,senr103,5.89
1992,senr104,5.86
1992,senr105,7.48
1992,senr106,6.8
1992,senr107,6.84
1992,senr108,5.58
1992,senr109,6.88
1992,senr110,7.03
1992,sent,6.08
1992,sentr,6.79
1992,sentu,5.1
1997,senr101,4.28
1997,senr102,5.85
1997,senr103,5.56
1997,senr104,5.71
1997,senr105,7.24
1997,senr106,6.57
1997,senr107,5.92
1997,senr108,6.03
1997,senr109,6.85
1997,senr110,7.21
1997,sent,5.73
1997,sentr,6.82
1997,sentu,4.34
2005,senr101,3.64
2005,senr102,5.07
2005,senr103,6.24
2005,senr104,5.49
2005,senr105,6.31
2005,senr106,5.95
2005,senr107,5.44
2005,senr108,5.55
2005,senr109,6.92
2005,senr110,6.42
2005,sent,5.29
2005,sentr,6.42
2005,sentu,4.09
2011,senr101,3.64
2011,senr102,4.84
2011,senr103,5.24
2011,senr104,5.17
2011,senr105,6.0
2011,senr106,6.22
2011,senr107,4.83
2011,senr108,4.8
2011,senr109,6.38
2011,senr110,6.84
2011,sent,5.01
2011,sentr,6.08
2011,sentu,3.92
2012,senr101,3.58
2012,senr102,5.34
2012,senr103,6.15
2012,senr104,5.54
2012,senr105,6.32
2012,senr106,6.38
2012,senr107,5.22
2012,senr108,4.92
2012,senr109,6.39
2012,senr110,6.71
2012,sent,5.31
2012,sentr,6.36
2012,sentu,4.09
2008,sler101,4.41
2008,sler102,7.48
2008,sler103,5.95
2008,sler104,4.98
2008,sler105,7.22
2008,sler106,5.74
2008,sler107,5.37
2008,sler108,5.99
2008,sler109,4.92
2008,sler110,4.07
2008,sler111,5.98
2008,sler112,5.54
2008,sler113,5.34
2008,sler114,3.18
2008,slet,5.19
2008,sletr,5.91
2008,sletu,3.88
2013,sler101,4.36
2013,sler102,5.95
2013,sler103,5.57
2013,sler104,5.4
2013,sler105,5.25
2013,sler106,6.07
2013,sler107,4.99
2013,sler108,5.87
2013,sler109,5.09
2013,sler110,4.16
2013,sler111,6.25
2013,sler112,6.37
2013,sler113,3.95
2013,sler114,3.18
2013,slet,4.96
2013,sletr,5.75
2013,sletu,3.5
2009,stpr101,4.61
2009,stpr102,5.47
2009,stpr103,5.77
2009,stpr104,5.1
2009,stpt,4.95
2009,stptr,5.59
2009,stptu,4.43
2006,swzr101,3.62
2006,swzr102,3.66
2006,swzr103,4.28
2006,swzr104,4.05
2006,swzt,3.85
2006,swztr,4.22
2006,swztu,3.02
1997,tcdr101,5.53
1997,tcdr102,5.71
1997,tcdr103,5.83
1997,tcdr104,6.02
1997,tcdr105,6.86
1997,tcdr106,7.03
1997,tcdr107,6.88
1997,tcdr108,7.0
1997,tcdt,6.41
1997,tcdtr,6.57
1997,tcdtu,5.88
2004,tcdr101,5.78
2004,tcdr102,6.16
2004,tcdr103,5.8
2004,tcdr104,4.42
2004,tcdr105,7.36
2004,tcdr106,6.71
2004,tcdr107,7.27
2004,tcdr108,6.67
2004,tcdt,6.41
2004,tcdtr,6.59
2004,tcdtu,5.74
1998,tgor101,2.76
1998,tgor102,5.39
1998,tgor103,5.68
1998,tgor104,5.8
1998,tgor105,5.7
1998,tgor106,7.61
1998,tgot,5.23
1998,tgotr,6.35
1998,tgotu,3.26
2014,tgor101,3.43
2014,tgor102,4.52
2014,tgor103,5.23
2014,tgor104,5.14
2014,tgor105,5.38
2014,tgor106,6.04
2014,tgot,4.8
2014,tgotr,5.76
2014,tgotu,3.67
2012,tjkr101,3.39
2012,tjkr102,4.24
2012,tjkr103,3.31
2012,tjkr104,3.88
2012,tjkr105,3.29
2012,tjkt,3.77
2012,tjktr,3.94
2012,tjktu,3.28
2009,tlsr101,5.59
2009,tlsr102,7.26
2009,tlsr103,5.49
2009,tlsr104,5.98
2009,tlsr105,4.4
2009,tlsr106,4.64
2009,tlsr107,6.65
2009,tlsr108,5.65
2009,tlsr109,6.74
2009,tlsr110,5.91
2009,tlsr111,5.53
2009,tlsr112,6.73
2009,tlsr113,5.61
2009,tlst,5.72
2009,tlstr,6.0
2009,tlstu,4.95
1993,turr101,2.09
1993,turr102,1.72
1993,turr103,2.0
1993,turr104,1.79
1993,turr105,2.55
1993,turr106,2.45
1993,turr107,2.8
1993,turr108,2.58
1993,turr109,3.0
1993,turr110,2.83
1993,turr111,5.51
1993,turr112,4.11
1993,turt,2.54
1993,turtr,2.89
1993,turtu,2.34
1998,turr101,2.09
1998,turr102,1.74
1998,turr103,2.23
1998,turr104,2.35
1998,turr105,2.17
1998,turr106,2.59
1998,turr107,2.84
1998,turr108,2.67
1998,turr109,2.91
1998,turr110,3.95
1998,turr111,4.14
1998,turr112,4.32
1998,turt,2.63
1998,turtr,3.12
1998,turtu,2.4
2003,turr101,1.84
2003,turr102,1.85
2003,turr103,1.81
2003,turr104,2.17
2003,turr105,1.87
2003,turr106,2.33
2003,turr107,2.16
2003,turr108,1.87
2003,turr109,2.01
2003,turr110,3.23
2003,turr111,3.16
2003,turr112,4.21
2003,turt,2.26
2003,turtr,2.7
2003,turtu,2.08
2008,turr101,1.81
2008,turr102,1.43
2008,turr103,1.96
2008,turr104,1.79
2008,turr105,2.43
2008,turr106,2.11
2008,turr107,2.09
2008,turr108,1.93
2008,turr109,2.11
2008,turr110,2.58
2008,turr111,3.3
2008,turr112,3.48
2008,turt,2.18
2008,turtr,2.74
2008,turtu,2.01
1992,tzar101,7.09
1992,tzar102,6.14
1992,tzar103,7.04
1992,tzar104,6.32
1992,tzar105,6.76
1992,tzar106,5.31
1992,tzar107,5.11
1992,tzar108,6.41
1992,tzat,6.29
1992,tzatr,6.64
1992,tzatu,5.14
1996,tzar101,6.64
1996,tzar102,5.76
1996,tzar103,6.14
1996,tzar104,5.6
1996,tzar105,7.34
1996,tzar106,4.36
1996,tzar107,4.97
1996,tzar108,6.08
1996,tzat,5.87
1996,tzatr,6.4
1996,tzatu,4.16
1999,tzar101,6.87
1999,tzar102,5.07
1999,tzar103,5.37
1999,tzar104,5.27
1999,tzar105,7.06
1999,tzar106,4.15
1999,tzar107,5.02
1999,tzar108,5.7
1999,tzat,5.6
1999,tzatr,6.52
1999,tzatu,3.2
2004,tzar101,7.37
2004,tzar102,4.9
2004,tzar103,6.1
2004,tzar104,5.98
2004,tzar105,6.79
2004,tzar106,3.61
2004,tzar107,4.81
2004,tzar108,5.35
2004,tzat,5.71
2004,tzatr,6.52
2004,tzatu,3.67
2010,tzar101,7.11
2010,tzar102,4.61
2010,tzar103,6.59
2010,tzar104,5.41
2010,tzar105,6.31
2010,tzar106,3.93
2010,tzar107,4.47
2010,tzar108,5.16
2010,tzat,5.48
2010,tzatr,6.16
2010,tzatu,3.77
1995,ugar101,6.38
1995,ugar102,7.41
1995,ugar103,6.9
1995,ugar104,6.97
1995,ugat,6.9
1995,ugatr,7.2
1995,ugatu,5.08
2001,ugar101,5.72
2001,ugar102,7.45
2001,ugar103,7.94
2001,ugar104,6.9
2001,ugat,6.89
2001,ugatr,7.42
2001,ugatu,4.01
2006,ugar101,5.24
2006,ugar102,7.66
2006,ugar103,7.51
2006,ugar104,6.81
2006,ugat,6.73
2006,ugatr,7.2
2006,ugatu,4.41
2011,ugar101,5.2
2011,ugar102,7.36
2011,ugar103,6.66
2011,ugar104,6.3
2011,ugat,6.29
2011,ugatr,6.87
2011,ugatu,3.89
2007,ukrr101,1.09
2007,ukrr102,1.23
2007,ukrr103,0.87
2007,ukrr104,1.45
2007,ukrr105,1.45
2007,ukrt,1.18
2007,ukrtr,1.55
2007,ukrtu,1.04
1996,uzbr101,3.48
1996,uzbr102,3.44
1996,uzbr103,3.34
1996,uzbr104,3.57
1996,uzbr105,2.34
1996,uzbt,3.35
1996,uzbtr,3.74
1996,uzbtu,2.71
1997,vnmr101,2.05
1997,vnmr102,2.73
1997,vnmr103,2.76
1997,vnmr104,4.04
1997,vnmr105,2.05
1997,vnmr106,1.98
1997,vnmt,2.35
1997,vnmtr,2.56
1997,vnmtu,1.59
2002,vnmr101,1.79
2002,vnmr102,1.97
2002,vnmr103,2.08
2002,vnmr104,2.79
2002,vnmr105,1.77
2002,vnmr106,1.64
2002,vnmt,1.88
2002,vnmtr,1.98
2002,vnmtu,1.54
1991,yemr101,8.39
1991,yemr102,5.16
1991,yemr103,8.45
1991,yemr104,8.32
1991,yemr105,7.88
1991,yemr106,6.37
1991,yemr107,8.62
1991,yemr108,8.11
1991,yemt,7.76
1991,yemtr,8.3
1991,yemtu,5.65
1998,zafr101,2.34
1998,zafr102,3.46
1998,zafr103,2.73
1998,zafr104,2.2
1998,zafr105,3.35
1998,zafr106,2.43
1998,zafr107,2.39
1998,zafr108,3.09
1998,zafr109,3.87
1998,zaft,2.92
1998,zaftr,3.93
1998,zaftu,2.28
1996,zmbr101,6.31
1996,zmbr102,5.58
1996,zmbr103,7.04
1996,zmbr104,6.79
1996,zmbr105,4.9
1996,zmbr106,7.27
1996,zmbr107,6.36
1996,zmbr108,6.19
1996,zmbr109,5.59
1996,zmbt,6.1
1996,zmbtr,6.89
1996,zmbtu,5.1
2002,zmbr101,6.19
2002,zmbr102,4.5
2002,zmbr103,6.77
2002,zmbr104,7.42
2002,zmbr105,4.34
2002,zmbr106,6.98
2002,zmbr107,6.86
2002,zmbr108,6.14
2002,zmbr109,6.49
2002,zmbt,5.91
2002,zmbtr,6.97
2002,zmbtu,4.29
2007,zmbr101,6.42
2007,zmbr102,4.83
2007,zmbr103,7.24
2007,zmbr104,7.29
2007,zmbr105,4.2
2007,zmbr106,7.93
2007,zmbr107,7.29
2007,zmbr108,6.78
2007,zmbr109,6.3
2007,zmbt,6.24
2007,zmbtr,7.56
2007,zmbtu,4.33
2014,zmbr101,5.93
2014,zmbr102,4.0
2014,zmbr103,5.79
2014,zmbr104,6.54
2014,zmbr105,3.66
2014,zmbr106,6.59
2014,zmbr107,6.29
2014,zmbr108,6.21
2014,zmbr109,5.65
2014,zmbt,5.3
2014,zmbtr,6.61
2014,zmbtu,3.75
1994,zwer101,4.52
1994,zwer102,4.58
1994,zwer103,4.85
1994,zwer104,4.87
1994,zwer105,5.76
1994,zwer106,5.04
1994,zwer107,4.58
1994,zwer108,4.61
1994,zwer109,2.77
1994,zwer110,3.27
1994,zwet,4.32
1994,zwetr,4.89
1994,zwetu,3.11
1999,zwer101,4.71
1999,zwer102,5.01
1999,zwer103,4.29
1999,zwer104,4.13
1999,zwer105,4.1
1999,zwer106,4.78
1999,zwer107,4.05
1999,zwer108,3.98
1999,zwer109,2.94
1999,zwer110,2.97
1999,zwet,3.99
1999,zwetr,4.6
1999,zwetu,2.98
2006,zwer101,4.24
2006,zwer102,4.61
2006,zwer103,3.74
2006,zwer104,3.81
2006,zwer105,4.29
2006,zwer106,4.08
2006,zwer107,4.25
2006,zwer108,4.97
2006,zwer109,2.53
2006,zwer110,2.34
2006,zwet,3.82
2006,zwetr,4.63
2006,zwetu,2.59
2011,zwer101,4.76
2011,zwer102,4.48
2011,zwer103,4.49
2011,zwer104,4.5
2011,zwer105,4.08
2011,zwer106,4.19
2011,zwer107,4.26
2011,zwer108,4.79
2011,zwer109,3.14
2011,zwer110,2.82
2011,zwet,4.13
2011,zwetr,4.8
2011,zwetu,3.09
