wealth_quartiles,year,nnaturalfloor
afgw41,2010,3279.0
afgw41,2015,6089.0
afgw42,2010,3277.0
afgw42,2015,6086.0
afgw43,2010,3281.0
afgw43,2015,6098.0
afgw44,2010,3278.0
afgw44,2015,6094.0
agow41,2000,1545.0
agow41,2011,2007.0
agow41,2016,4027.0
agow42,2000,1588.0
agow42,2011,2007.0
agow42,2016,4028.0
agow43,2000,1555.0
agow43,2011,2009.0
agow43,2016,4027.0
agow44,2000,1562.0
agow44,2011,2007.0
agow44,2016,4027.0
albw41,2005,1285.0
albw41,2009,2000.0
albw41,2017,3955.0
albw42,2005,1287.0
albw42,2009,2000.0
albw42,2017,3957.0
albw43,2005,1288.0
albw43,2009,2000.0
albw43,2017,3955.0
albw44,2005,1287.0
albw44,2009,1999.0
albw44,2017,3956.0
argw41,2011,6878.0
argw41,2020,3743.0
argw42,2011,6876.0
argw42,2020,3741.0
argw43,2011,6884.0
argw43,2020,3743.0
argw44,2011,6881.0
argw44,2020,3741.0
armw41,2000,1507.0
armw41,2010,1654.0
armw41,2016,1972.0
armw42,2000,1496.0
armw42,2010,1657.0
armw42,2016,1971.0
armw43,2000,1514.0
armw43,2010,1652.0
armw43,2016,1971.0
armw44,2000,1506.0
armw44,2010,1653.0
armw44,2016,1970.0
azew41,2006,1817.0
azew42,2006,1822.0
azew43,2006,1826.0
azew44,2006,1823.0
bdiw41,2005,2050.0
bdiw41,2010,2194.0
bdiw41,2017,3994.0
bdiw42,2005,2049.0
bdiw42,2010,2195.0
bdiw42,2017,3995.0
bdiw43,2005,2042.0
bdiw43,2010,2184.0
bdiw43,2017,3994.0
bdiw44,2005,2034.0
bdiw44,2010,2194.0
bdiw44,2017,3994.0
benw41,1996,1136.0
benw41,2001,1427.0
benw41,2006,4378.0
benw41,2011,4427.0
benw41,2018,3539.0
benw42,1996,1131.0
benw42,2001,1443.0
benw42,2006,4368.0
benw42,2011,4427.0
benw42,2018,3539.0
benw43,1996,1136.0
benw43,2001,1432.0
benw43,2006,4374.0
benw43,2011,4428.0
benw43,2018,3540.0
benw44,1996,1138.0
benw44,2001,1434.0
benw44,2006,4378.0
benw44,2011,4427.0
benw44,2018,3538.0
bfaw41,1998,1234.0
bfaw41,2003,2322.0
bfaw41,2010,3594.0
bfaw42,1998,1119.0
bfaw42,2003,2306.0
bfaw42,2010,3594.0
bfaw43,1998,1181.0
bfaw43,2003,2314.0
bfaw43,2010,3594.0
bfaw44,1998,1170.0
bfaw44,2003,2317.0
bfaw44,2010,3592.0
bgdw41,1996,2055.0
bgdw41,2004,2667.0
bgdw41,2011,4285.0
bgdw41,2014,4325.0
bgdw41,2019,15311.0
bgdw42,1996,2303.0
bgdw42,2004,2668.0
bgdw42,2011,4283.0
bgdw42,2014,4326.0
bgdw42,2019,15311.0
bgdw43,1996,2151.0
bgdw43,2004,2661.0
bgdw43,2011,4285.0
bgdw43,2014,4322.0
bgdw43,2019,15311.0
bgdw44,1996,2162.0
bgdw44,2004,2667.0
bgdw44,2011,4285.0
bgdw44,2014,4322.0
bgdw44,2019,15309.0
bihw41,2006,1292.0
bihw41,2011,1435.0
bihw42,2006,1277.0
bihw42,2011,1437.0
bihw43,2006,1326.0
bihw43,2011,1441.0
bihw44,2006,1335.0
bihw44,2011,1442.0
blrw41,2005,1594.0
blrw41,2012,1976.0
blrw41,2019,2167.0
blrw42,2005,1471.0
blrw42,2012,1866.0
blrw42,2019,2167.0
blrw43,2005,1273.0
blrw43,2012,1744.0
blrw43,2019,2166.0
blrw44,2005,1201.0
blrw44,2012,1869.0
blrw44,2019,2168.0
blzw41,2006,458.0
blzw41,2011,1103.0
blzw42,2006,458.0
blzw42,2011,1093.0
blzw43,2006,458.0
blzw43,2011,1098.0
blzw44,2006,458.0
blzw44,2011,1101.0
bolw41,1998,3052.0
bolw41,2003,4782.0
bolw41,2008,4894.0
bolw42,1998,3047.0
bolw42,2003,4780.0
bolw42,2008,4891.0
bolw43,1998,3053.0
bolw43,2003,4784.0
bolw43,2008,4893.0
bolw44,1998,3049.0
bolw44,2003,4776.0
bolw44,2008,4890.0
braw41,1996,3319.0
braw41,2010,79000.0
braw42,1996,3342.0
braw42,2010,66297.0
braw43,1996,3298.0
braw43,2010,65492.0
braw44,1996,3317.0
braw44,2010,76662.0
brbw41,2012,718.0
brbw42,2012,716.0
brbw43,2012,716.0
brbw44,2012,717.0
btnw41,2010,3724.0
btnw42,2010,3726.0
btnw43,2010,3725.0
btnw44,2010,3724.0
bwaw41,2000,1362.0
bwaw41,2001,10099.0
bwaw41,2011,13824.0
bwaw41,2013,609.0
bwaw42,2000,1750.0
bwaw42,2001,10593.0
bwaw42,2011,13805.0
bwaw42,2013,583.0
bwaw43,2000,1529.0
bwaw43,2001,9609.0
bwaw43,2011,13730.0
bwaw43,2013,610.0
bwaw44,2000,1541.0
bwaw44,2001,10103.0
bwaw44,2011,13782.0
bwaw44,2013,585.0
cafw41,1994,1369.0
cafw41,2006,2884.0
cafw41,2010,2939.0
cafw41,2019,2032.0
cafw42,1994,1358.0
cafw42,2006,2884.0
cafw42,2010,2938.0
cafw42,2019,2034.0
cafw43,1994,1390.0
cafw43,2006,2876.0
cafw43,2010,2940.0
cafw43,2019,2034.0
cafw44,1994,1372.0
cafw44,2006,2880.0
cafw44,2010,2938.0
cafw44,2019,2033.0
chlw41,2002,69138.0
chlw42,2002,78411.0
chlw43,2002,58687.0
chlw44,2002,69307.0
civw41,1994,1478.0
civw41,1999,510.0
civw41,2005,1074.0
civw41,2011,2477.0
civw42,1994,1473.0
civw42,1999,509.0
civw42,2005,1074.0
civw42,2011,2476.0
civw43,1994,1478.0
civw43,1999,502.0
civw43,2005,1071.0
civw43,2011,2478.0
civw44,1994,1480.0
civw44,1999,368.0
civw44,2005,1076.0
civw44,2011,2476.0
cmrw41,1998,1085.0
cmrw41,2004,2608.0
cmrw41,2011,3539.0
cmrw41,2018,2937.0
cmrw42,1998,1273.0
cmrw42,2004,2608.0
cmrw42,2011,3534.0
cmrw42,2018,2936.0
cmrw43,1998,1136.0
cmrw43,2004,2602.0
cmrw43,2011,3536.0
cmrw43,2018,2936.0
cmrw44,1998,1164.0
cmrw44,2004,2606.0
cmrw44,2011,3537.0
cmrw44,2018,2936.0
codw41,2007,2182.0
codw41,2010,2891.0
codw41,2013,4465.0
codw41,2018,5198.0
codw42,2007,2181.0
codw42,2010,2876.0
codw42,2013,4464.0
codw42,2018,5197.0
codw43,2007,2183.0
codw43,2010,2886.0
codw43,2013,4463.0
codw43,2018,5199.0
codw44,2007,2180.0
codw44,2010,2888.0
codw44,2013,4464.0
codw44,2018,5197.0
cogw41,2005,1470.0
cogw41,2011,2909.0
cogw41,2015,3201.0
cogw42,2005,1470.0
cogw42,2011,2908.0
cogw42,2015,3185.0
cogw43,2005,1470.0
cogw43,2011,2907.0
cogw43,2015,3183.0
cogw44,2005,1470.0
cogw44,2011,2908.0
cogw44,2015,3196.0
colw41,1995,2538.0
colw41,2000,2757.0
colw41,2005,9355.0
colw41,2010,13125.0
colw41,2015,11153.0
colw42,1995,2546.0
colw42,2000,2725.0
colw42,2005,9357.0
colw42,2010,13125.0
colw42,2015,11163.0
colw43,1995,2542.0
colw43,2000,2616.0
colw43,2005,9356.0
colw43,2010,13111.0
colw43,2015,11146.0
colw44,1995,2535.0
colw44,2000,2955.0
colw44,2005,9355.0
colw44,2010,13138.0
colw44,2015,11152.0
comw41,1996,564.0
comw41,2012,1124.0
comw42,1996,556.0
comw42,2012,1127.0
comw43,1996,562.0
comw43,2012,1126.0
comw44,1996,557.0
comw44,2012,1126.0
cpvw41,2013,590.0
cpvw42,2013,593.0
cpvw43,2013,590.0
cpvw44,2013,591.0
criw41,2011,1390.0
criw41,2018,1000.0
criw42,2011,1390.0
criw42,2018,1000.0
criw43,2011,1392.0
criw43,2018,1000.0
criw44,2011,1389.0
criw44,2018,999.0
cubw41,2019,2993.0
cubw42,2019,2990.0
cubw43,2019,2990.0
cubw44,2019,2993.0
djiw41,2006,1280.0
djiw42,2006,1161.0
djiw43,2006,1217.0
djiw44,2006,1224.0
domw41,1996,2246.0
domw41,2002,6873.0
domw41,2007,8177.0
domw41,2013,2882.0
domw41,2019,7872.0
domw42,1996,2238.0
domw42,2002,6882.0
domw42,2007,8172.0
domw42,2013,2882.0
domw42,2019,7873.0
domw43,1996,2252.0
domw43,2002,6880.0
domw43,2007,8174.0
domw43,2013,2883.0
domw43,2019,7871.0
domw44,1996,2228.0
domw44,2002,6894.0
domw44,2007,8163.0
domw44,2013,2882.0
domw44,2019,7871.0
dzaw41,2002,1841.0
dzaw41,2013,6799.0
dzaw41,2019,7479.0
dzaw42,2002,2248.0
dzaw42,2013,6799.0
dzaw42,2019,7481.0
dzaw43,2002,2301.0
dzaw43,2013,6799.0
dzaw43,2019,7480.0
dzaw44,2002,2434.0
dzaw44,2013,6800.0
dzaw44,2019,7479.0
ecuw41,2007,1392.0
ecuw41,2011,719.0
ecuw42,2007,1120.0
ecuw42,2011,1078.0
ecuw43,2007,1323.0
ecuw43,2011,708.0
ecuw44,2007,1792.0
ecuw44,2011,490.0
egyw41,1995,4089.0
egyw41,2000,4274.0
egyw41,2005,5628.0
egyw41,2008,4885.0
egyw41,2014,7027.0
egyw42,1995,4087.0
egyw42,2000,4275.0
egyw42,2005,5630.0
egyw42,2008,4884.0
egyw42,2014,7033.0
egyw43,1995,4087.0
egyw43,2000,4273.0
egyw43,2005,5601.0
egyw43,2008,4885.0
egyw43,2014,7036.0
egyw44,1995,4090.0
egyw44,2000,4271.0
egyw44,2005,5661.0
egyw44,2008,4885.0
egyw44,2014,7025.0
eriw41,1995,1377.0
eriw41,2002,2319.0
eriw42,1995,1558.0
eriw42,2002,2319.0
eriw43,1995,1169.0
eriw43,2002,2318.0
eriw44,1995,1364.0
eriw44,2002,2317.0
ethw41,2000,3518.0
ethw41,2005,3428.0
ethw41,2011,4176.0
ethw41,2016,4163.0
ethw42,2000,3510.0
ethw42,2005,3433.0
ethw42,2011,4173.0
ethw42,2016,4162.0
ethw43,2000,3525.0
ethw43,2005,3426.0
ethw43,2011,4174.0
ethw43,2016,4161.0
ethw44,2000,3515.0
ethw44,2005,3427.0
ethw44,2011,4174.0
ethw44,2016,4163.0
gabw41,2000,1546.0
gabw41,2012,2474.0
gabw42,2000,1545.0
gabw42,2012,2475.0
gabw43,2000,1544.0
gabw43,2012,2467.0
gabw44,2000,1546.0
gabw44,2012,2472.0
geow41,2005,3003.0
geow41,2018,3067.0
geow42,2005,3002.0
geow42,2018,3068.0
geow43,2005,3003.0
geow43,2018,3067.0
geow44,2005,3002.0
geow44,2018,3067.0
ghaw41,1998,1592.0
ghaw41,2003,1666.0
ghaw41,2006,1484.0
ghaw41,2008,3072.0
ghaw41,2011,3509.0
ghaw41,2014,2959.0
ghaw41,2017,3222.0
ghaw42,1998,1510.0
ghaw42,2003,1603.0
ghaw42,2006,1486.0
ghaw42,2008,3074.0
ghaw42,2011,3505.0
ghaw42,2014,2958.0
ghaw42,2017,3224.0
ghaw43,1998,1557.0
ghaw43,2003,1630.0
ghaw43,2006,1484.0
ghaw43,2008,3076.0
ghaw43,2011,3508.0
ghaw43,2014,2959.0
ghaw43,2017,3220.0
ghaw44,1998,1546.0
ghaw44,2003,1632.0
ghaw44,2006,1483.0
ghaw44,2008,3075.0
ghaw44,2011,3507.0
ghaw44,2014,2959.0
ghaw44,2017,3221.0
ginw41,2005,1548.0
ginw41,2012,1777.0
ginw41,2018,1978.0
ginw42,2005,1578.0
ginw42,2012,1778.0
ginw42,2018,1979.0
ginw43,2005,1578.0
ginw43,2012,1777.0
ginw43,2018,1977.0
ginw44,2005,1562.0
ginw44,2012,1778.0
ginw44,2018,1978.0
gmbw41,2000,1114.0
gmbw41,2006,1517.0
gmbw41,2013,1553.0
gmbw41,2018,1850.0
gmbw41,2020,1637.0
gmbw42,2000,1115.0
gmbw42,2006,1514.0
gmbw42,2013,1554.0
gmbw42,2018,1851.0
gmbw42,2020,1638.0
gmbw43,2000,1117.0
gmbw43,2006,1517.0
gmbw43,2013,1552.0
gmbw43,2018,1852.0
gmbw43,2020,1638.0
gmbw44,2000,1119.0
gmbw44,2006,1517.0
gmbw44,2013,1551.0
gmbw44,2018,1851.0
gmbw44,2020,1637.0
gnbw41,2006,1326.0
gnbw41,2014,1649.0
gnbw41,2019,1845.0
gnbw42,2006,1326.0
gnbw42,2014,1646.0
gnbw42,2019,1845.0
gnbw43,2006,1326.0
gnbw43,2014,1641.0
gnbw43,2019,1845.0
gnbw44,2006,1326.0
gnbw44,2014,1635.0
gnbw44,2019,1845.0
gnqw41,2000,993.0
gnqw42,2000,843.0
gnqw43,2000,1013.0
gnqw44,2000,942.0
gtmw41,1995,2904.0
gtmw41,1999,1442.0
gtmw41,2007,746.0
gtmw41,2012,391.0
gtmw41,2015,5345.0
gtmw42,1995,2888.0
gtmw42,1999,1440.0
gtmw42,2007,728.0
gtmw42,2012,318.0
gtmw42,2015,5345.0
gtmw43,1995,2876.0
gtmw43,1999,1439.0
gtmw43,2007,712.0
gtmw43,2012,426.0
gtmw43,2015,5345.0
gtmw44,1995,2908.0
gtmw44,1999,1443.0
gtmw44,2007,797.0
gtmw44,2012,347.0
gtmw44,2015,5343.0
guyw41,2006,1236.0
guyw41,2009,1468.0
guyw41,2014,1261.0
guyw41,2019,1767.0
guyw42,2006,1239.0
guyw42,2009,1481.0
guyw42,2014,1264.0
guyw42,2019,1769.0
guyw43,2006,1248.0
guyw43,2009,1471.0
guyw43,2014,1265.0
guyw43,2019,1768.0
guyw44,2006,1246.0
guyw44,2009,1478.0
guyw44,2014,1263.0
guyw44,2019,1767.0
hndw41,2005,4770.0
hndw41,2011,5498.0
hndw41,2019,5167.0
hndw42,2005,4271.0
hndw42,2011,5497.0
hndw42,2019,5168.0
hndw43,2005,3480.0
hndw43,2011,5496.0
hndw43,2019,5167.0
hndw44,2005,2396.0
hndw44,2011,5495.0
hndw44,2019,5166.0
htiw41,1994,1194.0
htiw41,2000,2555.0
htiw41,2005,2532.0
htiw41,2012,3334.0
htiw41,2017,3351.0
htiw42,1994,1208.0
htiw42,2000,2428.0
htiw42,2005,2532.0
htiw42,2012,3335.0
htiw42,2017,3352.0
htiw43,1994,1197.0
htiw43,2000,2455.0
htiw43,2005,2528.0
htiw43,2012,3334.0
htiw43,2017,3351.0
htiw44,1994,1200.0
htiw44,2000,2520.0
htiw44,2005,2535.0
htiw44,2012,3333.0
htiw44,2017,3350.0
idnw41,1997,8337.0
idnw41,2003,8106.0
idnw41,2007,10684.0
idnw41,2012,11425.0
idnw41,2017,12027.0
idnw42,1997,8753.0
idnw42,2003,8407.0
idnw42,2007,10677.0
idnw42,2012,11380.0
idnw42,2017,12026.0
idnw43,1997,8881.0
idnw43,2003,8477.0
idnw43,2007,10681.0
idnw43,2012,11479.0
idnw43,2017,12028.0
idnw44,1997,8940.0
idnw44,2003,8481.0
idnw44,2007,10675.0
idnw44,2012,11433.0
idnw44,2017,12026.0
indw41,2006,26525.0
indw41,2012,10550.0
indw41,2016,150376.0
indw42,2006,25194.0
indw42,2012,10481.0
indw42,2016,150378.0
indw43,2006,24273.0
indw43,2012,10547.0
indw43,2016,150377.0
indw44,2006,25565.0
indw44,2012,10507.0
indw44,2016,150378.0
irnw41,2006,80243.0
irnw42,2006,73107.0
irnw43,2006,80683.0
irnw44,2006,86022.0
irqw41,2006,4585.0
irqw41,2011,8925.0
irqw41,2018,5053.0
irqw42,2006,4797.0
irqw42,2011,8927.0
irqw42,2018,5054.0
irqw43,2006,4409.0
irqw43,2011,8927.0
irqw43,2018,5054.0
irqw44,2006,4597.0
irqw44,2011,8923.0
irqw44,2018,5053.0
jamw41,2011,1490.0
jamw42,2011,1491.0
jamw43,2011,1490.0
jamw44,2011,1489.0
jorw41,2002,2002.0
jorw41,2007,3790.0
jorw41,2012,3916.0
jorw41,2017,4699.0
jorw42,2002,1999.0
jorw42,2007,3805.0
jorw42,2012,3918.0
jorw42,2017,4702.0
jorw43,2002,2005.0
jorw43,2007,3809.0
jorw43,2012,3913.0
jorw43,2017,4700.0
jorw44,2002,2001.0
jorw44,2007,3808.0
jorw44,2012,3916.0
jorw44,2017,4700.0
kazw41,1995,1024.0
kazw41,1999,1349.0
kazw41,2006,3641.0
kazw41,2010,3871.0
kazw41,2015,3268.0
kazw42,1995,1024.0
kazw42,1999,1358.0
kazw42,2006,3641.0
kazw42,2010,3835.0
kazw42,2015,2268.0
kazw43,1995,1022.0
kazw43,1999,1341.0
kazw43,2006,3637.0
kazw43,2010,3827.0
kazw43,2015,1094.0
kazw44,1995,1025.0
kazw44,1999,1362.0
kazw44,2006,3644.0
kazw44,2010,3912.0
kazw44,2015,740.0
kenw41,1993,1981.0
kenw41,1998,2150.0
kenw41,2003,2107.0
kenw41,2008,1368.0
kenw41,2014,9106.0
kenw42,1993,1983.0
kenw42,1998,2148.0
kenw42,2003,2105.0
kenw42,2008,1427.0
kenw42,2014,9106.0
kenw43,1993,1945.0
kenw43,1998,2128.0
kenw43,2003,2098.0
kenw43,2008,2128.0
kenw43,2014,9108.0
kenw44,1993,1977.0
kenw44,1998,2150.0
kenw44,2003,2107.0
kenw44,2008,2250.0
kenw44,2014,9104.0
kgzw41,1997,922.0
kgzw41,2006,1300.0
kgzw41,2012,2009.0
kgzw41,2014,1720.0
kgzw41,2018,1742.0
kgzw42,1997,913.0
kgzw42,2006,1298.0
kgzw42,2012,2011.0
kgzw42,2014,1721.0
kgzw42,2018,1742.0
kgzw43,1997,920.0
kgzw43,2006,1300.0
kgzw43,2012,2008.0
kgzw43,2014,1727.0
kgzw43,2018,1742.0
kgzw44,1997,916.0
kgzw44,2006,1299.0
kgzw44,2012,2009.0
kgzw44,2014,1727.0
kgzw44,2018,1741.0
khmw41,2000,3068.0
khmw41,2005,3644.0
khmw41,2010,3996.0
khmw41,2014,3957.0
khmw42,2000,3080.0
khmw42,2005,3630.0
khmw42,2010,3996.0
khmw42,2014,3956.0
khmw43,2000,3078.0
khmw43,2005,3489.0
khmw43,2010,3996.0
khmw43,2014,3957.0
khmw44,2000,3070.0
khmw44,2005,3095.0
khmw44,2010,3996.0
khmw44,2014,3955.0
kirw41,2018,768.0
kirw42,2018,768.0
kirw43,2018,768.0
kirw44,2018,767.0
ksvw41,2014,1029.0
ksvw41,2020,1281.0
ksvw42,2014,1031.0
ksvw42,2020,1282.0
ksvw43,2014,1030.0
ksvw43,2020,1281.0
ksvw44,2014,1030.0
ksvw44,2020,1280.0
laow41,2012,4711.0
laow41,2017,5572.0
laow42,2012,4710.0
laow42,2017,5573.0
laow43,2012,4710.0
laow43,2017,5571.0
laow44,2012,4711.0
laow44,2017,5572.0
lbrw41,2007,1704.0
lbrw41,2013,2401.0
lbrw41,2019,2267.0
lbrw42,2007,1696.0
lbrw42,2013,2401.0
lbrw42,2019,2266.0
lbrw43,2007,1702.0
lbrw43,2013,2401.0
lbrw43,2019,2266.0
lbrw44,2007,1700.0
lbrw44,2013,2401.0
lbrw44,2019,2269.0
lcaw41,2012,429.0
lcaw42,2012,429.0
lcaw43,2012,429.0
lcaw44,2012,428.0
lsow41,2004,2198.0
lsow41,2010,2424.0
lsow41,2014,2351.0
lsow41,2018,2212.0
lsow42,2004,2194.0
lsow42,2010,2414.0
lsow42,2014,2351.0
lsow42,2018,2212.0
lsow43,2004,2187.0
lsow43,2010,2423.0
lsow43,2014,2351.0
lsow43,2018,2212.0
lsow44,2004,2196.0
lsow44,2010,2423.0
lsow44,2014,2349.0
lsow44,2018,2211.0
marw41,1992,1639.0
marw41,2003,2668.0
marw41,2014,549.0
marw42,1992,1634.0
marw42,2003,2554.0
marw42,2014,690.0
marw43,1992,1640.0
marw43,2003,2824.0
marw43,2014,609.0
marw44,1992,1613.0
marw44,2003,2868.0
marw44,2014,509.0
mdaw41,2005,2776.0
mdaw41,2012,2723.0
mdaw42,2005,2778.0
mdaw42,2012,2754.0
mdaw43,2005,2773.0
mdaw43,2012,2770.0
mdaw44,2005,2770.0
mdaw44,2012,2784.0
mdgw41,1992,1804.0
mdgw41,1997,1751.0
mdgw41,2004,1856.0
mdgw41,2009,4463.0
mdgw41,2018,4414.0
mdgw42,1992,1195.0
mdgw42,1997,1766.0
mdgw42,2004,2393.0
mdgw42,2009,4464.0
mdgw42,2018,4391.0
mdgw43,1992,1434.0
mdgw43,1997,1758.0
mdgw43,2004,2075.0
mdgw43,2009,4461.0
mdgw43,2018,4434.0
mdgw44,1992,1486.0
mdgw44,1997,1758.0
mdgw44,2004,2096.0
mdgw44,2009,4463.0
mdgw44,2018,4451.0
mdvw41,2009,1592.0
mdvw41,2017,1512.0
mdvw42,2009,1626.0
mdvw42,2017,1514.0
mdvw43,2009,1611.0
mdvw43,2017,1513.0
mdvw44,2009,1602.0
mdvw44,2017,1512.0
mexw41,2000,57195.0
mexw41,2010,72105.0
mexw41,2015,2668.0
mexw42,2000,57217.0
mexw42,2010,72679.0
mexw42,2015,2668.0
mexw43,2000,58511.0
mexw43,2010,68522.0
mexw43,2015,2678.0
mexw44,2000,56181.0
mexw44,2010,74652.0
mexw44,2015,2667.0
mkdw41,2005,1557.0
mkdw41,2011,993.0
mkdw41,2019,1021.0
mkdw42,2005,1553.0
mkdw42,2011,988.0
mkdw42,2019,1021.0
mkdw43,2005,1570.0
mkdw43,2011,1000.0
mkdw43,2019,1019.0
mkdw44,2005,1581.0
mkdw44,2011,1005.0
mkdw44,2019,1022.0
mliw41,1995,2206.0
mliw41,2006,3208.0
mliw41,2013,2523.0
mliw41,2018,2378.0
mliw42,1995,2199.0
mliw42,2006,3205.0
mliw42,2013,2522.0
mliw42,2018,2378.0
mliw43,1995,2181.0
mliw43,2006,3202.0
mliw43,2013,2522.0
mliw43,2018,2378.0
mliw44,1995,2203.0
mliw44,2006,3207.0
mliw44,2013,2522.0
mliw44,2018,2377.0
mmrw41,2000,6331.0
mmrw41,2016,3125.0
mmrw42,2000,6422.0
mmrw42,2016,3126.0
mmrw43,2000,6379.0
mmrw43,2016,3126.0
mmrw44,2000,6366.0
mmrw44,2016,3124.0
mnew41,2005,587.0
mnew41,2013,1007.0
mnew41,2018,957.0
mnew42,2005,588.0
mnew42,2013,1010.0
mnew42,2018,957.0
mnew43,2005,587.0
mnew43,2013,1013.0
mnew43,2018,955.0
mnew44,2005,589.0
mnew44,2013,1013.0
mnew44,2018,957.0
mngw41,2005,1554.0
mngw41,2010,2506.0
mngw41,2018,3446.0
mngw42,2005,1555.0
mngw42,2010,2507.0
mngw42,2018,3450.0
mngw43,2005,1554.0
mngw43,2010,2507.0
mngw43,2018,3448.0
mngw44,2005,1555.0
mngw44,2010,2506.0
mngw44,2018,3447.0
mozw41,1997,2379.0
mozw41,2003,3148.0
mozw41,2011,2810.0
mozw42,1997,2405.0
mozw42,2003,3216.0
mozw42,2011,2979.0
mozw43,1997,2340.0
mozw43,2003,3273.0
mozw43,2011,2711.0
mozw44,1997,2327.0
mozw44,2003,3210.0
mozw44,2011,834.0
mrtw41,2001,1541.0
mrtw41,2007,2591.0
mrtw41,2011,2528.0
mrtw41,2015,2941.0
mrtw42,2001,1533.0
mrtw42,2007,2590.0
mrtw42,2011,2531.0
mrtw42,2015,2941.0
mrtw43,2001,1518.0
mrtw43,2007,2590.0
mrtw43,2011,2529.0
mrtw43,2015,2943.0
mrtw44,2001,1535.0
mrtw44,2007,2590.0
mrtw44,2011,2529.0
mrtw44,2015,2940.0
musw41,2013,607.0
musw42,2013,475.0
musw43,2013,810.0
musw44,2013,498.0
mwiw41,1992,1333.0
mwiw41,2000,3443.0
mwiw41,2004,3413.0
mwiw41,2010,6285.0
mwiw41,2016,6591.0
mwiw41,2020,6356.0
mwiw42,1992,1419.0
mwiw42,2000,3618.0
mwiw42,2004,3415.0
mwiw42,2010,6283.0
mwiw42,2016,6590.0
mwiw42,2020,6354.0
mwiw43,1992,1363.0
mwiw43,2000,3588.0
mwiw43,2004,3409.0
mwiw43,2010,6285.0
mwiw43,2016,6590.0
mwiw43,2020,6355.0
mwiw44,1992,1372.0
mwiw44,2000,3551.0
mwiw44,2004,3408.0
mwiw44,2010,6280.0
mwiw44,2016,6591.0
mwiw44,2020,6354.0
namw41,1992,1064.0
namw41,2000,1524.0
namw41,2006,2278.0
namw41,2013,2393.0
namw42,1992,1062.0
namw42,2000,1524.0
namw42,2006,2273.0
namw42,2013,2397.0
namw43,1992,1050.0
namw43,2000,1524.0
namw43,2006,2279.0
namw43,2013,2393.0
namw44,1992,1059.0
namw44,2000,1523.0
namw44,2006,2272.0
namw44,2013,2386.0
nerw41,1998,1531.0
nerw41,2006,1953.0
nerw41,2012,2697.0
nerw42,1998,1515.0
nerw42,2006,1938.0
nerw42,2012,2696.0
nerw43,1998,1520.0
nerw43,2006,1965.0
nerw43,2012,2697.0
nerw44,1998,1513.0
nerw44,2006,1948.0
nerw44,2012,2696.0
ngaw41,1999,1913.0
ngaw41,2003,1806.0
ngaw41,2008,8518.0
ngaw41,2013,9660.0
ngaw41,2018,10138.0
ngaw42,1999,1911.0
ngaw42,2003,1808.0
ngaw42,2008,8517.0
ngaw42,2013,9660.0
ngaw42,2018,10135.0
ngaw43,1999,1910.0
ngaw43,2003,1804.0
ngaw43,2008,8518.0
ngaw43,2013,9660.0
ngaw43,2018,10139.0
ngaw44,1999,1913.0
ngaw44,2003,1807.0
ngaw44,2008,8517.0
ngaw44,2013,9659.0
ngaw44,2018,10137.0
nicw41,1998,2916.0
nicw41,2001,2871.0
nicw41,2007,783.0
nicw41,2012,406.0
nicw42,1998,2914.0
nicw42,2001,2872.0
nicw42,2007,811.0
nicw42,2012,344.0
nicw43,1998,2915.0
nicw43,2001,2870.0
nicw43,2007,690.0
nicw43,2012,351.0
nicw44,1998,2918.0
nicw44,2001,2863.0
nicw44,2007,868.0
nicw44,2012,433.0
nplw41,1996,2024.0
nplw41,2001,2171.0
nplw41,2006,2177.0
nplw41,2011,2706.0
nplw41,2016,2760.0
nplw42,1996,2020.0
nplw42,2001,2126.0
nplw42,2006,2175.0
nplw42,2011,2706.0
nplw42,2016,2760.0
nplw43,1996,2016.0
nplw43,2001,2151.0
nplw43,2006,2173.0
nplw43,2011,2707.0
nplw43,2016,2759.0
nplw44,1996,2019.0
nplw44,2001,2148.0
nplw44,2006,2176.0
nplw44,2011,2706.0
nplw44,2016,2760.0
pakw41,2007,2313.0
pakw41,2012,3236.0
pakw41,2018,3635.0
pakw42,2007,2309.0
pakw42,2012,3235.0
pakw42,2018,3634.0
pakw43,2007,2315.0
pakw43,2012,3237.0
pakw43,2018,3635.0
pakw44,2007,2311.0
pakw44,2012,3235.0
pakw44,2018,3630.0
panw41,2007,748.0
panw41,2012,423.0
panw41,2013,2471.0
panw42,2007,712.0
panw42,2012,108.0
panw42,2013,2471.0
panw43,2007,1219.0
panw43,2012,606.0
panw43,2013,2470.0
panw44,2007,347.0
panw44,2012,398.0
panw44,2013,2471.0
perw41,1996,7038.0
perw41,2000,7112.0
perw41,2004,3036.0
perw41,2006,3499.0
perw41,2008,4922.0
perw41,2009,6608.0
perw41,2010,6602.0
perw41,2011,6546.0
perw41,2012,6805.0
perw42,1996,7019.0
perw42,2000,7112.0
perw42,2004,3033.0
perw42,2006,3499.0
perw42,2008,4921.0
perw42,2009,6608.0
perw42,2010,6613.0
perw42,2011,6547.0
perw42,2012,6806.0
perw43,1996,7005.0
perw43,2000,7113.0
perw43,2004,3037.0
perw43,2006,3500.0
perw43,2008,4926.0
perw43,2009,6609.0
perw43,2010,6613.0
perw43,2011,6545.0
perw43,2012,6802.0
perw44,1996,7042.0
perw44,2000,7113.0
perw44,2004,3035.0
perw44,2006,3496.0
perw44,2008,4917.0
perw44,2009,6606.0
perw44,2010,6577.0
perw44,2011,6547.0
perw44,2012,6800.0
phlw41,1998,3116.0
phlw41,2003,3159.0
phlw41,2008,3117.0
phlw41,2013,3728.0
phlw41,2017,6875.0
phlw42,1998,3110.0
phlw42,2003,3159.0
phlw42,2008,3116.0
phlw42,2013,3733.0
phlw42,2017,6872.0
phlw43,1998,3118.0
phlw43,2003,3160.0
phlw43,2008,3118.0
phlw43,2013,3732.0
phlw43,2017,6877.0
phlw44,1998,3111.0
phlw44,2003,3161.0
phlw44,2008,3114.0
phlw44,2013,3730.0
phlw44,2017,6872.0
pngw41,2017,4005.0
pngw42,2017,4006.0
pngw43,2017,4007.0
pngw44,2017,4003.0
pryw41,2002,26277.0
pryw41,2007,518.0
pryw41,2012,440.0
pryw42,2002,27034.0
pryw42,2007,554.0
pryw42,2012,311.0
pryw43,2002,25315.0
pryw43,2007,722.0
pryw43,2012,472.0
pryw44,2002,26436.0
pryw44,2007,384.0
pryw44,2012,264.0
psew41,2010,3383.0
psew41,2014,2546.0
psew41,2019,2332.0
psew42,2010,3405.0
psew42,2014,2545.0
psew42,2019,2332.0
psew43,2010,3408.0
psew43,2014,2545.0
psew43,2019,2330.0
psew44,2010,3407.0
psew44,2014,2541.0
psew44,2019,2332.0
rwaw41,1992,1459.0
rwaw41,2000,1321.0
rwaw41,2005,2602.0
rwaw41,2010,3134.0
rwaw41,2015,3173.0
rwaw41,2020,3237.0
rwaw42,1992,1643.0
rwaw42,2000,3744.0
rwaw42,2005,2579.0
rwaw42,2010,3136.0
rwaw42,2015,3175.0
rwaw42,2020,3237.0
rwaw43,1992,1555.0
rwaw43,2000,2221.0
rwaw43,2005,2566.0
rwaw43,2010,3132.0
rwaw43,2015,3175.0
rwaw43,2020,3238.0
rwaw44,1992,1547.0
rwaw44,2000,2485.0
rwaw44,2005,2577.0
rwaw44,2010,3133.0
rwaw44,2015,3174.0
rwaw44,2020,3236.0
sdnw41,2000,6189.0
sdnw41,2010,3695.0
sdnw41,2014,4189.0
sdnw42,2000,6168.0
sdnw42,2010,3695.0
sdnw42,2014,4169.0
sdnw43,2000,6180.0
sdnw43,2010,3695.0
sdnw43,2014,4172.0
sdnw44,2000,6148.0
sdnw44,2010,3694.0
sdnw44,2014,4182.0
senw41,1992,935.0
senw41,1997,1211.0
senw41,2005,1927.0
senw41,2011,2023.0
senw41,2012,1120.0
senw41,2014,1057.0
senw41,2015,1128.0
senw41,2016,1128.0
senw41,2017,2095.0
senw41,2018,1151.0
senw41,2019,1138.0
senw42,1992,812.0
senw42,1997,1196.0
senw42,2005,1933.0
senw42,2011,2023.0
senw42,2012,1119.0
senw42,2014,1058.0
senw42,2015,1128.0
senw42,2016,1128.0
senw42,2017,2096.0
senw42,2018,1152.0
senw42,2019,1136.0
senw43,1992,889.0
senw43,1997,1208.0
senw43,2005,1935.0
senw43,2011,2023.0
senw43,2012,1120.0
senw43,2014,1060.0
senw43,2015,1128.0
senw43,2016,1128.0
senw43,2017,2094.0
senw43,2018,1153.0
senw43,2019,1139.0
senw44,1992,881.0
senw44,1997,1203.0
senw44,2005,1938.0
senw44,2011,2023.0
senw44,2012,1118.0
senw44,2014,1054.0
senw44,2015,1127.0
senw44,2016,1127.0
senw44,2017,2094.0
senw44,2018,1149.0
senw44,2019,1138.0
slew41,2008,1820.0
slew41,2013,3175.0
slew41,2017,3825.0
slew41,2019,3360.0
slew42,2008,1822.0
slew42,2013,3171.0
slew42,2017,3825.0
slew42,2019,3360.0
slew43,2008,1822.0
slew43,2013,3168.0
slew43,2017,3812.0
slew43,2019,3359.0
slew44,2008,1820.0
slew44,2013,3175.0
slew44,2017,3774.0
slew44,2019,3360.0
slvw41,2007,802.0
slvw41,2012,448.0
slvw41,2014,3124.0
slvw42,2007,741.0
slvw42,2012,304.0
slvw42,2014,3122.0
slvw43,2007,697.0
slvw43,2012,345.0
slvw43,2014,3120.0
slvw44,2007,890.0
slvw44,2012,453.0
slvw44,2014,3123.0
somw41,2006,1492.0
somw41,2011,2384.0
somw42,2006,1493.0
somw42,2011,2383.0
somw43,2006,1492.0
somw43,2011,2369.0
somw44,2006,1493.0
somw44,2011,2390.0
srbw41,2005,2172.0
srbw41,2010,1590.0
srbw41,2014,1547.0
srbw41,2019,1587.0
srbw42,2005,2165.0
srbw42,2010,1598.0
srbw42,2014,1547.0
srbw42,2019,1587.0
srbw43,2005,2174.0
srbw43,2010,1594.0
srbw43,2014,1548.0
srbw43,2019,1586.0
srbw44,2005,2182.0
srbw44,2010,1597.0
srbw44,2014,1546.0
srbw44,2019,1587.0
ssdw41,2010,2341.0
ssdw42,2010,2343.0
ssdw43,2010,2343.0
ssdw44,2010,2342.0
stpw41,2000,808.0
stpw41,2009,869.0
stpw41,2014,873.0
stpw41,2019,856.0
stpw42,2000,822.0
stpw42,2009,869.0
stpw42,2014,873.0
stpw42,2019,857.0
stpw43,2000,803.0
stpw43,2009,870.0
stpw43,2014,873.0
stpw43,2019,857.0
stpw44,2000,811.0
stpw44,2009,869.0
stpw44,2014,870.0
stpw44,2019,856.0
surw41,2006,1436.0
surw41,2010,1852.0
surw41,2018,1977.0
surw42,2006,1437.0
surw42,2010,1852.0
surw42,2018,1981.0
surw43,2006,1435.0
surw43,2010,1851.0
surw43,2018,1979.0
surw44,2006,1438.0
surw44,2010,1851.0
surw44,2018,1979.0
swzw41,2000,1020.0
swzw41,2006,1167.0
swzw41,2010,1163.0
swzw41,2014,1216.0
swzw42,2000,1072.0
swzw42,2006,1168.0
swzw42,2010,1165.0
swzw42,2014,1216.0
swzw43,2000,1046.0
swzw43,2006,1165.0
swzw43,2010,1164.0
swzw43,2014,1216.0
swzw44,2000,1045.0
swzw44,2006,1167.0
swzw44,2010,1163.0
swzw44,2014,1213.0
syrw41,2006,4758.0
syrw42,2006,4712.0
syrw43,2006,4796.0
syrw44,2006,4754.0
tcaw41,2019,363.0
tcaw42,2019,361.0
tcaw43,2019,362.0
tcaw44,2019,363.0
tcdw41,1997,1686.0
tcdw41,2004,1405.0
tcdw41,2010,4095.0
tcdw41,2015,4308.0
tcdw41,2019,4742.0
tcdw42,1997,1735.0
tcdw42,2004,1311.0
tcdw42,2010,4100.0
tcdw42,2015,4301.0
tcdw42,2019,4742.0
tcdw43,1997,1704.0
tcdw43,2004,1363.0
tcdw43,2010,4096.0
tcdw43,2015,4305.0
tcdw43,2019,4741.0
tcdw44,1997,1709.0
tcdw44,2004,1354.0
tcdw44,2010,4097.0
tcdw44,2015,4304.0
tcdw44,2019,4741.0
tgow41,1998,1881.0
tgow41,2006,1623.0
tgow41,2014,2384.0
tgow41,2017,1979.0
tgow42,1998,1872.0
tgow42,2006,1622.0
tgow42,2014,2384.0
tgow42,2017,1980.0
tgow43,1998,1879.0
tgow43,2006,1621.0
tgow43,2014,2383.0
tgow43,2017,1974.0
tgow44,1998,1876.0
tgow44,2006,1622.0
tgow44,2014,2383.0
tgow44,2017,1983.0
thaw41,2006,9542.0
thaw41,2012,6030.0
thaw41,2017,7163.0
thaw41,2019,8898.0
thaw42,2006,9550.0
thaw42,2012,6030.0
thaw42,2017,7164.0
thaw42,2019,8906.0
thaw43,2006,9542.0
thaw43,2012,6030.0
thaw43,2017,7163.0
thaw43,2019,8900.0
thaw44,2006,9546.0
thaw44,2012,6029.0
thaw44,2017,7162.0
thaw44,2019,8900.0
tjkw41,2000,926.0
tjkw41,2005,1671.0
tjkw41,2012,1519.0
tjkw41,2017,1961.0
tjkw42,2000,924.0
tjkw42,2005,1671.0
tjkw42,2012,1522.0
tjkw42,2017,1961.0
tjkw43,2000,931.0
tjkw43,2005,1672.0
tjkw43,2012,1526.0
tjkw43,2017,1960.0
tjkw44,2000,929.0
tjkw44,2005,1670.0
tjkw44,2012,1524.0
tjkw44,2017,1961.0
tkmw41,2006,1258.0
tkmw41,2015,1432.0
tkmw41,2019,1548.0
tkmw42,2006,1263.0
tkmw42,2015,1441.0
tkmw42,2019,1550.0
tkmw43,2006,1260.0
tkmw43,2015,1458.0
tkmw43,2019,1549.0
tkmw44,2006,1260.0
tkmw44,2015,1463.0
tkmw44,2019,1548.0
tlsw41,2009,2896.0
tlsw41,2016,2875.0
tlsw42,2009,2867.0
tlsw42,2016,2875.0
tlsw43,2009,2883.0
tlsw43,2016,2877.0
tlsw44,2009,2881.0
tlsw44,2016,2875.0
tonw41,2019,624.0
tonw42,2019,625.0
tonw43,2019,624.0
tonw44,2019,624.0
ttow41,2006,1390.0
ttow41,2011,1393.0
ttow42,2006,1389.0
ttow42,2011,1393.0
ttow43,2006,1390.0
ttow43,2011,1393.0
ttow44,2006,1388.0
ttow44,2011,1394.0
tunw41,2012,2292.0
tunw41,2018,2806.0
tunw42,2012,2294.0
tunw42,2018,2807.0
tunw43,2012,2293.0
tunw43,2018,2806.0
tunw44,2012,2292.0
tunw44,2018,2807.0
turw41,1993,2160.0
turw41,1998,2081.0
turw41,2003,2860.0
turw41,2008,1056.0
turw41,2013,2852.0
turw42,1993,2157.0
turw42,1998,2078.0
turw42,2003,2829.0
turw42,2008,4269.0
turw42,2013,2549.0
turw43,1993,2159.0
turw43,1998,2073.0
turw43,2003,2860.0
turw43,2008,4243.0
turw43,2013,2741.0
turw44,1993,2158.0
turw44,1998,2079.0
turw44,2003,2827.0
turw44,2008,1549.0
turw44,2013,2888.0
tuvw41,2019,174.0
tuvw42,2019,174.0
tuvw43,2019,173.0
tuvw44,2019,174.0
tzaw41,1992,2001.0
tzaw41,1996,1978.0
tzaw41,1999,926.0
tzaw41,2004,24334.0
tzaw41,2010,2384.0
tzaw41,2015,3141.0
tzaw42,1992,2008.0
tzaw42,1996,2023.0
tzaw42,1999,893.0
tzaw42,2004,24333.0
tzaw42,2010,2407.0
tzaw42,2015,3140.0
tzaw43,1992,3013.0
tzaw43,1996,1972.0
tzaw43,1999,879.0
tzaw43,2004,24337.0
tzaw43,2010,2428.0
tzaw43,2015,3141.0
tzaw44,1992,1305.0
tzaw44,1996,1996.0
tzaw44,1999,917.0
tzaw44,2004,24345.0
tzaw44,2010,2404.0
tzaw44,2015,3141.0
ugaw41,1995,1882.0
ugaw41,2001,1909.0
ugaw41,2006,2213.0
ugaw41,2011,2239.0
ugaw41,2016,4897.0
ugaw42,1995,1869.0
ugaw42,2001,1917.0
ugaw42,2006,2213.0
ugaw42,2011,2239.0
ugaw42,2016,4897.0
ugaw43,1995,1867.0
ugaw43,2001,1910.0
ugaw43,2006,2211.0
ugaw43,2011,2240.0
ugaw43,2016,4897.0
ugaw44,1995,1872.0
ugaw44,2001,1912.0
ugaw44,2006,2213.0
ugaw44,2011,2238.0
ugaw44,2016,4896.0
ukrw41,2005,1309.0
ukrw41,2007,3424.0
ukrw41,2012,2813.0
ukrw42,2005,1303.0
ukrw42,2007,3401.0
ukrw42,2012,2816.0
ukrw43,2005,1293.0
ukrw43,2007,3361.0
ukrw43,2012,2811.0
ukrw44,2005,1304.0
ukrw44,2007,3159.0
ukrw44,2012,2819.0
uryw41,2013,888.0
uryw42,2013,895.0
uryw43,2013,894.0
uryw44,2013,891.0
uzbw41,1996,915.0
uzbw41,2006,2549.0
uzbw42,1996,918.0
uzbw42,2006,2550.0
uzbw43,1996,909.0
uzbw43,2006,2550.0
uzbw44,1996,917.0
uzbw44,2006,2548.0
venw41,2001,60541.0
venw42,2001,55318.0
venw43,2001,59150.0
venw44,2001,56370.0
vnmw41,1997,1734.0
vnmw41,2002,1771.0
vnmw41,2006,2088.0
vnmw41,2010,2946.0
vnmw41,2014,2495.0
vnmw42,1997,1749.0
vnmw42,2002,1772.0
vnmw42,2006,2089.0
vnmw42,2010,2946.0
vnmw42,2014,2495.0
vnmw43,1997,1741.0
vnmw43,2002,1776.0
vnmw43,2006,2090.0
vnmw43,2010,2946.0
vnmw43,2014,2494.0
vnmw44,1997,1741.0
vnmw44,2002,1775.0
vnmw44,2006,2088.0
vnmw44,2010,2945.0
vnmw44,2014,2495.0
vutw41,2007,658.0
vutw42,2007,659.0
vutw43,2007,657.0
vutw44,2007,658.0
wsmw41,2019,799.0
wsmw42,2019,798.0
wsmw43,2019,800.0
wsmw44,2019,798.0
yemw41,1991,3211.0
yemw41,1997,1927.0
yemw41,2006,895.0
yemw41,2013,4331.0
yemw42,1991,3216.0
yemw42,1997,2444.0
yemw42,2006,890.0
yemw42,2013,4329.0
yemw43,1991,3213.0
yemw43,1997,2584.0
yemw43,2006,891.0
yemw43,2013,4329.0
yemw44,1991,3225.0
yemw44,1997,2670.0
yemw44,2006,895.0
yemw44,2013,4336.0
zafw41,1998,3078.0
zafw41,2016,2769.0
zafw42,1998,3035.0
zafw42,2016,2773.0
zafw43,1998,3059.0
zafw43,2016,2771.0
zafw44,1998,3080.0
zafw44,2016,2770.0
zmbw41,1996,1865.0
zmbw41,2002,1757.0
zmbw41,2007,1787.0
zmbw41,2014,3981.0
zmbw41,2018,3218.0
zmbw42,1996,1707.0
zmbw42,2002,1791.0
zmbw42,2007,1784.0
zmbw42,2014,3977.0
zmbw42,2018,3218.0
zmbw43,1996,1784.0
zmbw43,2002,1775.0
zmbw43,2007,1785.0
zmbw43,2014,3976.0
zmbw43,2018,3217.0
zmbw44,1996,1790.0
zmbw44,2002,1772.0
zmbw44,2007,1787.0
zmbw44,2014,3979.0
zmbw44,2018,3218.0
zwew41,1994,1524.0
zwew41,1999,1654.0
zwew41,2006,2345.0
zwew41,2011,2463.0
zwew41,2015,2632.0
zwew41,2019,2772.0
zwew42,1994,1525.0
zwew42,1999,1658.0
zwew42,2006,2342.0
zwew42,2011,2461.0
zwew42,2015,2635.0
zwew42,2019,2773.0
zwew43,1994,1536.0
zwew43,1999,1647.0
zwew43,2006,2341.0
zwew43,2011,2465.0
zwew43,2015,2634.0
zwew43,2019,2773.0
zwew44,1994,1513.0
zwew44,1999,1652.0
zwew44,2006,2343.0
zwew44,2011,2462.0
zwew44,2015,2633.0
zwew44,2019,2772.0
