subnat,year,menedyr25
afgr101,2010,5.64
afgr101,2015,6.04
afgr102,2010,2.42
afgr102,2015,2.58
afgr103,2010,3.9
afgr103,2015,4.84
afgr104,2010,2.05
afgr104,2015,3.78
afgr105,2010,2.04
afgr105,2015,3.25
afgr106,2010,1.77
afgr106,2015,2.68
afgr107,2010,3.77
afgr107,2015,3.23
afgr108,2010,1.78
afgr108,2015,2.85
agor201,2011,7.48
agor201,2016,8.89
agor202,2011,3.56
agor202,2016,8.29
agor203,2011,5.01
agor203,2016,6.09
agor204,2011,9.11
agor204,2016,9.43
agor205,2011,3.05
agor205,2016,6.12
agor206,2011,3.08
agor206,2016,3.99
agor207,2011,2.19
agor207,2016,5.59
agor208,2011,1.18
agor208,2016,5.23
agor209,2011,6.86
agor209,2016,6.08
agor210,2011,3.44
agor210,2016,5.34
agor211,2011,1.73
agor211,2016,4.02
agor212,2011,2.76
agor212,2016,4.58
agor213,2011,1.38
agor213,2016,4.28
agor214,2011,5.71
agor214,2016,6.21
agor215,2011,5.08
agor215,2016,4.69
agor216,2011,3.94
agor216,2016,3.67
agor217,2011,0.84
agor217,2016,5.85
agor218,2011,3.62
agor218,2016,6.22
albr201,2005,9.68
albr201,2009,9.24
albr201,2017,11.31
albr202,2005,9.15
albr202,2009,8.48
albr202,2017,10.32
albr203,2005,9.54
albr203,2009,9.2
albr203,2017,11.89
albr204,2005,9.53
albr204,2009,8.52
albr204,2017,10.49
albr205,2005,9.46
albr205,2009,9.23
albr205,2017,11.32
albr206,2005,9.34
albr206,2009,9.24
albr206,2017,12.1
albr207,2005,8.84
albr207,2009,9.56
albr207,2017,11.33
albr208,2005,9.0
albr208,2009,9.4
albr208,2017,11.7
albr209,2005,8.45
albr209,2009,8.87
albr209,2017,11.07
albr210,2005,9.41
albr210,2009,8.9
albr210,2017,10.91
albr211,2005,10.33
albr211,2009,11.04
albr211,2017,13.2
albr212,2005,10.05
albr212,2009,9.73
albr212,2017,11.97
argr101,2011,10.15
argr101,2020,10.22
argr102,2011,9.52
argr102,2020,9.97
argr103,2011,8.94
argr103,2020,9.07
argr104,2011,9.84
argr104,2020,9.83
argr105,2011,9.92
argr105,2020,9.82
argr106,2011,10.01
argr106,2020,9.57
armr101,2000,10.8
armr101,2010,10.45
armr101,2016,10.9
armr102,2000,10.49
armr102,2010,10.34
armr102,2016,10.64
armr103,2000,10.58
armr103,2010,10.6
armr103,2016,10.24
armr104,2000,10.66
armr104,2010,10.28
armr104,2016,10.42
armr105,2000,10.7
armr105,2010,10.88
armr105,2016,10.68
armr106,2000,10.97
armr106,2010,11.11
armr106,2016,11.31
armr107,2000,11.28
armr107,2010,11.15
armr107,2016,11.39
armr108,2000,11.1
armr108,2010,11.24
armr108,2016,11.09
armr109,2000,10.64
armr109,2010,11.18
armr109,2016,11.32
armr110,2000,10.32
armr110,2010,10.52
armr110,2016,10.83
armr111,2000,11.86
armr111,2010,12.3
armr111,2016,12.67
azer101,2006,12.01
azer102,2006,11.59
azer103,2006,10.66
azer104,2006,10.93
azer105,2006,10.65
azer106,2006,10.23
azer107,2006,10.7
azer108,2006,10.55
azer109,2006,10.49
bdir101,2005,3.54
bdir101,2010,2.54
bdir101,2017,2.81
bdir102,2005,3.15
bdir102,2010,3.07
bdir102,2017,4.04
bdir103,2005,3.17
bdir103,2010,2.68
bdir103,2017,3.54
bdir104,2005,4.4
bdir104,2010,4.71
bdir104,2017,5.51
bdir105,2005,4.19
bdir105,2010,2.47
bdir105,2017,3.39
benr101,1996,1.5
benr101,2001,1.51
benr101,2006,1.91
benr101,2011,1.92
benr101,2018,2.98
benr102,1996,5.63
benr102,2001,5.86
benr102,2006,6.15
benr102,2011,6.92
benr102,2018,6.88
benr103,1996,1.43
benr103,2001,1.96
benr103,2006,1.7
benr103,2011,2.02
benr103,2018,2.32
benr104,1996,2.06
benr104,2001,2.47
benr104,2006,2.82
benr104,2011,3.42
benr104,2018,4.7
benr105,1996,2.26
benr105,2001,3.33
benr105,2006,3.68
benr105,2011,3.99
benr105,2018,4.22
benr106,1996,2.4
benr106,2001,2.55
benr106,2006,3.06
benr106,2011,3.15
benr106,2018,3.92
bfar101,1998,0.51
bfar101,2003,0.87
bfar101,2010,1.17
bfar102,1998,0.65
bfar102,2003,1.74
bfar102,2010,1.79
bfar103,1998,4.27
bfar103,2003,5.47
bfar103,2010,5.2
bfar104,1998,1.07
bfar104,2003,1.25
bfar104,2010,0.82
bfar105,1998,0.47
bfar105,2003,0.74
bfar105,2010,0.84
bfar106,1998,0.79
bfar106,2003,1.14
bfar106,2010,1.67
bfar107,1998,0.4
bfar107,2003,0.81
bfar107,2010,1.15
bfar108,1998,0.23
bfar108,2003,0.39
bfar108,2010,0.63
bfar109,1998,1.83
bfar109,2003,2.04
bfar109,2010,2.66
bfar110,1998,0.57
bfar110,2003,0.83
bfar110,2010,1.16
bfar111,1998,0.29
bfar111,2003,0.54
bfar111,2010,0.97
bfar112,1998,0.15
bfar112,2003,0.44
bfar112,2010,0.4
bfar113,1998,0.7
bfar113,2003,1.0
bfar113,2010,1.17
bgdr201,1996,4.25
bgdr201,2004,4.54
bgdr201,2011,5.28
bgdr201,2014,6.62
bgdr201,2019,6.14
bgdr202,1996,6.13
bgdr202,2004,4.58
bgdr202,2011,4.88
bgdr202,2014,4.57
bgdr202,2019,5.16
bgdr203,1996,5.6
bgdr203,2004,5.09
bgdr203,2011,6.13
bgdr203,2014,6.46
bgdr203,2019,6.55
bgdr204,1996,3.7
bgdr204,2004,3.62
bgdr204,2011,3.43
bgdr204,2014,4.12
bgdr204,2019,4.45
bgdr205,1996,3.73
bgdr205,2004,4.58
bgdr205,2011,5.03
bgdr205,2014,5.28
bgdr205,2019,5.33
bgdr206,1996,4.09
bgdr206,2004,4.32
bgdr206,2011,4.56
bgdr206,2014,4.95
bgdr206,2019,5.58
bgdr207,1996,4.07
bgdr207,2004,4.33
bgdr207,2011,5.32
bgdr207,2014,5.4
bgdr207,2019,5.87
bgdr208,1996,8.0
bgdr208,2004,6.58
bgdr208,2011,7.69
bgdr208,2014,7.25
bgdr208,2019,7.9
bgdr209,1996,4.01
bgdr209,2004,3.84
bgdr209,2011,5.29
bgdr209,2014,6.17
bgdr209,2019,6.21
bgdr210,1996,3.1
bgdr210,2004,2.98
bgdr210,2011,4.24
bgdr210,2014,3.71
bgdr210,2019,5.09
bgdr211,1996,3.1
bgdr211,2004,3.16
bgdr211,2011,3.7
bgdr211,2014,3.99
bgdr211,2019,4.54
bgdr212,1996,3.74
bgdr212,2004,4.63
bgdr212,2011,3.82
bgdr212,2014,4.18
bgdr212,2019,5.07
bgdr213,1996,3.39
bgdr213,2004,4.47
bgdr213,2011,4.98
bgdr213,2014,5.28
bgdr213,2019,4.98
bgdr214,1996,4.16
bgdr214,2004,4.55
bgdr214,2011,5.13
bgdr214,2014,5.1
bgdr214,2019,6.62
bgdr215,1996,4.59
bgdr215,2004,5.23
bgdr215,2011,5.27
bgdr215,2014,5.39
bgdr215,2019,6.24
bgdr216,1996,3.13
bgdr216,2004,3.84
bgdr216,2011,4.67
bgdr216,2014,4.62
bgdr216,2019,5.46
bgdr217,1996,4.0
bgdr217,2004,4.17
bgdr217,2011,4.56
bgdr217,2014,4.39
bgdr217,2019,5.86
bgdr218,1996,2.79
bgdr218,2004,3.63
bgdr218,2011,4.28
bgdr218,2014,4.93
bgdr218,2019,5.08
bgdr219,1996,4.01
bgdr219,2004,4.15
bgdr219,2011,4.76
bgdr219,2014,5.16
bgdr219,2019,5.57
bgdr220,1996,3.55
bgdr220,2004,4.24
bgdr220,2011,4.42
bgdr220,2014,5.42
bgdr220,2019,5.76
bgdr221,1996,2.81
bgdr221,2004,3.28
bgdr221,2011,4.45
bgdr221,2014,4.5
bgdr221,2019,4.8
bgdr222,1996,3.12
bgdr222,2004,3.85
bgdr222,2011,4.74
bgdr222,2014,4.74
bgdr222,2019,5.4
bgdr223,1996,2.41
bgdr223,2004,3.01
bgdr223,2011,4.11
bgdr223,2014,3.15
bgdr223,2019,4.39
bihr101,2006,8.92
bihr101,2011,10.04
bihr102,2006,9.72
bihr102,2011,10.38
bihr103,2006,10.81
bihr103,2011,10.63
bihr104,2006,9.8
bihr104,2011,10.85
bihr105,2006,9.62
bihr105,2011,10.18
blrr101,2005,11.26
blrr101,2012,11.76
blrr101,2019,12.11
blrr102,2005,11.35
blrr102,2012,11.79
blrr102,2019,12.29
blrr103,2005,11.11
blrr103,2012,11.78
blrr103,2019,12.11
blrr104,2005,11.27
blrr104,2012,12.05
blrr104,2019,12.2
blrr105,2005,12.04
blrr105,2012,12.56
blrr105,2019,12.67
blrr106,2005,11.34
blrr106,2012,11.84
blrr106,2019,12.4
blzr101,2006,7.8
blzr101,2011,6.16
blzr102,2006,9.66
blzr102,2011,8.18
blzr103,2006,7.22
blzr103,2011,5.24
blzr104,2006,7.53
blzr104,2011,6.74
bolr101,1998,5.92
bolr101,2003,6.46
bolr101,2008,6.47
bolr102,1998,8.22
bolr102,2003,8.22
bolr102,2008,9.08
bolr103,1998,7.94
bolr103,2003,7.72
bolr103,2008,7.8
bolr104,1998,8.39
bolr104,2003,9.04
bolr104,2008,8.86
bolr105,1998,5.65
bolr105,2003,6.14
bolr105,2008,6.61
bolr106,1998,6.93
bolr106,2003,7.44
bolr106,2008,7.51
bolr107,1998,7.85
bolr107,2003,8.37
bolr107,2008,9.14
bolr108,1998,7.03
bolr108,2003,7.91
bolr108,2008,8.59
bolr109,1998,6.82
bolr109,2003,8.55
bolr109,2008,9.41
brar101,1996,5.72
brar101,2000,4.63
brar101,2010,6.87
brar102,1996,3.32
brar102,2000,4.27
brar102,2010,6.71
brar103,1996,6.68
brar103,2000,5.36
brar103,2010,7.57
brar104,1996,5.03
brar104,2000,5.44
brar104,2010,7.52
brar105,1996,5.73
brar105,2000,4.85
brar105,2010,6.7
brar106,1996,7.82
brar106,2000,5.79
brar106,2010,8.12
brar107,1996,3.92
brar107,2000,4.43
brar107,2010,6.81
brar108,1996,3.05
brar108,2000,3.63
brar108,2010,5.93
brar109,1996,2.77
brar109,2000,3.68
brar109,2010,5.77
brar110,1996,3.76
brar110,2000,4.08
brar110,2010,6.47
brar111,1996,4.1
brar111,2000,4.67
brar111,2010,7.08
brar112,1996,3.32
brar112,2000,4.1
brar112,2010,6.15
brar113,1996,4.16
brar113,2000,4.9
brar113,2010,6.8
brar114,1996,3.72
brar114,2000,3.91
brar114,2010,5.91
brar115,1996,4.46
brar115,2000,4.65
brar115,2010,6.71
brar116,1996,3.9
brar116,2000,4.29
brar116,2010,6.62
brar117,1996,5.14
brar117,2000,5.52
brar117,2010,7.42
brar118,1996,5.19
brar118,2000,6.01
brar118,2010,8.01
brar119,1996,7.08
brar119,2000,7.47
brar119,2010,9.18
brar120,1996,6.53
brar120,2000,7.03
brar120,2010,8.96
brar121,1996,5.45
brar121,2000,6.11
brar121,2010,8.14
brar122,1996,5.87
brar122,2000,6.51
brar122,2010,8.49
brar123,1996,6.22
brar123,2000,6.48
brar123,2010,8.31
brar124,1996,5.41
brar124,2000,5.69
brar124,2010,7.86
brar125,1996,4.61
brar125,2000,5.35
brar125,2010,7.33
brar126,1996,4.43
brar126,2000,5.52
brar126,2010,7.57
brar127,1996,7.07
brar127,2000,8.49
brar127,2010,10.47
brbr101,2012,10.68
brbr102,2012,11.39
brbr103,2012,11.43
brbr104,2012,10.28
btnr101,2010,3.12
btnr102,2010,4.5
btnr103,2010,2.23
btnr104,2010,2.46
btnr105,2010,3.02
btnr106,2010,1.32
btnr107,2010,2.05
btnr108,2010,3.51
btnr109,2010,1.55
btnr110,2010,2.95
btnr111,2010,2.32
btnr112,2010,2.46
btnr113,2010,3.74
btnr114,2010,6.62
btnr115,2010,1.49
btnr116,2010,1.89
btnr117,2010,2.58
btnr118,2010,2.65
btnr119,2010,1.89
btnr120,2010,1.95
bwar101,2000,5.69
bwar101,2001,5.13
bwar101,2011,7.42
bwar101,2013,7.41
bwar102,2000,7.5
bwar102,2001,4.2
bwar102,2011,6.51
bwar102,2013,8.39
bwar103,2000,6.62
bwar103,2001,4.76
bwar103,2011,6.93
bwar103,2013,7.54
bwar104,2000,5.48
bwar104,2001,4.83
bwar104,2011,7.61
bwar104,2013,8.22
bwar105,2000,5.72
bwar105,2001,4.78
bwar105,2011,7.55
bwar105,2013,7.33
bwar106,2000,9.01
bwar106,2001,7.36
bwar106,2011,9.82
bwar106,2013,8.78
bwar107,2000,6.6
bwar107,2001,5.02
bwar107,2011,7.64
bwar107,2013,8.54
bwar108,2000,9.31
bwar108,2001,8.86
bwar108,2011,11.01
bwar108,2013,11.3
bwar109,2000,3.79
bwar109,2001,4.15
bwar109,2011,6.59
bwar109,2013,7.14
bwar110,2000,9.0
bwar110,2001,7.34
bwar110,2011,9.51
bwar110,2013,8.51
cafr101,1994,3.28
cafr101,2006,5.47
cafr101,2010,6.05
cafr101,2019,6.27
cafr102,1994,2.55
cafr102,2006,4.33
cafr102,2010,4.67
cafr102,2019,4.83
cafr103,1994,2.21
cafr103,2006,3.53
cafr103,2010,4.21
cafr103,2019,4.24
cafr104,1994,2.95
cafr104,2006,4.54
cafr104,2010,5.1
cafr104,2019,4.77
cafr105,1994,2.63
cafr105,2006,3.36
cafr105,2010,4.04
cafr105,2019,4.36
cafr106,1994,6.6
cafr106,2006,8.72
cafr106,2010,9.2
cafr106,2019,9.92
chlr101,2002,10.75
chlr102,2002,10.93
chlr103,2002,9.58
chlr104,2002,9.04
chlr105,2002,10.08
chlr106,2002,8.55
chlr107,2002,7.9
chlr108,2002,8.93
chlr109,2002,8.22
chlr110,2002,8.31
chlr111,2002,8.6
chlr112,2002,10.18
chlr113,2002,10.62
chlr201,2002,10.07
chlr201,2007,10.53
chlr202,2002,10.08
chlr202,2007,10.99
chlr203,2002,8.66
chlr203,2007,9.62
chnr101,2002,10.86
chnr101,2011,12.13
chnr101,2013,10.59
chnr101,2015,10.91
chnr102,2011,11.17
chnr102,2013,10.36
chnr102,2015,10.57
chnr103,2002,7.85
chnr103,2011,7.65
chnr103,2013,7.77
chnr103,2015,7.86
chnr104,2002,8.23
chnr104,2011,8.27
chnr104,2013,8.0
chnr104,2015,8.23
chnr105,2013,7.96
chnr105,2015,8.17
chnr106,2002,9.41
chnr106,2011,9.23
chnr106,2013,8.37
chnr106,2015,8.87
chnr107,2002,7.22
chnr107,2011,8.07
chnr107,2013,8.02
chnr107,2015,7.81
chnr108,2011,9.21
chnr108,2013,8.69
chnr108,2015,8.52
chnr109,2011,9.23
chnr109,2013,10.33
chnr109,2015,10.59
chnr110,2002,8.77
chnr110,2011,7.98
chnr110,2013,8.56
chnr110,2015,8.49
chnr111,2002,7.13
chnr111,2011,7.68
chnr111,2013,7.68
chnr111,2015,7.91
chnr112,2002,7.78
chnr112,2011,6.77
chnr112,2013,7.05
chnr112,2015,7.18
chnr113,2013,7.83
chnr113,2015,8.28
chnr114,2002,6.61
chnr114,2011,7.31
chnr114,2013,7.73
chnr114,2015,7.83
chnr115,2002,7.82
chnr115,2011,8.94
chnr115,2013,8.97
chnr115,2015,8.78
chnr116,2002,8.02
chnr116,2011,7.41
chnr116,2013,7.64
chnr116,2015,7.89
chnr117,2002,8.87
chnr117,2011,7.29
chnr117,2013,8.15
chnr117,2015,8.38
chnr118,2002,6.8
chnr118,2011,7.99
chnr118,2013,8.29
chnr118,2015,8.2
chnr119,2002,9.21
chnr119,2011,8.53
chnr119,2013,8.28
chnr119,2015,9.04
chnr120,2002,7.13
chnr120,2011,7.82
chnr120,2013,8.41
chnr120,2015,8.61
chnr121,2013,8.32
chnr121,2015,8.2
chnr122,2002,7.99
chnr122,2011,5.56
chnr122,2013,7.54
chnr122,2015,7.66
chnr123,2002,7.43
chnr123,2011,7.19
chnr123,2013,7.96
chnr123,2015,7.85
chnr124,2002,5.87
chnr124,2011,5.97
chnr124,2013,7.58
chnr124,2015,7.77
chnr125,2002,6.65
chnr125,2011,6.53
chnr125,2013,7.67
chnr125,2015,7.66
chnr127,2002,7.3
chnr127,2011,7.8
chnr127,2013,9.0
chnr127,2015,9.38
chnr128,2002,7.7
chnr128,2011,8.27
chnr128,2013,8.39
chnr128,2015,8.34
chnr129,2011,10.9
chnr129,2013,6.79
chnr129,2015,6.86
chnr130,2013,7.81
chnr130,2015,7.98
chnr131,2002,5.59
chnr201,2002,9.0
chnr201,2011,9.24
chnr201,2013,9.05
chnr201,2015,9.18
chnr202,2002,8.77
chnr202,2011,8.7
chnr202,2013,8.45
chnr202,2015,9.16
chnr203,2002,8.63
chnr203,2011,7.72
chnr203,2013,8.26
chnr203,2015,8.72
chnr204,2002,9.29
chnr204,2011,9.35
chnr204,2013,8.54
chnr204,2015,8.98
chnr205,2002,8.02
chnr205,2011,7.83
chnr205,2013,8.22
chnr205,2015,8.52
chnr206,2002,8.1
chnr206,2011,6.21
chnr206,2013,7.38
chnr206,2015,7.83
chnr207,2002,8.74
chnr207,2011,7.82
chnr207,2013,7.91
chnr207,2015,8.63
chnr208,2002,7.63
chnr208,2011,8.31
chnr208,2013,7.2
chnr208,2015,8.28
civr101,1994,2.75
civr101,1999,3.32
civr101,2005,4.05
civr101,2011,3.31
civr102,1994,2.58
civr102,1999,2.68
civr102,2005,3.35
civr102,2011,4.26
civr103,1994,3.16
civr103,1999,3.7
civr103,2005,2.46
civr103,2011,3.64
civr104,1994,2.34
civr104,1999,3.31
civr104,2005,3.73
civr104,2011,3.85
civr105,1994,1.64
civr105,1999,3.19
civr105,2005,0.97
civr105,2011,2.14
civr106,1994,2.3
civr106,1999,1.9
civr106,2005,1.33
civr106,2011,2.6
civr107,1994,1.85
civr107,1999,0.66
civr107,2005,1.57
civr107,2011,1.88
civr108,1994,2.87
civr108,1999,3.15
civr108,2005,3.16
civr108,2011,3.68
civr109,1994,4.7
civr109,1999,5.59
civr109,2005,6.05
civr109,2011,6.31
civr110,1994,2.25
civr110,1999,2.83
civr110,2005,3.02
civr110,2011,3.09
cmrr101,1998,3.07
cmrr101,2004,4.24
cmrr101,2011,4.45
cmrr101,2018,4.94
cmrr102,1998,7.5
cmrr102,2004,8.57
cmrr102,2011,9.24
cmrr102,2018,9.66
cmrr103,1998,5.48
cmrr103,2004,6.01
cmrr103,2011,6.12
cmrr103,2018,6.8
cmrr104,1998,1.57
cmrr104,2004,2.21
cmrr104,2011,2.44
cmrr104,2018,4.02
cmrr105,1998,8.54
cmrr105,2004,8.79
cmrr105,2011,9.03
cmrr105,2018,10.02
cmrr106,1998,2.43
cmrr106,2004,2.66
cmrr106,2011,3.47
cmrr106,2018,4.33
cmrr107,1998,6.06
cmrr107,2004,6.4
cmrr107,2011,6.39
cmrr107,2018,7.14
cmrr108,1998,5.63
cmrr108,2004,6.6
cmrr108,2011,7.3
cmrr108,2018,7.99
cmrr109,1998,6.54
cmrr109,2004,7.72
cmrr109,2011,8.4
cmrr109,2018,9.35
cmrr110,1998,7.61
cmrr110,2004,7.82
cmrr110,2011,7.74
cmrr110,2018,10.31
codr101,2007,11.24
codr101,2010,11.36
codr101,2013,11.94
codr101,2018,11.88
codr102,2007,7.36
codr102,2010,7.33
codr102,2013,7.86
codr102,2018,8.51
codr103,2007,7.51
codr103,2010,8.27
codr103,2013,8.77
codr103,2018,9.05
codr104,2007,7.03
codr104,2010,6.45
codr104,2013,7.94
codr104,2018,8.51
codr105,2007,5.77
codr105,2010,6.17
codr105,2013,6.63
codr105,2018,7.6
codr106,2007,4.78
codr106,2010,5.96
codr106,2013,6.65
codr106,2018,8.35
codr107,2007,6.72
codr107,2010,6.4
codr107,2013,6.6
codr107,2018,8.77
codr108,2007,7.45
codr108,2010,6.78
codr108,2013,8.0
codr108,2018,8.23
codr109,2007,8.38
codr109,2010,7.48
codr109,2013,8.43
codr109,2018,8.47
codr110,2007,8.2
codr110,2010,8.4
codr110,2013,8.84
codr110,2018,9.37
codr111,2007,8.08
codr111,2010,7.64
codr111,2013,8.65
codr111,2018,8.33
cogr201,2005,6.33
cogr201,2011,6.72
cogr201,2015,6.67
cogr202,2005,7.26
cogr202,2011,8.22
cogr202,2015,7.82
cogr203,2005,6.82
cogr203,2011,6.65
cogr203,2015,6.33
cogr204,2005,7.64
cogr204,2011,7.78
cogr204,2015,7.27
cogr205,2005,6.34
cogr205,2011,7.25
cogr205,2015,6.61
cogr206,2005,6.74
cogr206,2011,6.78
cogr206,2015,6.79
cogr207,2005,7.26
cogr207,2011,8.62
cogr207,2015,7.72
cogr208,2005,7.2
cogr208,2011,7.47
cogr208,2015,7.34
cogr209,2005,6.85
cogr209,2011,7.45
cogr209,2015,7.19
cogr210,2005,8.66
cogr210,2011,8.0
cogr210,2015,7.78
cogr211,2005,10.05
cogr211,2011,10.3
cogr211,2015,10.63
cogr212,2005,9.31
cogr212,2011,9.64
cogr212,2015,9.39
colr101,1995,5.82
colr101,2000,6.38
colr101,2005,6.81
colr101,2010,7.48
colr101,2015,8.12
colr102,1995,7.54
colr102,2000,7.73
colr102,2005,8.15
colr102,2010,8.54
colr102,2015,9.47
colr103,1995,9.32
colr103,2000,8.86
colr103,2005,9.21
colr103,2010,10.13
colr103,2015,10.14
colr104,1995,6.54
colr104,2000,6.94
colr104,2005,6.86
colr104,2010,7.3
colr104,2015,7.72
colr105,1995,4.98
colr105,2000,5.49
colr105,2005,5.68
colr105,2010,6.52
colr105,2015,6.9
colr106,1995,5.79
colr106,2000,5.95
colr106,2005,6.8
colr106,2010,7.0
colr106,2015,7.71
colr107,2005,5.1
colr107,2010,6.05
colr107,2015,5.81
colr108,1995,5.53
colr108,2000,5.33
colr108,2005,5.74
colr108,2010,6.45
colr108,2015,6.46
colr109,1995,4.66
colr109,2000,6.08
colr109,2005,5.7
colr109,2010,6.58
colr109,2015,6.9
colr110,1995,4.71
colr110,2000,5.54
colr110,2005,6.03
colr110,2010,5.63
colr110,2015,6.48
colr111,1995,4.5
colr111,2000,4.89
colr111,2005,5.73
colr111,2010,6.63
colr111,2015,7.89
colr112,1995,4.89
colr112,2000,5.2
colr112,2005,6.49
colr112,2010,6.25
colr112,2015,6.57
colr113,1995,5.67
colr113,2000,5.91
colr113,2005,6.01
colr113,2010,6.15
colr113,2015,6.4
colr114,1995,4.74
colr114,2000,4.94
colr114,2005,7.17
colr114,2010,6.51
colr114,2015,7.19
colr115,1995,5.76
colr115,2000,6.38
colr115,2005,6.23
colr115,2010,6.79
colr115,2015,6.69
colr116,1995,7.46
colr116,2000,8.11
colr116,2005,6.4
colr116,2010,6.73
colr116,2015,8.21
colr117,1995,4.06
colr117,2000,4.87
colr117,2005,6.26
colr117,2010,6.26
colr117,2015,6.41
colr118,1995,5.93
colr118,2000,5.63
colr118,2005,6.03
colr118,2010,6.39
colr118,2015,7.25
colr119,1995,7.03
colr119,2000,7.46
colr119,2005,6.94
colr119,2010,7.32
colr119,2015,8.2
colr120,1995,6.49
colr120,2000,8.7
colr120,2005,6.61
colr120,2010,6.59
colr120,2015,7.2
colr121,1995,5.59
colr121,2000,5.93
colr121,2005,6.39
colr121,2010,6.89
colr121,2015,7.84
colr122,1995,4.03
colr122,2000,5.48
colr122,2005,6.19
colr122,2010,5.97
colr122,2015,6.84
colr123,1995,5.23
colr123,2000,5.17
colr123,2005,5.89
colr123,2010,6.37
colr123,2015,6.89
colr124,1995,7.27
colr124,2000,7.15
colr124,2005,7.65
colr124,2010,7.95
colr124,2015,9.05
colr125,2005,7.46
colr125,2010,7.17
colr125,2015,6.98
colr126,2005,7.98
colr126,2010,7.06
colr126,2015,7.43
colr127,2005,8.12
colr127,2010,6.19
colr127,2015,6.65
colr128,2005,9.17
colr128,2010,9.5
colr128,2015,9.83
colr129,2005,9.32
colr129,2010,6.88
colr129,2015,8.69
colr130,2005,7.88
colr130,2010,6.79
colr130,2015,6.54
colr131,2005,6.65
colr131,2010,6.71
colr131,2015,7.37
colr132,2005,8.83
colr132,2010,8.28
colr132,2015,7.04
colr133,2005,7.5
colr133,2010,6.05
colr133,2015,8.05
comr101,1996,3.02
comr101,2012,5.77
comr102,1996,2.75
comr102,2012,5.74
comr103,1996,2.67
comr103,2012,5.23
cpvr101,2013,6.74
cpvr102,2013,7.39
cpvr103,2013,5.95
cpvr104,2013,8.42
cpvr105,2013,7.77
crir101,2011,8.95
crir101,2018,10.06
crir102,2011,8.08
crir102,2018,8.34
crir103,2011,7.66
crir103,2018,8.59
crir104,2011,8.91
crir104,2018,9.97
crir105,2011,6.95
crir105,2018,7.75
crir106,2011,6.43
crir106,2018,7.7
crir107,2011,6.49
crir107,2018,7.04
cubr101,2011,10.82
cubr101,2019,10.0
cubr102,2011,10.06
cubr102,2019,10.59
cubr103,2011,11.66
cubr103,2019,11.78
cubr104,2011,10.79
cubr104,2019,10.19
cubr105,2011,10.3
cubr105,2019,9.94
cubr106,2011,9.73
cubr106,2019,10.01
cubr107,2011,9.67
cubr107,2019,10.16
cubr108,2011,10.16
cubr108,2019,10.7
cubr109,2011,11.08
cubr109,2019,10.1
cubr110,2011,10.21
cubr110,2019,10.5
cubr111,2011,10.39
cubr111,2019,10.41
cubr112,2011,9.56
cubr112,2019,10.42
cubr113,2011,10.64
cubr113,2019,10.91
cubr114,2011,10.69
cubr114,2019,10.92
cubr115,2011,8.99
cubr115,2019,11.27
djir101,2006,5.97
djir102,2006,2.94
domr101,1996,8.24
domr101,2002,8.74
domr101,2007,8.69
domr101,2013,8.96
domr101,2019,10.38
domr102,1996,5.88
domr102,2002,5.96
domr102,2007,6.24
domr102,2013,6.95
domr102,2019,7.89
domr103,1996,6.2
domr103,2002,6.47
domr103,2007,7.21
domr103,2013,7.66
domr103,2019,8.42
domr104,1996,4.84
domr104,2002,5.82
domr104,2007,6.04
domr104,2013,6.91
domr104,2019,7.91
domr105,1996,5.51
domr105,2002,5.24
domr105,2007,5.76
domr105,2013,6.37
domr105,2019,7.61
domr106,1996,5.67
domr106,2002,6.21
domr106,2007,6.49
domr106,2013,7.53
domr106,2019,8.36
domr107,1996,3.94
domr107,2002,4.88
domr107,2007,5.06
domr107,2013,5.6
domr107,2019,6.93
domr108,1996,5.37
domr108,2002,5.5
domr108,2007,6.01
domr108,2013,6.07
domr108,2019,7.42
domr109,1996,5.56
domr109,2002,5.85
domr109,2007,6.51
domr109,2013,7.07
domr109,2019,8.12
dzar101,2002,6.27
dzar101,2013,6.74
dzar101,2019,8.43
dzar102,2002,5.82
dzar102,2013,6.83
dzar102,2019,8.21
dzar103,2002,5.48
dzar103,2013,6.43
dzar103,2019,7.59
dzar104,2002,4.88
dzar104,2013,6.09
dzar104,2019,7.4
dzar105,2002,5.41
dzar105,2013,6.68
dzar105,2019,7.81
dzar106,2002,4.83
dzar106,2013,5.71
dzar106,2019,7.13
dzar107,2002,5.79
dzar107,2013,6.77
dzar107,2019,8.28
ecur101,2007,9.79
ecur101,2011,10.01
ecur102,2007,10.28
ecur102,2011,10.43
ecur103,2007,9.55
ecur103,2011,9.55
egyr101,1995,9.12
egyr101,2000,9.66
egyr101,2005,10.23
egyr101,2008,9.93
egyr101,2014,10.02
egyr102,1995,7.73
egyr102,2000,9.08
egyr102,2005,8.92
egyr102,2008,9.22
egyr102,2014,10.29
egyr103,1995,8.38
egyr103,2000,9.75
egyr103,2005,8.93
egyr103,2008,10.23
egyr103,2014,10.58
egyr104,1995,8.19
egyr104,2000,8.63
egyr104,2005,9.75
egyr104,2008,9.62
egyr104,2014,10.02
egyr105,1995,5.73
egyr105,2000,5.48
egyr105,2005,7.08
egyr105,2008,7.63
egyr105,2014,7.81
egyr106,1995,7.17
egyr106,2000,6.3
egyr106,2005,7.14
egyr106,2008,7.86
egyr106,2014,8.28
egyr107,1995,6.75
egyr107,2000,6.67
egyr107,2005,7.91
egyr107,2008,7.84
egyr107,2014,8.61
egyr108,1995,7.27
egyr108,2000,8.04
egyr108,2005,8.37
egyr108,2008,9.04
egyr108,2014,8.89
egyr109,1995,5.21
egyr109,2000,6.25
egyr109,2005,6.61
egyr109,2008,7.77
egyr109,2014,7.97
egyr110,1995,6.88
egyr110,2000,7.61
egyr110,2005,8.72
egyr110,2008,8.98
egyr110,2014,8.91
egyr111,1995,7.03
egyr111,2000,7.57
egyr111,2005,8.91
egyr111,2008,8.26
egyr111,2014,8.77
egyr112,1995,5.69
egyr112,2000,5.41
egyr112,2005,7.2
egyr112,2008,7.21
egyr112,2014,7.61
egyr113,1995,8.46
egyr113,2000,8.23
egyr113,2005,8.79
egyr113,2008,8.25
egyr113,2014,8.95
egyr114,1995,6.95
egyr114,2000,8.11
egyr114,2005,8.21
egyr114,2008,9.09
egyr114,2014,8.76
egyr115,1995,4.64
egyr115,2000,5.19
egyr115,2005,6.5
egyr115,2008,7.15
egyr115,2014,7.97
egyr116,1995,4.31
egyr116,2000,4.81
egyr116,2005,5.52
egyr116,2008,5.83
egyr116,2014,7.28
egyr117,1995,5.24
egyr117,2000,5.56
egyr117,2005,6.62
egyr117,2008,6.63
egyr117,2014,7.46
egyr118,1995,5.22
egyr118,2000,6.06
egyr118,2005,6.05
egyr118,2008,6.75
egyr118,2014,7.35
egyr119,1995,5.7
egyr119,2000,5.73
egyr119,2005,6.02
egyr119,2008,7.33
egyr119,2014,8.02
egyr120,1995,4.61
egyr120,2000,5.77
egyr120,2005,7.5
egyr120,2008,7.6
egyr120,2014,8.46
egyr121,1995,5.69
egyr121,2000,7.9
egyr121,2005,8.31
egyr121,2008,8.73
egyr121,2014,9.18
egyr122,1995,8.11
egyr122,2000,7.61
egyr122,2005,8.59
egyr122,2008,8.59
egyr122,2014,9.14
erir101,1995,1.78
erir101,2002,4.24
erir102,1995,4.99
erir102,2002,7.25
erir103,1995,1.07
erir103,2002,1.74
erir104,1995,1.06
erir104,2002,1.86
erir105,1995,0.56
erir105,2002,1.32
erir106,1995,1.0
erir106,2002,3.07
ethr101,2000,1.35
ethr101,2005,2.02
ethr101,2011,2.83
ethr101,2016,3.42
ethr102,2000,1.01
ethr102,2005,1.0
ethr102,2011,2.37
ethr102,2016,2.31
ethr103,2000,0.99
ethr103,2005,1.21
ethr103,2011,1.77
ethr103,2016,2.62
ethr104,2000,1.85
ethr104,2005,2.25
ethr104,2011,3.05
ethr104,2016,3.56
ethr105,2000,0.88
ethr105,2005,0.96
ethr105,2011,2.56
ethr105,2016,2.68
ethr106,2000,2.1
ethr106,2005,1.47
ethr106,2011,2.51
ethr106,2016,3.91
ethr107,2000,2.26
ethr107,2005,2.42
ethr107,2011,3.44
ethr107,2016,3.85
ethr108,2000,3.63
ethr108,2005,3.11
ethr108,2011,5.66
ethr108,2016,6.94
ethr109,2000,4.66
ethr109,2005,5.84
ethr109,2011,6.22
ethr109,2016,6.87
ethr110,2000,7.82
ethr110,2005,8.69
ethr110,2011,8.52
ethr110,2016,9.71
ethr111,2000,5.18
ethr111,2005,5.21
ethr111,2011,5.95
ethr111,2016,6.21
fjir101,2007,9.83
fjir102,2007,10.07
fjir103,2007,9.47
fjir104,2007,9.47
fjir105,2007,8.55
fjir106,2007,8.53
fjir107,2007,8.79
fjir108,2007,9.4
fjir109,2007,9.08
fjir110,2007,8.82
gabr101,2000,6.16
gabr101,2012,8.76
gabr102,2000,5.71
gabr102,2012,8.11
gabr103,2000,6.11
gabr103,2012,6.81
gabr104,2000,4.27
gabr104,2012,6.4
gabr105,2000,4.91
gabr105,2012,6.87
gabr106,2000,5.34
gabr106,2012,6.56
gabr107,2000,3.84
gabr107,2012,5.75
gabr108,2000,6.22
gabr108,2012,6.63
gabr109,2000,6.46
gabr109,2012,7.55
gabr110,2000,8.25
gabr110,2012,9.52
geor102,2005,10.1
geor102,2018,12.89
geor103,2005,9.4
geor103,2018,12.67
geor104,2005,9.62
geor104,2018,13.02
geor105,2005,9.27
geor105,2018,12.35
geor106,2005,9.53
geor106,2018,11.98
geor107,2005,9.25
geor107,2018,12.54
geor108,2005,9.94
geor108,2018,12.99
geor109,2005,9.08
geor109,2018,12.11
geor110,2005,9.18
geor110,2018,12.25
geor111,2005,12.21
geor111,2018,13.97
ghar101,1998,8.4
ghar101,2003,8.28
ghar101,2006,7.66
ghar101,2008,9.01
ghar101,2011,7.73
ghar101,2014,9.12
ghar101,2017,8.65
ghar102,1998,8.07
ghar102,2003,7.23
ghar102,2006,6.96
ghar102,2008,7.56
ghar102,2011,7.69
ghar102,2014,8.81
ghar102,2017,8.59
ghar103,1998,10.42
ghar103,2003,10.4
ghar103,2006,10.03
ghar103,2008,10.47
ghar103,2011,10.48
ghar103,2014,10.57
ghar103,2017,10.0
ghar104,1998,7.34
ghar104,2003,7.95
ghar104,2006,6.8
ghar104,2008,7.75
ghar104,2011,7.45
ghar104,2014,8.32
ghar104,2017,7.08
ghar105,1998,8.17
ghar105,2003,7.89
ghar105,2006,7.89
ghar105,2008,8.45
ghar105,2011,8.44
ghar105,2014,8.79
ghar105,2017,9.0
ghar106,1998,7.87
ghar106,2003,8.13
ghar106,2006,8.34
ghar106,2008,8.7
ghar106,2011,7.91
ghar106,2014,9.33
ghar106,2017,8.31
ghar107,1998,6.48
ghar107,2003,6.67
ghar107,2006,7.15
ghar107,2008,6.31
ghar107,2011,6.23
ghar107,2014,7.42
ghar107,2017,7.33
ghar108,1998,2.15
ghar108,2003,2.32
ghar108,2006,3.22
ghar108,2008,3.33
ghar108,2011,3.43
ghar108,2014,3.66
ghar108,2017,3.57
ghar109,1998,1.94
ghar109,2003,2.58
ghar109,2006,2.57
ghar109,2008,3.52
ghar109,2011,3.51
ghar109,2014,3.66
ghar109,2017,4.2
ghar110,1998,2.68
ghar110,2003,2.23
ghar110,2006,2.55
ghar110,2008,3.24
ghar110,2011,2.9
ghar110,2014,4.05
ghar110,2017,4.45
ginr101,2005,1.63
ginr101,2012,3.44
ginr101,2018,3.58
ginr102,2005,6.31
ginr102,2012,7.8
ginr102,2018,8.83
ginr103,2005,2.06
ginr103,2012,2.22
ginr103,2018,2.91
ginr104,2005,1.42
ginr104,2012,1.63
ginr104,2018,2.55
ginr105,2005,1.33
ginr105,2012,2.61
ginr105,2018,3.63
ginr106,2005,1.33
ginr106,2012,1.64
ginr106,2018,1.68
ginr107,2005,0.84
ginr107,2012,1.56
ginr107,2018,1.81
ginr108,2005,2.86
ginr108,2012,3.53
ginr108,2018,4.02
gmbr101,2000,6.35
gmbr101,2006,5.83
gmbr101,2013,6.36
gmbr101,2018,6.32
gmbr101,2020,5.83
gmbr102,2000,5.8
gmbr102,2006,6.37
gmbr102,2013,6.37
gmbr102,2018,7.2
gmbr102,2020,7.33
gmbr103,2000,3.15
gmbr103,2006,4.48
gmbr103,2013,5.76
gmbr103,2018,6.56
gmbr103,2020,6.55
gmbr104,2000,1.53
gmbr104,2006,5.35
gmbr104,2013,4.02
gmbr104,2018,3.92
gmbr104,2020,4.21
gmbr105,2000,1.75
gmbr105,2006,2.03
gmbr105,2013,3.09
gmbr105,2018,3.29
gmbr105,2020,3.98
gmbr106,2000,1.13
gmbr106,2006,1.12
gmbr106,2013,1.33
gmbr106,2018,1.96
gmbr106,2020,1.66
gmbr107,2000,2.07
gmbr107,2006,6.53
gmbr107,2013,2.72
gmbr107,2018,2.28
gmbr107,2020,2.67
gmbr108,2000,1.42
gmbr108,2006,1.94
gmbr108,2013,1.52
gmbr108,2018,2.06
gmbr108,2020,2.75
gnbr101,2006,2.45
gnbr101,2014,3.24
gnbr101,2019,3.87
gnbr102,2006,2.11
gnbr102,2014,3.17
gnbr102,2019,4.95
gnbr103,2006,1.99
gnbr103,2014,3.27
gnbr103,2019,3.46
gnbr104,2006,2.69
gnbr104,2014,4.99
gnbr104,2019,6.1
gnbr105,2006,3.05
gnbr105,2014,3.98
gnbr105,2019,5.11
gnbr106,2006,1.73
gnbr106,2014,2.34
gnbr106,2019,2.96
gnbr107,2006,1.39
gnbr107,2014,1.83
gnbr107,2019,2.54
gnbr108,2006,3.3
gnbr108,2014,4.28
gnbr108,2019,5.05
gnbr109,2006,6.9
gnbr109,2014,7.64
gnbr109,2019,9.4
gnqr101,2000,8.83
gnqr102,2000,4.97
gnqr103,2000,5.89
gnqr104,2000,7.22
gnqr105,2000,4.95
gtmr101,1995,6.85
gtmr101,1999,6.7
gtmr101,2007,8.83
gtmr101,2012,8.9
gtmr101,2015,8.34
gtmr102,1995,1.81
gtmr102,1999,3.06
gtmr102,2007,4.7
gtmr102,2012,5.78
gtmr102,2015,3.87
gtmr103,1995,2.66
gtmr103,1999,2.88
gtmr103,2007,5.31
gtmr103,2012,5.6
gtmr103,2015,4.91
gtmr104,1995,2.23
gtmr104,1999,3.55
gtmr104,2007,5.18
gtmr104,2012,5.37
gtmr104,2015,4.52
gtmr105,1995,3.96
gtmr105,1999,4.38
gtmr105,2007,5.97
gtmr105,2012,6.22
gtmr105,2015,5.83
gtmr106,1995,3.05
gtmr106,1999,3.63
gtmr106,2007,4.88
gtmr106,2012,7.07
gtmr106,2015,4.78
gtmr107,1995,1.98
gtmr107,1999,1.86
gtmr107,2007,3.79
gtmr107,2012,5.67
gtmr107,2015,3.8
gtmr108,1999,2.46
gtmr108,2007,7.38
gtmr108,2012,5.98
gtmr108,2015,4.27
guyr101,2006,5.93
guyr101,2009,5.64
guyr101,2014,5.64
guyr101,2019,7.12
guyr102,2006,7.12
guyr102,2009,6.95
guyr102,2014,8.14
guyr102,2019,7.74
guyr103,2006,7.67
guyr103,2009,7.58
guyr103,2014,7.95
guyr103,2019,8.95
guyr104,2006,8.42
guyr104,2009,8.67
guyr104,2014,8.77
guyr104,2019,9.42
guyr105,2006,7.06
guyr105,2009,7.13
guyr105,2014,7.79
guyr105,2019,8.34
guyr106,2006,6.82
guyr106,2009,7.63
guyr106,2014,7.07
guyr106,2019,7.95
guyr107,2006,6.82
guyr107,2009,7.85
guyr107,2014,8.4
guyr107,2019,8.8
guyr108,2006,7.02
guyr108,2009,7.61
guyr108,2014,6.58
guyr108,2019,8.23
guyr109,2006,7.3
guyr109,2009,7.63
guyr109,2014,8.35
guyr109,2019,8.1
guyr110,2006,8.94
guyr110,2009,9.61
guyr110,2014,9.33
guyr110,2019,10.3
hndr101,2005,5.87
hndr101,2011,6.12
hndr101,2019,6.35
hndr102,2005,4.76
hndr102,2011,5.0
hndr102,2019,5.77
hndr103,2005,4.5
hndr103,2011,5.18
hndr103,2019,5.66
hndr104,2005,3.29
hndr104,2011,3.94
hndr104,2019,4.95
hndr105,2005,6.52
hndr105,2011,6.81
hndr105,2019,7.61
hndr106,2005,4.76
hndr106,2011,4.72
hndr106,2019,5.31
hndr107,2005,4.03
hndr107,2011,4.46
hndr107,2019,5.04
hndr108,2005,7.48
hndr108,2011,7.71
hndr108,2019,7.89
hndr109,2011,5.72
hndr109,2019,6.11
hndr110,2005,3.63
hndr110,2011,4.44
hndr110,2019,5.26
hndr111,2011,6.91
hndr111,2019,7.51
hndr112,2005,4.05
hndr112,2011,4.82
hndr112,2019,5.65
hndr113,2005,2.77
hndr113,2011,3.27
hndr113,2019,4.16
hndr114,2005,3.33
hndr114,2011,4.13
hndr114,2019,5.18
hndr115,2005,3.51
hndr115,2011,4.29
hndr115,2019,4.95
hndr116,2005,3.51
hndr116,2011,4.63
hndr116,2019,5.35
hndr117,2005,4.43
hndr117,2011,4.85
hndr117,2019,5.6
hndr118,2005,5.28
hndr118,2011,5.12
hndr118,2019,5.82
htir101,1994,5.33
htir101,2000,6.27
htir101,2005,6.73
htir101,2012,7.3
htir101,2017,7.97
htir102,1994,2.07
htir102,2000,2.43
htir102,2005,2.62
htir102,2012,3.89
htir102,2017,4.96
htir103,1994,2.29
htir103,2000,3.22
htir103,2005,3.97
htir103,2012,5.52
htir103,2017,5.64
htir104,1994,3.03
htir104,2000,3.08
htir104,2005,3.86
htir104,2012,4.3
htir104,2017,5.21
htir105,1994,2.14
htir105,2000,2.74
htir105,2005,3.63
htir105,2012,4.59
htir105,2017,5.21
htir106,1994,1.86
htir106,2000,2.63
htir106,2005,2.56
htir106,2012,3.66
htir106,2017,4.45
htir107,1994,2.59
htir107,2000,2.4
htir107,2005,3.23
htir107,2012,4.56
htir107,2017,5.03
htir108,1994,1.62
htir108,2000,2.42
htir108,2005,2.68
htir108,2012,3.58
htir108,2017,4.71
htir109,1994,1.72
htir109,2000,2.45
htir109,2005,3.16
htir109,2012,4.3
htir109,2017,5.58
htir110,2012,7.2
idnr101,1997,7.06
idnr101,2007,7.96
idnr101,2012,8.75
idnr101,2017,9.34
idnr102,1997,8.04
idnr102,2003,8.53
idnr102,2007,8.99
idnr102,2012,9.09
idnr102,2017,9.5
idnr103,1997,7.6
idnr103,2003,8.32
idnr103,2007,7.78
idnr103,2012,8.7
idnr103,2017,9.24
idnr104,1997,6.65
idnr104,2003,8.27
idnr104,2007,8.39
idnr104,2012,8.92
idnr104,2017,9.16
idnr105,1997,7.04
idnr105,2003,7.91
idnr105,2007,7.36
idnr105,2012,7.67
idnr105,2017,8.63
idnr106,1997,7.1
idnr106,2003,7.72
idnr106,2007,7.39
idnr106,2012,7.93
idnr106,2017,8.38
idnr107,1997,6.98
idnr107,2003,7.83
idnr107,2007,8.12
idnr107,2012,8.44
idnr107,2017,8.91
idnr108,1997,6.03
idnr108,2003,6.81
idnr108,2007,7.23
idnr108,2012,7.37
idnr108,2017,8.08
idnr109,2003,6.69
idnr109,2007,7.39
idnr109,2012,7.58
idnr109,2017,8.41
idnr110,1997,9.95
idnr110,2003,10.17
idnr110,2007,10.48
idnr110,2012,10.84
idnr110,2017,10.86
idnr111,1997,6.1
idnr111,2003,6.72
idnr111,2007,7.71
idnr111,2012,8.26
idnr111,2017,8.68
idnr112,1997,5.54
idnr112,2003,6.28
idnr112,2007,6.78
idnr112,2012,7.35
idnr112,2017,7.75
idnr113,1997,7.33
idnr113,2003,8.05
idnr113,2007,8.78
idnr113,2012,9.39
idnr113,2017,9.9
idnr114,1997,5.58
idnr114,2003,6.72
idnr114,2007,6.59
idnr114,2012,7.4
idnr114,2017,8.05
idnr115,2003,7.48
idnr115,2007,7.62
idnr115,2012,8.52
idnr115,2017,8.83
idnr116,1997,6.79
idnr116,2003,8.23
idnr116,2007,8.31
idnr116,2012,8.87
idnr116,2017,9.36
idnr117,1997,5.19
idnr117,2003,5.23
idnr117,2007,6.96
idnr117,2012,7.51
idnr117,2017,8.35
idnr118,1997,6.13
idnr118,2003,6.14
idnr118,2007,7.04
idnr118,2012,7.38
idnr118,2017,7.33
idnr119,1997,4.26
idnr120,1997,5.81
idnr120,2003,6.84
idnr120,2007,6.61
idnr120,2012,7.22
idnr120,2017,7.7
idnr121,1997,6.95
idnr121,2003,7.8
idnr121,2007,8.29
idnr121,2012,8.17
idnr121,2017,8.47
idnr122,1997,7.03
idnr122,2003,6.94
idnr122,2007,7.42
idnr122,2012,8.09
idnr122,2017,8.23
idnr123,1997,8.08
idnr123,2003,8.83
idnr123,2007,8.54
idnr123,2012,9.05
idnr123,2017,9.2
idnr124,1997,7.03
idnr124,2003,8.6
idnr124,2007,8.4
idnr124,2012,8.76
idnr124,2017,9.22
idnr125,1997,7.2
idnr125,2003,7.54
idnr125,2007,7.9
idnr125,2012,7.94
idnr125,2017,8.91
idnr126,1997,5.99
idnr126,2003,7.0
idnr126,2007,7.13
idnr126,2012,7.96
idnr126,2017,8.03
idnr127,1997,7.24
idnr127,2003,7.36
idnr127,2007,8.35
idnr127,2012,8.63
idnr127,2017,8.9
idnr128,2003,6.25
idnr128,2007,6.78
idnr128,2012,6.5
idnr128,2017,7.6
idnr129,1997,7.97
idnr129,2007,8.47
idnr129,2012,8.89
idnr129,2017,9.5
idnr130,1997,7.6
idnr130,2007,7.08
idnr130,2012,7.89
idnr130,2017,9.33
indr101,1992,4.34
indr101,1999,4.7
indr101,2006,5.16
indr101,2012,5.63
indr101,2016,6.26
indr102,1992,4.94
indr102,1999,5.42
indr102,2006,6.33
indr102,2012,7.27
indr102,2016,6.57
indr103,1992,4.93
indr103,1999,5.2
indr103,2006,5.48
indr103,2012,5.35
indr103,2016,5.91
indr104,1992,6.93
indr104,1999,7.5
indr104,2006,8.2
indr104,2012,10.49
indr104,2016,9.0
indr105,1992,5.55
indr105,1999,6.33
indr105,2006,6.59
indr105,2012,7.09
indr105,2016,7.6
indr106,1992,5.49
indr106,1999,6.34
indr106,2006,6.74
indr106,2012,7.56
indr106,2016,8.29
indr107,1992,5.31
indr107,1999,6.75
indr107,2006,7.87
indr107,2012,7.93
indr107,2016,8.8
indr108,1992,5.89
indr108,1999,5.57
indr108,2006,6.53
indr108,2012,7.48
indr108,2016,7.67
indr109,1992,5.17
indr109,1999,6.04
indr109,2006,6.34
indr109,2012,6.49
indr109,2016,7.39
indr110,1992,6.62
indr110,1999,7.45
indr110,2006,8.08
indr110,2012,8.83
indr110,2016,9.42
indr111,1992,4.51
indr111,1999,5.14
indr111,2006,5.42
indr111,2012,5.96
indr111,2016,6.48
indr112,1992,5.98
indr112,1999,6.84
indr112,2006,7.58
indr112,2012,8.2
indr112,2016,8.21
indr113,1992,7.28
indr113,1999,8.21
indr113,2006,8.67
indr113,2012,11.65
indr113,2016,9.44
indr114,1992,4.59
indr114,1999,4.49
indr114,2006,5.31
indr114,2012,7.97
indr114,2016,6.2
indr115,1992,6.52
indr115,1999,6.71
indr115,2006,7.59
indr115,2012,8.71
indr115,2016,7.96
indr116,1992,5.71
indr116,1999,5.66
indr116,2006,6.15
indr116,2012,10.35
indr116,2016,7.36
indr117,1992,4.33
indr117,1999,5.11
indr117,2006,5.32
indr117,2012,5.98
indr117,2016,6.31
indr118,1992,4.95
indr118,1999,6.17
indr118,2006,6.55
indr118,2012,7.58
indr118,2016,7.79
indr119,1992,4.01
indr119,1999,5.15
indr119,2006,5.4
indr119,2012,5.91
indr119,2016,6.61
indr120,1999,5.2
indr120,2006,5.96
indr120,2012,6.9
indr120,2016,7.08
indr121,1992,5.77
indr121,1999,6.23
indr121,2006,6.74
indr121,2012,7.21
indr121,2016,7.9
indr122,1992,5.71
indr122,1999,5.84
indr122,2006,6.02
indr122,2012,5.97
indr122,2016,6.49
indr123,1992,5.08
indr123,1999,5.64
indr123,2006,6.05
indr123,2012,6.41
indr123,2016,7.0
indr124,1992,8.64
indr124,1999,9.76
indr124,2006,9.87
indr124,2012,9.04
indr124,2016,9.44
indr125,1992,3.89
indr125,1999,4.85
indr125,2006,5.27
indr125,2012,8.66
indr125,2016,6.34
indr126,1992,5.65
indr126,1999,6.24
indr126,2006,6.13
indr126,2012,7.53
indr126,2016,7.15
indr127,2012,7.21
indr127,2016,8.47
indr128,2012,6.09
indr128,2016,6.43
indr129,2012,6.01
indr129,2016,6.58
indr130,2016,7.08
indr131,2012,7.13
indr131,2016,10.44
indr132,2012,8.83
indr132,2016,7.73
indr133,2012,10.11
indr133,2016,9.16
indr134,2016,8.69
indr135,2016,9.01
indr136,2016,8.12
irnr101,2006,7.87
irnr101,2011,8.14
irnr102,2006,7.85
irnr102,2011,8.38
irnr103,2006,8.4
irnr103,2011,8.79
irnr104,2006,7.46
irnr104,2011,7.84
irnr105,2006,6.96
irnr105,2011,7.34
irnr106,2006,7.54
irnr106,2011,7.9
irnr107,2006,7.79
irnr107,2011,8.19
irnr108,2006,8.32
irnr108,2011,8.49
irnr109,2006,7.68
irnr109,2011,7.84
irnr110,2006,7.79
irnr110,2011,7.97
irnr111,2006,8.59
irnr111,2011,8.67
irnr112,2006,5.59
irnr112,2011,6.11
irnr113,2006,6.52
irnr113,2011,7.1
irnr114,2006,7.09
irnr114,2011,7.36
irnr115,2006,7.5
irnr115,2011,7.82
irnr116,2006,7.34
irnr116,2011,7.74
irnr117,2006,7.87
irnr117,2011,8.74
irnr118,2006,8.05
irnr118,2011,8.87
irnr119,2006,8.64
irnr119,2011,8.73
irnr120,2006,7.03
irnr120,2011,7.49
irnr121,2006,8.79
irnr121,2011,9.0
irnr122,2006,8.57
irnr122,2011,8.86
irnr123,2006,7.1
irnr123,2011,7.68
irnr124,2006,8.28
irnr124,2011,9.75
irnr125,2006,7.0
irnr125,2011,7.88
irnr126,2006,8.34
irnr126,2011,8.72
irnr127,2006,7.72
irnr127,2011,7.98
irnr128,2006,7.64
irnr128,2011,7.99
irnr129,2006,6.52
irnr129,2011,6.94
irnr130,2006,6.76
irnr130,2011,7.19
irqr101,2006,4.71
irqr101,2011,6.22
irqr101,2018,7.21
irqr102,2006,6.77
irqr102,2011,7.44
irqr102,2018,8.91
irqr103,2006,5.43
irqr103,2011,6.65
irqr103,2018,7.35
irqr104,2006,6.89
irqr104,2011,7.61
irqr104,2018,9.1
irqr105,2006,5.32
irqr105,2011,6.84
irqr105,2018,7.88
irqr106,2006,7.86
irqr106,2011,8.24
irqr106,2018,8.48
irqr107,2006,8.35
irqr107,2011,8.39
irqr107,2018,8.89
irqr108,2006,7.43
irqr108,2011,8.88
irqr108,2018,8.94
irqr109,2006,7.33
irqr109,2011,8.5
irqr109,2018,8.53
irqr110,2006,7.33
irqr110,2011,7.77
irqr110,2018,7.99
irqr111,2006,6.58
irqr111,2011,7.54
irqr111,2018,8.09
irqr112,2006,7.2
irqr112,2011,8.24
irqr112,2018,9.15
irqr113,2006,6.88
irqr113,2011,8.0
irqr113,2018,7.83
irqr114,2006,6.29
irqr114,2011,7.51
irqr114,2018,7.89
irqr115,2006,5.23
irqr115,2011,5.86
irqr115,2018,6.94
irqr116,2006,6.22
irqr116,2011,7.45
irqr116,2018,7.89
irqr117,2006,6.09
irqr117,2011,6.87
irqr117,2018,6.73
irqr118,2006,7.66
irqr118,2011,8.11
irqr118,2018,8.44
jamr101,2005,9.59
jamr101,2011,10.42
jamr102,2005,8.47
jamr102,2011,8.59
jamr103,2005,9.49
jamr103,2011,9.2
jamr104,2005,8.12
jamr104,2011,8.47
jamr105,2005,9.0
jamr105,2011,9.48
jamr106,2005,8.41
jamr106,2011,9.05
jorr101,2002,10.59
jorr101,2007,10.81
jorr101,2012,11.48
jorr101,2017,11.93
jorr102,2002,9.66
jorr102,2007,9.79
jorr102,2012,10.39
jorr102,2017,11.01
jorr103,2002,9.86
jorr103,2007,10.04
jorr103,2012,10.24
jorr103,2017,10.61
jorr104,2002,9.4
jorr104,2007,10.09
jorr104,2012,10.47
jorr104,2017,10.62
jorr105,2002,9.88
jorr105,2007,10.34
jorr105,2012,11.05
jorr105,2017,11.11
jorr106,2002,7.83
jorr106,2007,8.54
jorr106,2012,9.53
jorr106,2017,9.42
jorr107,2002,8.72
jorr107,2007,10.05
jorr107,2012,10.2
jorr107,2017,10.79
jorr108,2002,9.55
jorr108,2007,9.93
jorr108,2012,10.46
jorr108,2017,10.83
jorr109,2002,9.0
jorr109,2007,9.48
jorr109,2012,10.31
jorr109,2017,11.0
jorr110,2002,8.88
jorr110,2007,9.35
jorr110,2012,10.19
jorr110,2017,10.6
jorr111,2002,8.53
jorr111,2007,8.82
jorr111,2012,9.09
jorr111,2017,9.91
jorr112,2002,8.95
jorr112,2007,9.48
jorr112,2012,10.66
jorr112,2017,10.93
kazr101,1995,11.44
kazr101,1999,11.78
kazr101,2006,13.43
kazr101,2010,13.08
kazr101,2015,13.03
kazr102,1995,10.33
kazr102,1999,10.57
kazr102,2006,11.49
kazr102,2010,11.55
kazr102,2015,11.46
kazr103,1995,10.17
kazr103,1999,10.21
kazr103,2006,11.87
kazr103,2010,11.61
kazr103,2015,11.23
kazr104,1995,10.27
kazr104,1999,10.44
kazr104,2006,11.68
kazr104,2010,11.61
kazr104,2015,11.57
kazr105,1995,9.85
kazr105,1999,10.17
kazr105,2006,11.25
kazr105,2010,11.69
kazr105,2015,11.79
kazr106,1995,10.08
kazr106,1999,10.25
kazr106,2006,11.29
kazr106,2010,11.07
kazr106,2015,11.28
kenr101,1993,8.93
kenr101,1998,9.92
kenr101,2003,10.37
kenr101,2008,11.93
kenr101,2014,11.2
kenr102,1993,6.3
kenr102,1998,7.05
kenr102,2003,8.01
kenr102,2008,8.16
kenr102,2014,9.28
kenr103,1993,5.37
kenr103,1998,6.65
kenr103,2003,6.5
kenr103,2008,8.16
kenr103,2014,8.14
kenr104,1993,5.33
kenr104,1998,6.14
kenr104,2003,6.65
kenr104,2008,6.92
kenr104,2014,7.53
kenr105,1993,5.51
kenr105,1998,6.8
kenr105,2003,7.59
kenr105,2008,8.43
kenr105,2014,9.08
kenr106,1993,5.47
kenr106,1998,6.63
kenr106,2003,6.54
kenr106,2008,7.54
kenr106,2014,8.17
kenr107,1993,6.52
kenr107,1998,7.32
kenr107,2003,7.2
kenr107,2008,7.48
kenr107,2014,8.1
kenr108,2003,1.05
kenr108,2008,2.71
kenr108,2014,2.46
kgzr101,1997,11.65
kgzr101,2006,13.13
kgzr101,2012,12.94
kgzr101,2014,13.55
kgzr101,2018,13.0
kgzr102,1997,10.08
kgzr102,2006,11.37
kgzr102,2012,11.51
kgzr102,2014,11.5
kgzr102,2018,11.39
kgzr103,1997,10.02
kgzr103,2006,11.27
kgzr103,2012,11.61
kgzr103,2014,12.04
kgzr103,2018,11.38
kgzr104,1997,10.05
kgzr104,2006,11.21
kgzr104,2012,11.26
kgzr104,2014,11.77
kgzr104,2018,11.06
kgzr105,1997,10.1
kgzr105,2006,10.56
kgzr105,2012,10.76
kgzr105,2014,11.22
kgzr105,2018,11.34
kgzr106,1997,10.24
kgzr106,2006,11.08
kgzr106,2012,10.77
kgzr106,2014,10.89
kgzr106,2018,11.28
kgzr107,1997,10.04
kgzr107,2006,11.28
kgzr107,2012,11.15
kgzr107,2014,11.51
kgzr107,2018,11.26
kgzr108,2006,10.46
kgzr108,2012,11.08
kgzr108,2014,11.54
kgzr108,2018,11.29
khmr101,2000,3.91
khmr101,2005,3.67
khmr101,2010,4.63
khmr101,2014,5.19
khmr102,2000,3.93
khmr102,2005,4.38
khmr102,2010,4.3
khmr102,2014,4.77
khmr103,2000,3.91
khmr103,2005,4.59
khmr103,2010,4.65
khmr103,2014,5.41
khmr104,2000,3.87
khmr104,2005,4.5
khmr104,2010,5.94
khmr104,2014,5.9
khmr105,2000,3.75
khmr105,2005,4.23
khmr105,2010,4.21
khmr105,2014,4.94
khmr106,2000,4.68
khmr106,2005,5.6
khmr106,2010,6.12
khmr106,2014,5.89
khmr107,2000,4.15
khmr107,2005,4.43
khmr107,2010,4.82
khmr107,2014,6.46
khmr108,2000,8.37
khmr108,2005,8.73
khmr108,2010,9.76
khmr108,2014,9.32
khmr109,2000,4.24
khmr109,2005,5.2
khmr109,2010,5.34
khmr109,2014,5.61
khmr110,2000,4.01
khmr110,2005,4.52
khmr110,2010,5.27
khmr110,2014,4.97
khmr111,2000,4.63
khmr111,2005,5.47
khmr111,2010,4.88
khmr111,2014,6.46
khmr112,2000,4.98
khmr112,2005,5.38
khmr112,2010,5.73
khmr112,2014,6.05
khmr113,2000,5.15
khmr113,2005,5.09
khmr113,2010,5.62
khmr113,2014,6.12
khmr114,2000,4.87
khmr114,2005,4.83
khmr114,2010,5.44
khmr114,2014,5.96
khmr115,2000,3.86
khmr115,2005,3.84
khmr115,2010,4.33
khmr115,2014,4.24
khmr116,2000,2.15
khmr116,2005,2.87
khmr116,2010,3.7
khmr116,2014,4.47
khmr117,2000,3.24
khmr117,2005,3.45
khmr117,2010,4.37
khmr117,2014,4.5
kirr101,2018,9.78
kirr102,2018,8.58
kirr103,2018,8.79
kirr104,2018,8.66
kirr105,2018,8.86
ksvr101,2014,11.14
ksvr101,2020,11.43
ksvr102,2014,11.44
ksvr102,2020,12.08
ksvr103,2014,12.44
ksvr103,2020,12.39
ksvr104,2014,11.78
ksvr104,2020,11.87
ksvr105,2014,10.6
ksvr105,2020,11.4
ksvr106,2014,12.08
ksvr106,2020,12.42
ksvr107,2014,11.67
ksvr107,2020,12.11
kwtr101,2014,10.09
kwtr102,2014,10.9
kwtr103,2014,10.24
laor101,2012,9.69
laor101,2017,10.01
laor102,2012,3.51
laor102,2017,4.79
laor103,2012,4.58
laor103,2017,4.88
laor104,2012,4.27
laor104,2017,6.32
laor105,2012,4.91
laor105,2017,6.38
laor106,2012,5.53
laor106,2017,5.96
laor107,2012,5.25
laor107,2017,5.76
laor108,2012,6.16
laor108,2017,6.78
laor109,2012,6.26
laor109,2017,7.62
laor110,2012,7.32
laor110,2017,7.17
laor111,2012,5.94
laor111,2017,7.51
laor112,2012,5.42
laor112,2017,6.51
laor113,2012,5.1
laor113,2017,5.79
laor114,2012,4.03
laor114,2017,5.52
laor115,2012,5.61
laor115,2017,5.58
laor116,2012,6.21
laor116,2017,6.72
laor117,2012,5.68
laor117,2017,6.76
lbnr101,2013,7.76
lbnr102,2013,9.01
lbnr103,2013,9.53
lbnr104,2013,9.67
lbnr105,2013,9.07
lbrr101,2013,5.37
lbrr101,2019,6.21
lbrr102,2013,4.53
lbrr102,2019,5.69
lbrr103,2013,4.97
lbrr103,2019,4.58
lbrr104,2013,4.58
lbrr104,2019,5.45
lbrr105,2013,3.95
lbrr105,2019,4.39
lbrr106,2013,6.16
lbrr106,2019,7.14
lbrr107,2013,7.0
lbrr107,2019,7.17
lbrr108,2013,4.83
lbrr108,2019,5.21
lbrr109,2013,6.68
lbrr109,2019,7.57
lbrr110,2013,7.08
lbrr110,2019,6.99
lbrr111,2013,9.24
lbrr111,2019,9.98
lbrr112,2013,6.21
lbrr112,2019,6.34
lbrr113,2013,4.8
lbrr113,2019,5.55
lbrr114,2013,6.19
lbrr114,2019,7.02
lbrr115,2013,6.13
lbrr115,2019,7.04
lbrr201,2007,9.48
lbrr201,2013,9.57
lbrr202,2007,3.57
lbrr202,2013,4.57
lbrr203,2007,4.69
lbrr203,2013,5.83
lbrr204,2007,4.83
lbrr204,2013,5.81
lbrr205,2007,6.39
lbrr205,2013,6.86
lbrr206,2007,4.75
lbrr206,2013,5.32
lbyr101,2014,10.31
lbyr102,2014,10.96
lbyr103,2014,10.85
lcar101,2012,9.62
lcar102,2012,9.12
lsor101,2004,4.59
lsor101,2010,5.5
lsor101,2014,5.29
lsor101,2018,6.37
lsor102,2004,4.95
lsor102,2010,5.61
lsor102,2014,5.89
lsor102,2018,7.21
lsor103,2004,4.33
lsor103,2010,6.76
lsor103,2014,6.64
lsor103,2018,7.46
lsor104,2004,6.22
lsor104,2010,6.51
lsor104,2014,7.13
lsor104,2018,8.31
lsor105,2004,4.16
lsor105,2010,5.0
lsor105,2014,5.49
lsor105,2018,6.1
lsor106,2004,3.93
lsor106,2010,4.19
lsor106,2014,4.18
lsor106,2018,5.51
lsor107,2004,3.52
lsor107,2010,4.04
lsor107,2014,4.65
lsor107,2018,5.11
lsor108,2004,3.76
lsor108,2010,4.5
lsor108,2014,4.96
lsor108,2018,5.96
lsor109,2004,3.13
lsor109,2010,3.83
lsor109,2014,3.61
lsor109,2018,4.49
lsor110,2004,2.94
lsor110,2010,3.14
lsor110,2014,3.56
lsor110,2018,3.84
marr101,1992,3.78
marr101,2003,4.78
marr101,2014,9.86
marr102,1992,2.4
marr102,2003,3.81
marr102,2014,9.11
marr103,1992,3.43
marr103,2003,5.39
marr103,2014,9.55
marr104,1992,2.88
marr104,2003,4.91
marr104,2014,5.48
marr105,1992,3.26
marr105,2003,4.36
marr105,2014,6.6
marr106,1992,1.72
marr106,2003,3.05
marr106,2014,7.27
marr107,1992,2.51
marr107,2003,3.65
marr107,2014,6.83
mdar101,2005,10.37
mdar101,2012,10.87
mdar102,2005,10.36
mdar102,2012,10.48
mdar103,2005,10.52
mdar103,2012,10.81
mdar104,2005,12.99
mdar104,2012,13.02
mdgr101,2009,7.03
mdgr101,2018,7.85
mdgr102,2009,4.33
mdgr102,2018,5.03
mdgr103,2009,3.72
mdgr103,2018,4.62
mdgr104,2009,3.89
mdgr104,2018,4.4
mdgr105,2009,4.03
mdgr105,2018,4.68
mdgr106,2009,4.64
mdgr106,2018,5.41
mdgr107,2009,3.02
mdgr107,2018,4.19
mdgr108,2009,3.01
mdgr108,2018,3.58
mdgr109,2009,2.28
mdgr109,2018,2.99
mdgr110,2009,4.94
mdgr110,2018,5.38
mdgr111,2009,3.14
mdgr111,2018,4.35
mdgr112,2009,4.71
mdgr112,2018,5.24
mdgr113,2009,4.77
mdgr113,2018,5.05
mdgr114,2009,4.36
mdgr114,2018,5.21
mdgr115,2009,3.68
mdgr115,2018,4.26
mdgr116,2009,2.61
mdgr116,2018,3.47
mdgr117,2009,3.1
mdgr117,2018,2.64
mdgr118,2009,0.95
mdgr118,2018,1.91
mdgr119,2009,2.68
mdgr119,2018,3.08
mdgr120,2009,3.42
mdgr120,2018,3.75
mdgr121,2009,4.2
mdgr121,2018,6.55
mdgr122,2009,3.73
mdgr122,2018,5.27
mdgr201,1992,5.26
mdgr201,1997,5.47
mdgr201,2004,7.63
mdgr201,2009,5.59
mdgr201,2018,6.36
mdgr202,1992,2.82
mdgr202,1997,3.25
mdgr202,2004,4.59
mdgr202,2009,3.49
mdgr202,2018,4.26
mdgr203,1992,3.69
mdgr203,1997,3.99
mdgr203,2004,4.42
mdgr203,2009,4.26
mdgr203,2018,5.04
mdgr204,1992,2.62
mdgr204,1997,3.39
mdgr204,2004,4.11
mdgr204,2009,4.24
mdgr204,2018,4.88
mdgr205,1992,2.7
mdgr205,1997,2.23
mdgr205,2004,3.43
mdgr205,2009,2.69
mdgr205,2018,2.82
mdgr206,1992,3.39
mdgr206,1997,3.58
mdgr206,2004,4.25
mdgr206,2009,3.9
mdgr206,2018,5.93
mdvr101,2009,7.64
mdvr101,2017,8.72
mdvr102,2009,2.94
mdvr102,2017,5.82
mdvr103,2009,3.11
mdvr103,2017,5.21
mdvr104,2009,3.51
mdvr104,2017,5.25
mdvr105,2009,3.05
mdvr105,2017,5.98
mdvr106,2009,3.42
mdvr106,2017,5.73
mexr101,2000,7.73
mexr101,2010,8.87
mexr101,2015,9.39
mexr102,2000,8.3
mexr102,2010,8.95
mexr102,2015,9.66
mexr103,2000,8.13
mexr103,2010,9.29
mexr103,2015,9.73
mexr104,2000,7.12
mexr104,2010,8.31
mexr104,2015,8.96
mexr105,2000,8.19
mexr105,2010,8.96
mexr105,2015,9.83
mexr106,2000,6.98
mexr106,2010,8.64
mexr106,2015,9.01
mexr107,2000,5.5
mexr107,2010,6.25
mexr107,2015,7.02
mexr108,2000,7.55
mexr108,2010,8.47
mexr108,2015,9.15
mexr109,2000,9.98
mexr109,2010,11.01
mexr109,2015,11.4
mexr110,2000,6.83
mexr110,2010,8.2
mexr110,2015,8.48
mexr111,2000,6.16
mexr111,2010,7.37
mexr111,2015,7.95
mexr112,2000,5.96
mexr112,2010,6.89
mexr112,2015,7.55
mexr113,2000,6.41
mexr113,2010,7.7
mexr113,2015,8.24
mexr114,2000,7.42
mexr114,2010,8.41
mexr114,2015,9.13
mexr115,2000,8.21
mexr115,2010,9.05
mexr115,2015,9.49
mexr116,2000,6.03
mexr116,2010,7.04
mexr116,2015,7.44
mexr117,2000,7.62
mexr117,2010,8.8
mexr117,2015,8.95
mexr118,2000,6.66
mexr118,2010,7.74
mexr118,2015,8.31
mexr119,2000,8.95
mexr119,2010,9.78
mexr119,2015,10.21
mexr120,2000,5.5
mexr120,2010,6.51
mexr120,2015,7.15
mexr121,2000,6.78
mexr121,2010,7.76
mexr121,2015,8.07
mexr122,2000,7.52
mexr122,2010,9.06
mexr122,2015,9.75
mexr123,2000,7.85
mexr123,2010,8.81
mexr123,2015,9.6
mexr124,2000,6.56
mexr124,2010,7.68
mexr124,2015,8.12
mexr125,2000,7.09
mexr125,2010,8.32
mexr125,2015,9.2
mexr126,2000,7.76
mexr126,2010,9.16
mexr126,2015,9.74
mexr127,2000,6.89
mexr127,2010,8.26
mexr127,2015,9.04
mexr128,2000,7.73
mexr128,2010,8.9
mexr128,2015,9.2
mexr129,2000,7.44
mexr129,2010,8.53
mexr129,2015,8.91
mexr130,2000,6.33
mexr130,2010,7.22
mexr130,2015,7.85
mexr131,2000,6.71
mexr131,2010,7.99
mexr131,2015,8.66
mexr132,2000,5.91
mexr132,2010,7.21
mexr132,2015,7.83
mexr201,2000,7.5
mexr201,2010,8.56
mexr201,2015,8.9
mexr202,2000,7.45
mexr202,2010,8.53
mexr202,2015,8.5
mexr203,2000,6.56
mexr203,2010,7.63
mexr203,2015,8.94
mexr204,2000,8.97
mexr204,2010,9.84
mexr204,2015,9.78
mexr205,2000,6.25
mexr205,2010,7.24
mexr205,2015,8.36
mkdr101,2005,9.37
mkdr101,2011,11.86
mkdr101,2019,12.77
mkdr102,2005,9.09
mkdr102,2011,11.14
mkdr102,2019,12.34
mkdr103,2005,9.75
mkdr103,2011,11.19
mkdr103,2019,11.95
mkdr104,2005,8.64
mkdr104,2011,10.15
mkdr104,2019,11.22
mkdr105,2005,8.12
mkdr105,2011,10.92
mkdr105,2019,11.65
mkdr106,2005,7.84
mkdr106,2011,9.55
mkdr106,2019,10.59
mkdr107,2005,9.11
mkdr107,2011,9.94
mkdr107,2019,11.77
mkdr108,2005,9.58
mkdr108,2011,9.95
mkdr108,2019,11.36
mlir101,1995,1.19
mlir101,2001,1.27
mlir101,2006,1.33
mlir101,2013,1.52
mlir101,2018,2.22
mlir102,1995,1.03
mlir102,2001,1.34
mlir102,2006,1.26
mlir102,2013,2.05
mlir102,2018,3.08
mlir103,1995,0.84
mlir103,2001,0.91
mlir103,2006,0.93
mlir103,2013,1.68
mlir103,2018,1.95
mlir104,1995,1.07
mlir104,2001,0.86
mlir104,2006,1.33
mlir104,2013,1.45
mlir104,2018,1.94
mlir105,1995,0.55
mlir105,2001,0.64
mlir105,2006,0.65
mlir105,2013,0.95
mlir105,2018,1.2
mlir106,1995,2.17
mlir106,2001,1.52
mlir106,2006,0.97
mlir106,2018,1.35
mlir107,1995,2.55
mlir107,2001,2.53
mlir107,2006,1.68
mlir107,2018,1.98
mlir108,1995,4.23
mlir108,2001,6.16
mlir108,2006,5.3
mlir108,2013,5.98
mlir108,2018,6.59
mmrr101,2000,5.62
mmrr101,2016,5.8
mmrr102,2000,5.28
mmrr102,2016,5.24
mmrr103,2000,3.25
mmrr103,2016,4.22
mmrr104,2000,5.71
mmrr104,2016,6.51
mmrr105,2000,4.85
mmrr105,2016,5.15
mmrr106,2000,5.62
mmrr106,2016,5.2
mmrr107,2000,5.75
mmrr107,2016,5.93
mmrr108,2000,5.05
mmrr108,2016,5.19
mmrr109,2000,6.23
mmrr109,2016,5.84
mmrr110,2000,4.87
mmrr110,2016,4.88
mmrr111,2000,4.29
mmrr111,2016,4.81
mmrr112,2000,8.06
mmrr112,2016,7.54
mmrr113,2000,3.36
mmrr113,2016,3.22
mmrr114,2000,5.19
mmrr114,2016,5.25
mner101,2005,12.48
mner101,2013,10.8
mner101,2018,12.84
mner102,2005,12.47
mner102,2013,12.28
mner102,2018,13.04
mner103,2005,11.08
mner103,2013,12.25
mner103,2018,12.02
mngr101,2005,8.18
mngr101,2010,8.35
mngr101,2018,8.45
mngr102,2005,8.29
mngr102,2010,7.89
mngr102,2018,8.79
mngr103,2005,8.7
mngr103,2010,8.79
mngr103,2018,9.4
mngr104,2005,8.49
mngr104,2010,8.28
mngr104,2018,8.58
mngr105,2005,10.77
mngr105,2010,11.1
mngr105,2018,11.56
mozr101,1997,2.37
mozr101,2003,2.52
mozr101,2011,3.89
mozr102,1997,2.23
mozr102,2003,2.63
mozr102,2011,3.02
mozr103,1997,2.0
mozr103,2003,2.63
mozr103,2011,3.69
mozr104,1997,2.61
mozr104,2003,2.67
mozr104,2011,3.55
mozr105,1997,2.33
mozr105,2003,2.95
mozr105,2011,3.44
mozr106,1997,3.35
mozr106,2003,3.83
mozr106,2011,5.92
mozr107,1997,2.92
mozr107,2003,3.94
mozr107,2011,5.11
mozr108,1997,2.6
mozr108,2003,2.96
mozr108,2011,3.66
mozr109,1997,2.9
mozr109,2003,2.96
mozr109,2011,4.08
mozr110,1997,4.75
mozr110,2003,5.2
mozr110,2011,6.42
mozr111,1997,5.96
mozr111,2003,6.8
mozr111,2011,8.42
mrtr101,2001,3.57
mrtr101,2007,2.96
mrtr101,2011,4.07
mrtr101,2015,2.53
mrtr102,2001,3.45
mrtr102,2007,2.35
mrtr102,2011,3.53
mrtr102,2015,2.78
mrtr103,2001,2.93
mrtr103,2007,4.04
mrtr103,2011,4.46
mrtr103,2015,2.92
mrtr104,2001,2.26
mrtr104,2007,2.6
mrtr104,2011,3.18
mrtr104,2015,2.96
mrtr105,2001,3.13
mrtr105,2007,3.62
mrtr105,2011,4.69
mrtr105,2015,2.77
mrtr106,2001,5.85
mrtr106,2007,6.57
mrtr106,2011,7.08
mrtr106,2015,6.12
mrtr107,2001,3.63
mrtr107,2007,4.53
mrtr107,2011,5.66
mrtr107,2015,4.31
mrtr108,2001,5.53
mrtr108,2007,6.37
mrtr108,2011,7.34
mrtr108,2015,6.58
mrtr109,2001,3.43
mrtr109,2007,3.9
mrtr109,2011,5.14
mrtr109,2015,4.1
mrtr110,2001,1.62
mrtr110,2007,3.17
mrtr110,2011,3.43
mrtr110,2015,2.06
mrtr111,2001,4.99
mrtr111,2007,5.13
mrtr111,2011,7.58
mrtr111,2015,7.27
mrtr112,2001,4.92
mrtr112,2007,5.81
mrtr112,2015,5.19
musr101,2013,9.4
musr102,2013,9.7
musr103,2013,7.39
mwir101,1992,6.97
mwir101,2000,7.98
mwir101,2004,7.71
mwir101,2010,8.6
mwir101,2016,8.82
mwir101,2020,9.42
mwir102,1992,4.75
mwir102,2000,5.57
mwir102,2004,5.54
mwir102,2010,6.16
mwir102,2016,6.65
mwir102,2020,7.54
mwir103,1992,2.99
mwir103,2000,3.56
mwir103,2004,3.93
mwir103,2010,4.83
mwir103,2016,4.89
mwir103,2020,5.63
mwir104,1992,2.48
mwir104,2000,3.05
mwir104,2004,3.56
mwir104,2010,4.11
mwir104,2016,4.54
mwir104,2020,5.08
mwir105,1992,6.64
mwir105,2000,6.61
mwir105,2004,7.01
mwir105,2010,6.94
mwir105,2016,7.87
mwir105,2020,8.19
mwir106,1992,3.38
mwir106,2000,4.27
mwir106,2004,4.24
mwir106,2010,5.46
mwir106,2016,4.78
mwir106,2020,5.97
mwir107,1992,4.34
mwir107,2000,4.49
mwir107,2004,4.9
mwir107,2010,5.79
mwir107,2016,6.1
mwir107,2020,6.55
mwir108,1992,4.4
mwir108,2000,4.22
mwir108,2004,5.69
mwir108,2010,6.16
mwir108,2016,6.56
mwir108,2020,7.24
mwir109,1992,4.03
mwir109,2000,5.29
mwir109,2004,6.14
mwir109,2010,6.45
mwir109,2016,7.79
mwir109,2020,7.26
mwir110,1992,3.42
mwir110,2000,4.45
mwir110,2004,4.99
mwir110,2010,5.27
mwir110,2016,5.96
mwir110,2020,6.58
mwir111,1992,5.96
mwir111,2000,6.83
mwir111,2004,7.25
mwir111,2010,7.47
mwir111,2016,8.09
mwir111,2020,8.23
mwir112,1992,3.95
mwir112,2000,4.07
mwir112,2004,4.57
mwir112,2010,5.01
mwir112,2016,5.72
mwir112,2020,5.84
mwir113,1992,3.92
mwir113,2000,4.27
mwir113,2004,4.82
mwir113,2010,5.44
mwir113,2016,5.79
mwir113,2020,6.65
mysr101,2000,8.39
mysr102,2000,8.15
mysr103,2000,7.54
mysr104,2000,8.84
mysr105,2000,8.7
mysr106,2000,8.01
mysr107,2000,9.09
mysr108,2000,8.04
mysr109,2000,8.05
mysr110,2000,9.86
mysr111,2000,8.06
mysr112,2000,6.65
mysr113,2000,6.91
mysr114,2000,9.98
mysr115,2000,8.69
mysr201,2011,9.65
mysr202,2011,10.2
mysr203,2011,9.99
mysr204,2011,10.76
mysr205,2011,8.76
namr101,2000,6.44
namr101,2006,7.51
namr101,2013,8.34
namr102,2000,8.99
namr102,2006,8.21
namr102,2013,9.16
namr103,2000,6.06
namr103,2006,6.45
namr103,2013,7.76
namr104,2000,7.41
namr104,2006,7.93
namr104,2013,8.55
namr105,2000,7.9
namr105,2006,9.6
namr105,2013,10.1
namr106,2000,4.9
namr106,2006,4.23
namr106,2013,5.17
namr107,2000,3.34
namr107,2006,4.2
namr107,2013,5.18
namr108,2000,6.08
namr108,2006,5.57
namr108,2013,6.11
namr109,2000,3.55
namr109,2006,5.65
namr109,2013,5.69
namr110,2000,3.29
namr110,2006,5.31
namr110,2013,5.9
namr111,2000,6.09
namr111,2006,7.3
namr111,2013,8.11
namr112,2000,5.37
namr112,2006,5.54
namr112,2013,6.46
namr113,2000,5.38
namr113,2006,5.44
namr113,2013,6.47
namr201,1992,3.29
namr202,1992,4.76
namr203,1992,3.94
namr204,1992,6.57
nerr101,1998,3.66
nerr101,2006,2.18
nerr101,2012,2.77
nerr102,1998,0.67
nerr102,2006,0.94
nerr102,2012,1.08
nerr103,1998,0.96
nerr103,2006,0.94
nerr103,2012,1.05
nerr104,1998,0.74
nerr104,2006,0.94
nerr104,2012,1.17
nerr105,1998,2.24
nerr105,2006,2.35
nerr105,2012,2.95
nerr106,1998,0.58
nerr106,2006,0.75
nerr106,2012,0.91
nerr107,1998,0.73
nerr107,2006,0.67
nerr107,2012,1.0
ngar101,1999,7.39
ngar101,2003,7.75
ngar101,2008,8.72
ngar101,2013,9.07
ngar101,2018,9.76
ngar102,1999,6.58
ngar102,2003,7.29
ngar102,2008,8.07
ngar102,2013,9.01
ngar102,2018,8.9
ngar103,1999,3.62
ngar103,2003,2.27
ngar103,2008,2.72
ngar103,2013,3.56
ngar103,2018,5.09
ngar104,1999,6.55
ngar104,2003,7.21
ngar104,2008,9.26
ngar104,2013,9.98
ngar104,2018,9.88
ngar105,1999,7.48
ngar105,2003,7.5
ngar105,2008,7.47
ngar105,2013,8.4
ngar105,2018,9.84
ngar106,1999,3.66
ngar106,2003,5.16
ngar106,2008,2.06
ngar106,2013,3.34
ngar106,2018,6.15
ngar107,1999,9.2
ngar107,2003,7.52
ngar107,2008,8.14
ngar107,2013,8.87
ngar107,2018,9.65
ngar108,1999,4.54
ngar108,2003,5.45
ngar108,2008,5.25
ngar108,2013,7.35
ngar108,2018,6.77
ngar109,1999,7.12
ngar109,2003,10.55
ngar109,2008,8.55
ngar109,2013,9.13
ngar109,2018,10.25
ngar110,1999,5.77
ngar110,2003,5.27
ngar110,2008,6.95
ngar110,2013,7.33
ngar110,2018,7.28
ngar111,1999,4.83
ngar111,2003,4.53
ngar111,2008,4.84
ngar111,2013,5.0
ngar111,2018,6.72
ngar112,1999,4.66
ngar112,2003,4.93
ngar112,2008,2.45
ngar112,2013,3.26
ngar112,2018,5.39
ngar113,1999,5.97
ngar113,2003,8.8
ngar113,2008,6.08
ngar113,2013,9.74
ngar113,2018,7.09
ngar114,1999,10.19
ngar114,2003,10.58
ngar114,2008,11.07
ngar114,2013,11.21
ngar114,2018,11.97
ngar115,1999,7.07
ngar115,2003,4.99
ngar115,2008,4.65
ngar115,2013,5.85
ngar115,2018,6.3
ngar116,1999,7.79
ngar116,2003,6.69
ngar116,2008,6.55
ngar116,2013,8.06
ngar116,2018,10.14
ngar117,1999,6.09
ngar117,2003,6.38
ngar117,2008,8.28
ngar117,2013,9.76
ngar117,2018,9.44
ngar118,1999,6.59
ngar118,2003,7.11
ngar118,2008,7.27
ngar118,2013,8.18
ngar118,2018,9.93
ngar119,1999,5.89
ngar119,2003,7.07
ngar119,2008,6.71
ngar119,2013,7.65
ngar119,2018,9.06
ngar120,1999,8.88
ngar120,2003,9.06
ngar120,2008,10.54
ngar120,2013,11.25
ngar120,2018,11.39
ngar121,1999,0.79
ngar121,2003,1.26
ngar121,2008,3.01
ngar121,2013,2.76
ngar121,2018,2.66
ngar122,1999,7.06
ngar122,2003,7.23
ngar122,2008,8.71
ngar122,2013,9.36
ngar122,2018,9.85
ngar123,1999,9.56
ngar123,2003,9.53
ngar123,2008,9.55
ngar123,2013,10.17
ngar123,2018,11.09
ngar124,1999,5.13
ngar124,2003,8.44
ngar124,2008,6.85
ngar124,2013,6.84
ngar124,2018,8.6
ngar125,1999,1.7
ngar125,2003,1.44
ngar125,2008,2.84
ngar125,2013,2.87
ngar125,2018,4.62
ngar126,1999,1.03
ngar126,2003,2.98
ngar126,2008,2.65
ngar126,2013,2.97
ngar126,2018,3.1
ngar127,1999,7.77
ngar127,2003,7.32
ngar127,2008,8.48
ngar127,2013,9.04
ngar127,2018,9.72
ngar128,1999,7.52
ngar128,2003,6.84
ngar128,2008,9.01
ngar128,2013,10.19
ngar128,2018,9.89
ngar129,1999,7.43
ngar129,2003,2.61
ngar129,2008,6.0
ngar129,2013,6.2
ngar129,2018,7.81
ngar130,1999,4.32
ngar130,2003,5.03
ngar130,2008,2.47
ngar130,2013,1.78
ngar130,2018,3.16
ngar131,1999,10.76
ngar131,2003,8.48
ngar131,2008,10.23
ngar131,2013,10.82
ngar131,2018,11.12
ngar132,1999,4.8
ngar132,2003,3.81
ngar132,2008,6.73
ngar132,2013,7.56
ngar132,2018,7.97
ngar133,1999,7.25
ngar133,2003,7.1
ngar133,2008,9.09
ngar133,2013,10.65
ngar133,2018,10.3
ngar134,1999,4.95
ngar134,2003,4.94
ngar134,2008,4.44
ngar134,2013,4.63
ngar134,2018,4.39
ngar135,1999,4.4
ngar135,2003,4.74
ngar135,2008,6.83
ngar135,2013,7.89
ngar135,2018,9.32
ngar136,1999,1.84
ngar136,2003,2.79
ngar136,2008,2.56
ngar136,2013,3.13
ngar136,2018,4.71
ngar137,1999,7.45
ngar137,2003,6.77
ngar137,2008,10.67
ngar137,2013,11.61
ngar137,2018,10.46
nicr101,1998,6.16
nicr101,2001,6.32
nicr101,2007,7.0
nicr101,2012,7.67
nicr102,1998,3.55
nicr102,2001,3.55
nicr102,2007,7.48
nicr102,2012,5.67
nicr103,1998,3.4
nicr103,2001,3.19
nicr103,2007,5.37
nicr103,2012,4.52
nplr101,1996,3.44
nplr101,2001,3.57
nplr101,2006,3.85
nplr101,2011,4.92
nplr101,2016,5.14
nplr102,1996,3.06
nplr102,2001,3.25
nplr102,2006,4.38
nplr102,2011,4.6
nplr102,2016,5.35
nplr103,1996,2.84
nplr103,2001,3.57
nplr103,2006,4.01
nplr103,2011,4.83
nplr103,2016,5.27
nplr104,1996,2.32
nplr104,2001,3.0
nplr104,2006,3.78
nplr104,2011,3.86
nplr104,2016,4.3
nplr105,1996,2.64
nplr105,2001,2.89
nplr105,2006,3.96
nplr105,2011,4.4
nplr105,2016,4.92
pakr101,1991,3.03
pakr101,2007,4.78
pakr101,2012,5.53
pakr101,2018,6.17
pakr102,1991,3.87
pakr102,2007,5.48
pakr102,2012,6.23
pakr102,2018,6.11
pakr103,1991,3.25
pakr103,2007,5.11
pakr103,2012,5.56
pakr103,2018,5.49
pakr104,1991,1.71
pakr104,2007,4.71
pakr104,2012,4.37
pakr104,2018,4.61
pakr105,1991,6.88
pakr105,2007,7.89
pakr105,2012,10.55
pakr105,2018,9.37
pakr106,2012,4.89
pakr106,2018,6.72
pakr107,2018,7.54
pakr108,2018,4.58
panr101,2013,7.3
panr102,2013,7.82
panr103,2013,9.99
panr104,2013,9.08
panr105,2013,6.02
panr106,2013,8.1
panr107,2013,7.92
panr108,2013,10.58
panr109,2013,7.09
panr110,2013,5.12
panr111,2013,5.26
panr112,2013,3.88
panr201,2007,10.77
panr201,2012,11.29
panr202,2007,9.8
panr202,2012,10.73
panr203,2007,8.78
panr203,2012,8.93
panr204,2007,7.64
panr204,2012,9.87
perr101,1996,6.31
perr101,2000,7.85
perr101,2004,8.29
perr101,2006,7.89
perr101,2008,7.94
perr101,2009,7.67
perr101,2010,8.27
perr101,2011,8.07
perr101,2012,8.0
perr102,1996,6.73
perr102,2000,7.61
perr102,2004,7.72
perr102,2006,7.73
perr102,2008,7.79
perr102,2009,7.4
perr102,2010,8.01
perr102,2011,8.21
perr102,2012,8.24
perr103,1996,6.34
perr103,2000,7.17
perr103,2004,7.49
perr103,2006,8.12
perr103,2008,7.76
perr103,2009,7.55
perr103,2010,8.27
perr103,2011,7.94
perr103,2012,8.1
perr104,1996,8.16
perr104,2000,9.49
perr104,2004,9.94
perr104,2006,9.95
perr104,2008,9.82
perr104,2009,8.95
perr104,2010,9.81
perr104,2011,10.19
perr104,2012,9.87
perr105,1996,9.19
perr105,2000,10.4
perr105,2004,10.73
perr105,2006,10.66
perr105,2008,10.79
perr105,2009,9.88
perr105,2010,10.64
perr105,2011,10.95
perr105,2012,10.83
perr106,1996,6.76
perr106,2000,7.8
perr106,2004,7.71
perr106,2006,7.93
perr106,2008,7.62
perr106,2009,7.48
perr106,2010,8.34
perr106,2011,8.65
perr106,2012,8.25
phlr101,1998,8.62
phlr101,2003,10.92
phlr101,2008,10.94
phlr101,2013,10.99
phlr101,2017,12.01
phlr102,1998,7.61
phlr102,2003,8.45
phlr102,2008,8.44
phlr102,2013,9.37
phlr102,2017,10.12
phlr103,1998,8.65
phlr103,2003,8.7
phlr103,2008,9.61
phlr103,2013,9.63
phlr103,2017,10.16
phlr104,1998,8.84
phlr104,2003,7.99
phlr104,2008,8.91
phlr104,2013,8.52
phlr104,2017,9.1
phlr105,1998,7.34
phlr105,2003,8.78
phlr105,2008,9.08
phlr105,2013,9.18
phlr105,2017,10.05
phlr106,1998,7.63
phlr106,2003,9.44
phlr106,2008,9.7
phlr106,2013,10.01
phlr106,2017,10.61
phlr107,1998,7.26
phlr107,2003,6.94
phlr107,2008,7.31
phlr107,2013,7.41
phlr107,2017,8.84
phlr108,1998,6.17
phlr108,2003,8.2
phlr108,2008,8.38
phlr108,2013,8.59
phlr108,2017,9.2
phlr109,1998,7.14
phlr109,2003,7.65
phlr109,2008,8.48
phlr109,2013,8.39
phlr109,2017,9.15
phlr110,1998,7.56
phlr110,2003,8.2
phlr110,2008,8.27
phlr110,2013,8.49
phlr110,2017,9.05
phlr111,1998,7.78
phlr111,2003,6.29
phlr111,2008,7.62
phlr111,2013,7.76
phlr111,2017,8.54
phlr112,1998,7.76
phlr112,2003,7.07
phlr112,2008,8.21
phlr112,2013,8.18
phlr112,2017,8.52
phlr113,1998,10.73
phlr113,2003,8.05
phlr113,2008,8.3
phlr113,2013,7.86
phlr113,2017,9.29
phlr114,1998,7.55
phlr114,2003,7.9
phlr114,2008,7.99
phlr114,2013,8.51
phlr114,2017,8.98
phlr115,1998,5.48
phlr115,2003,7.67
phlr115,2008,7.88
phlr115,2013,7.95
phlr115,2017,8.62
phlr116,1998,7.46
phlr116,2003,7.98
phlr116,2008,7.93
phlr116,2013,8.18
phlr116,2017,8.88
phlr117,2003,6.21
phlr117,2008,5.97
phlr117,2013,5.77
phlr117,2017,6.41
pngr101,2017,6.68
pngr102,2017,5.5
pngr103,2017,6.42
pngr104,2017,10.58
pngr105,2017,5.69
pngr106,2017,5.91
pngr107,2017,3.66
pngr108,2017,3.52
pngr109,2017,5.17
pngr110,2017,5.22
pngr111,2017,4.72
pngr112,2017,7.18
pngr113,2017,6.13
pngr114,2017,5.56
pngr115,2017,5.52
pngr116,2017,8.18
pngr117,2017,7.6
pngr118,2017,6.95
pngr119,2017,6.61
pngr120,2017,6.82
pngr121,2017,3.05
pngr122,2017,5.21
pryr101,2002,5.6
pryr101,2007,7.21
pryr101,2012,8.17
pryr102,2002,5.99
pryr102,2007,7.37
pryr102,2012,8.27
pryr103,2002,5.6
pryr103,2007,7.29
pryr103,2012,7.51
pryr104,2002,5.84
pryr104,2007,7.63
pryr104,2012,8.21
pryr105,2002,8.77
pryr105,2007,9.72
pryr105,2012,11.32
pser101,2010,9.9
pser101,2014,10.74
pser101,2019,11.43
pser102,2010,9.85
pser102,2014,11.0
pser102,2019,11.17
pser103,2010,10.01
pser103,2014,10.18
pser103,2019,10.2
pser104,2010,9.37
pser104,2014,10.06
pser104,2019,10.8
pser105,2010,10.34
pser105,2014,10.41
pser105,2019,11.4
pser106,2010,10.79
pser106,2014,11.51
pser106,2019,11.78
qatr101,2012,11.96
qatr102,2012,10.66
qatr103,2012,11.71
qatr104,2012,11.5
qatr105,2012,10.51
qatr106,2012,8.7
qatr107,2012,11.48
rwar101,1992,3.92
rwar101,2000,7.75
rwar101,2005,7.33
rwar101,2010,7.23
rwar101,2015,7.55
rwar101,2020,7.94
rwar102,1992,3.15
rwar102,2000,3.23
rwar102,2005,3.79
rwar102,2010,3.69
rwar102,2015,4.34
rwar102,2020,4.58
rwar103,1992,2.89
rwar103,2000,3.63
rwar103,2005,3.71
rwar103,2010,3.93
rwar103,2015,4.51
rwar103,2020,4.91
rwar104,1992,2.81
rwar104,2000,3.57
rwar104,2005,3.68
rwar104,2010,4.0
rwar104,2015,4.66
rwar104,2020,4.83
rwar105,1992,2.67
rwar105,2000,3.74
rwar105,2005,3.58
rwar105,2010,3.96
rwar105,2015,4.36
rwar105,2020,4.91
saur101,2011,10.71
saur102,2011,10.28
saur103,2011,9.19
saur104,2011,10.31
saur105,2011,10.06
sdnr101,2000,4.87
sdnr101,2008,5.64
sdnr101,2010,6.73
sdnr101,2014,7.4
sdnr102,2000,5.32
sdnr102,2008,5.14
sdnr102,2010,5.57
sdnr102,2014,7.07
sdnr103,2000,2.77
sdnr103,2008,2.92
sdnr103,2010,4.33
sdnr103,2014,5.16
sdnr104,2000,2.4
sdnr104,2008,2.49
sdnr104,2010,3.65
sdnr104,2014,3.34
sdnr105,2000,3.1
sdnr105,2008,3.51
sdnr105,2010,4.66
sdnr105,2014,3.65
sdnr106,2000,5.91
sdnr106,2008,8.31
sdnr106,2010,8.29
sdnr106,2014,8.57
sdnr107,2000,4.61
sdnr107,2008,5.56
sdnr107,2010,5.79
sdnr107,2014,5.56
sdnr108,2000,4.64
sdnr108,2008,4.28
sdnr108,2010,5.48
sdnr108,2014,4.69
sdnr109,2000,3.25
sdnr109,2008,3.5
sdnr109,2010,4.48
sdnr109,2014,4.69
sdnr110,2000,3.26
sdnr110,2008,2.35
sdnr110,2010,3.6
sdnr110,2014,3.06
sdnr111,2000,3.11
sdnr111,2008,2.5
sdnr111,2010,3.98
sdnr111,2014,3.93
sdnr112,2000,3.6
sdnr112,2008,3.37
sdnr112,2010,3.43
sdnr112,2014,3.66
sdnr113,2000,3.81
sdnr113,2008,3.31
sdnr113,2010,4.79
sdnr113,2014,4.97
sdnr114,2000,3.2
sdnr114,2008,2.67
sdnr114,2010,3.68
sdnr114,2014,3.78
sdnr115,2000,3.93
sdnr115,2008,2.59
sdnr115,2010,4.89
sdnr115,2014,4.02
senr101,1992,4.63
senr101,2005,5.44
senr101,2011,6.06
senr101,2012,5.74
senr101,2014,5.72
senr101,2015,5.71
senr101,2016,5.71
senr101,2017,6.46
senr101,2018,6.9
senr101,2019,5.64
senr102,1992,3.28
senr102,2005,3.92
senr102,2011,4.89
senr102,2012,5.91
senr102,2014,6.26
senr102,2015,5.93
senr102,2016,5.93
senr102,2017,6.37
senr102,2018,6.03
senr102,2019,6.72
senr103,1992,0.63
senr103,2005,0.93
senr103,2011,1.25
senr103,2012,1.12
senr103,2014,1.04
senr103,2015,1.15
senr103,2016,1.15
senr103,2017,1.38
senr103,2018,1.21
senr103,2019,1.13
senr104,1992,1.77
senr104,2005,1.96
senr104,2011,2.22
senr104,2012,2.32
senr104,2014,2.31
senr104,2015,2.21
senr104,2016,2.21
senr104,2017,2.49
senr104,2018,1.45
senr104,2019,2.25
senr105,1992,1.07
senr105,2005,1.24
senr105,2011,1.43
senr105,2012,1.31
senr105,2014,1.93
senr105,2015,1.87
senr105,2016,1.87
senr105,2017,1.98
senr105,2018,2.11
senr105,2019,3.1
senr106,1992,0.65
senr106,2005,1.63
senr106,2011,1.58
senr106,2012,1.82
senr106,2014,1.24
senr106,2015,2.09
senr106,2016,2.09
senr106,2017,2.04
senr106,2018,0.87
senr106,2019,2.55
senr107,1992,2.17
senr107,2005,3.07
senr107,2011,3.04
senr107,2012,2.58
senr107,2014,3.65
senr107,2015,3.54
senr107,2016,3.54
senr107,2017,3.67
senr107,2018,3.72
senr107,2019,4.21
senr108,1992,0.73
senr108,2005,0.98
senr108,2011,0.85
senr108,2012,1.99
senr108,2014,1.67
senr108,2015,0.95
senr108,2016,0.95
senr108,2017,1.16
senr108,2018,1.57
senr108,2019,1.87
senr109,1992,1.31
senr109,2005,1.63
senr109,2011,2.21
senr109,2012,2.45
senr109,2014,3.15
senr109,2015,3.11
senr109,2016,3.11
senr109,2017,3.06
senr109,2018,3.4
senr109,2019,3.25
senr110,1992,0.86
senr110,2005,1.54
senr110,2011,2.04
senr110,2012,2.08
senr110,2014,2.29
senr110,2015,2.31
senr110,2016,2.31
senr110,2017,2.51
senr110,2018,2.47
senr110,2019,3.32
sler101,2008,3.2
sler101,2013,3.22
sler101,2017,4.47
sler101,2019,4.88
sler102,2008,1.44
sler102,2013,1.84
sler102,2017,2.88
sler102,2019,3.67
sler103,2008,0.85
sler103,2013,1.31
sler103,2017,2.36
sler103,2019,3.13
sler104,2008,2.56
sler104,2013,2.9
sler104,2017,4.48
sler104,2019,4.31
sler105,2008,1.73
sler105,2013,2.53
sler105,2017,2.74
sler105,2019,3.96
sler106,2008,2.5
sler106,2013,2.99
sler106,2017,4.38
sler106,2019,4.16
sler107,2008,2.4
sler107,2013,3.34
sler107,2017,4.7
sler107,2019,4.42
sler108,2008,2.41
sler108,2013,2.82
sler108,2017,4.04
sler108,2019,4.14
sler109,2008,3.17
sler109,2013,3.58
sler109,2017,4.72
sler109,2019,5.38
sler110,2008,1.95
sler110,2013,2.53
sler110,2017,3.57
sler110,2019,3.27
sler111,2008,2.42
sler111,2013,2.53
sler111,2017,3.33
sler111,2019,3.92
sler112,2008,1.31
sler112,2013,1.98
sler112,2017,3.03
sler112,2019,2.99
sler113,2008,4.84
sler113,2013,5.5
sler113,2017,6.98
sler113,2019,7.29
sler114,2008,8.1
sler114,2013,8.02
sler114,2017,8.69
sler114,2019,8.9
slvr101,2007,6.84
slvr101,2012,7.17
slvr101,2014,6.21
slvr102,2007,9.66
slvr102,2012,9.72
slvr102,2014,8.34
slvr103,2007,6.51
slvr103,2012,6.77
slvr103,2014,5.64
slvr104,2007,6.58
slvr104,2012,6.51
slvr104,2014,5.19
somr101,2006,5.19
somr101,2011,4.75
somr102,2006,2.99
somr102,2011,3.96
somr103,2006,4.92
somr103,2011,2.75
somr104,2006,2.32
somr104,2011,3.14
somr105,2006,2.71
somr105,2011,3.16
somr106,2006,2.8
somr106,2011,2.31
somr107,2006,2.86
somr107,2011,2.94
somr108,2006,3.63
somr108,2011,3.99
somr109,2006,1.76
somr110,2006,1.98
somr111,2006,2.32
somr112,2006,1.03
somr113,2006,1.1
somr114,2006,1.66
somr115,2006,2.69
somr116,2006,4.87
somr117,2006,1.5
somr118,2006,2.19
srbr101,2005,12.22
srbr101,2010,12.41
srbr101,2014,12.57
srbr101,2019,13.11
srbr102,2005,10.51
srbr102,2010,10.8
srbr102,2014,10.87
srbr102,2019,11.57
srbr103,2005,9.8
srbr103,2010,10.3
srbr103,2014,10.68
srbr103,2019,11.13
srbr104,2005,10.02
srbr104,2010,10.58
srbr104,2014,10.67
srbr104,2019,11.22
ssdr101,2008,2.09
ssdr101,2010,2.72
ssdr102,2008,1.98
ssdr102,2010,1.2
ssdr103,2008,1.21
ssdr103,2010,1.52
ssdr104,2008,0.89
ssdr104,2010,1.05
ssdr105,2008,1.44
ssdr105,2010,1.15
ssdr106,2008,3.16
ssdr106,2010,3.39
ssdr107,2008,1.4
ssdr107,2010,1.27
ssdr108,2008,3.31
ssdr108,2010,3.78
ssdr109,2008,5.28
ssdr109,2010,5.57
ssdr110,2008,1.9
ssdr110,2010,2.71
stpr101,2000,4.34
stpr101,2009,6.07
stpr101,2014,6.8
stpr101,2019,7.73
stpr102,2000,5.77
stpr102,2009,4.57
stpr102,2014,4.96
stpr102,2019,6.13
stpr103,2000,4.26
stpr103,2009,4.59
stpr103,2014,5.09
stpr103,2019,6.15
stpr104,2000,5.12
stpr104,2009,5.15
stpr104,2014,5.88
stpr104,2019,6.63
surr101,2006,7.92
surr101,2010,8.43
surr101,2018,9.03
surr102,2006,6.89
surr102,2010,7.52
surr102,2018,8.15
surr103,2006,6.22
surr103,2010,6.65
surr103,2018,7.35
surr104,2006,6.43
surr104,2010,6.56
surr104,2018,7.1
surr105,2006,3.4
surr105,2010,3.77
surr105,2018,3.95
swzr101,2000,7.08
swzr101,2006,7.74
swzr101,2010,8.21
swzr101,2014,9.04
swzr102,2000,7.34
swzr102,2006,8.5
swzr102,2010,9.09
swzr102,2014,9.18
swzr103,2000,5.27
swzr103,2006,6.17
swzr103,2010,6.3
swzr103,2014,7.42
swzr104,2000,5.61
swzr104,2006,5.73
swzr104,2010,6.58
swzr104,2014,7.24
syrr101,2006,8.87
syrr102,2006,7.99
syrr103,2006,8.1
syrr104,2006,7.85
syrr105,2006,8.09
syrr106,2006,8.72
syrr107,2006,6.99
syrr108,2006,6.54
syrr109,2006,5.71
syrr110,2006,6.69
syrr111,2006,6.13
syrr112,2006,9.03
syrr113,2006,8.28
syrr114,2006,7.15
tcar101,2019,11.11
tcar102,2019,8.42
tcar103,2019,8.69
tcar104,2019,9.66
tcar105,2019,10.02
tcar106,2019,11.5
tcdr101,1997,4.81
tcdr101,2004,6.51
tcdr101,2010,6.45
tcdr101,2015,7.53
tcdr101,2019,6.8
tcdr102,1997,0.43
tcdr102,2004,0.61
tcdr102,2010,0.82
tcdr102,2015,0.57
tcdr102,2019,0.51
tcdr103,1997,0.42
tcdr103,2004,0.8
tcdr103,2010,1.03
tcdr103,2015,1.25
tcdr103,2019,1.56
tcdr104,1997,0.47
tcdr104,2004,0.59
tcdr104,2010,0.85
tcdr104,2015,0.59
tcdr104,2019,0.97
tcdr105,1997,1.13
tcdr105,2004,0.52
tcdr105,2010,0.98
tcdr105,2015,1.06
tcdr105,2019,1.03
tcdr106,1997,2.47
tcdr106,2004,3.53
tcdr106,2010,3.57
tcdr106,2015,5.14
tcdr106,2019,5.95
tcdr107,1997,2.3
tcdr107,2004,3.26
tcdr107,2010,3.75
tcdr107,2015,5.0
tcdr107,2019,5.49
tcdr108,1997,2.29
tcdr108,2004,2.46
tcdr108,2010,4.03
tcdr108,2015,4.38
tcdr108,2019,4.89
tgor101,1998,7.47
tgor101,2006,8.95
tgor101,2014,9.36
tgor101,2017,9.59
tgor102,1998,3.84
tgor102,2006,5.77
tgor102,2014,7.2
tgor102,2017,6.39
tgor103,1998,3.7
tgor103,2006,5.12
tgor103,2014,5.42
tgor103,2017,6.16
tgor104,1998,2.75
tgor104,2006,4.08
tgor104,2014,4.91
tgor104,2017,5.99
tgor105,1998,2.81
tgor105,2006,3.67
tgor105,2014,5.07
tgor105,2017,6.38
tgor106,1998,1.34
tgor106,2006,2.05
tgor106,2014,2.87
tgor106,2017,3.48
thar101,2006,9.85
thar101,2012,10.24
thar101,2017,10.56
thar101,2019,10.75
thar102,2006,7.37
thar102,2012,8.51
thar102,2017,8.34
thar102,2019,8.83
thar103,2006,6.3
thar103,2012,6.61
thar103,2017,6.86
thar103,2019,7.45
thar104,2006,6.61
thar104,2012,6.75
thar104,2017,7.14
thar104,2019,7.35
thar105,2006,7.01
thar105,2012,7.66
thar105,2017,7.9
thar105,2019,8.21
tjkr101,2000,12.21
tjkr101,2005,12.76
tjkr101,2012,12.66
tjkr101,2017,13.0
tjkr102,2000,10.83
tjkr102,2005,11.29
tjkr102,2012,11.12
tjkr102,2017,11.22
tjkr103,2000,11.08
tjkr103,2005,10.76
tjkr103,2012,10.93
tjkr103,2017,11.2
tjkr104,2000,10.23
tjkr104,2005,10.45
tjkr104,2012,10.91
tjkr104,2017,11.25
tjkr105,2000,12.07
tjkr105,2005,11.46
tjkr105,2012,12.19
tjkr105,2017,12.34
tkmr101,2006,11.79
tkmr101,2015,11.58
tkmr101,2019,12.38
tkmr102,2006,10.54
tkmr102,2015,10.49
tkmr102,2019,11.3
tkmr103,2006,10.65
tkmr103,2015,11.04
tkmr103,2019,11.52
tkmr104,2006,10.45
tkmr104,2015,10.34
tkmr104,2019,10.61
tkmr105,2006,10.52
tkmr105,2015,10.59
tkmr105,2019,10.87
tkmr106,2006,10.59
tkmr106,2015,10.55
tkmr106,2019,11.52
tlsr101,2009,4.01
tlsr101,2016,5.0
tlsr102,2009,3.79
tlsr102,2016,4.25
tlsr103,2009,4.86
tlsr103,2016,5.18
tlsr104,2009,3.95
tlsr104,2016,4.28
tlsr105,2009,5.59
tlsr105,2016,5.53
tlsr106,2009,9.37
tlsr106,2016,9.98
tlsr107,2009,2.96
tlsr107,2016,3.88
tlsr108,2009,4.54
tlsr108,2016,5.34
tlsr109,2009,6.29
tlsr109,2016,4.85
tlsr110,2009,4.62
tlsr110,2016,5.47
tlsr111,2009,5.04
tlsr111,2016,5.79
tlsr112,2009,3.53
tlsr112,2016,4.61
tlsr113,2009,4.89
tlsr113,2016,5.71
tonr101,2019,11.25
tonr102,2019,10.45
tonr103,2019,10.42
tonr104,2019,10.38
tonr105,2019,9.94
ttor101,2006,9.76
ttor101,2011,9.02
ttor102,2006,8.85
ttor102,2011,7.77
ttor103,2006,9.4
ttor103,2011,8.84
ttor104,2006,9.23
ttor104,2011,8.6
ttor105,2006,9.1
ttor105,2011,8.13
tunr101,2012,8.98
tunr101,2018,9.73
tunr102,2012,7.64
tunr102,2018,8.26
tunr103,2012,6.16
tunr103,2018,7.23
tunr104,2012,6.2
tunr104,2018,7.01
tunr105,2012,8.28
tunr105,2018,8.48
tunr106,2012,7.87
tunr106,2018,8.51
tunr107,2012,7.65
tunr107,2018,8.24
turr101,1993,7.11
turr101,1998,7.3
turr101,2003,7.55
turr101,2008,8.15
turr101,2013,8.39
turr102,1993,4.53
turr102,1998,6.59
turr102,2003,6.56
turr102,2008,6.91
turr102,2013,7.8
turr103,1993,5.81
turr103,1998,6.39
turr103,2003,6.87
turr103,2008,7.28
turr103,2013,7.67
turr104,1993,5.54
turr104,1998,7.03
turr104,2003,7.2
turr104,2008,7.87
turr104,2013,8.11
turr105,1993,6.71
turr105,1998,7.93
turr105,2003,7.95
turr105,2008,8.9
turr105,2013,9.12
turr106,1993,5.9
turr106,1998,6.21
turr106,2003,6.54
turr106,2008,6.7
turr106,2013,7.42
turr107,1993,5.42
turr107,1998,6.12
turr107,2003,6.91
turr107,2008,7.13
turr107,2013,7.66
turr108,1993,4.98
turr108,1998,5.69
turr108,2003,6.37
turr108,2008,6.32
turr108,2013,7.4
turr109,1993,5.64
turr109,1998,5.98
turr109,2003,6.7
turr109,2008,7.24
turr109,2013,7.45
turr110,1993,4.27
turr110,1998,5.08
turr110,2003,6.49
turr110,2008,6.42
turr110,2013,6.64
turr111,1993,3.86
turr111,1998,4.63
turr111,2003,6.25
turr111,2008,6.05
turr111,2013,6.93
turr112,1993,4.35
turr112,1998,4.73
turr112,2003,5.57
turr112,2008,5.61
turr112,2013,6.87
tuvr101,2019,8.46
tuvr102,2019,8.79
tuvr103,2019,9.61
tuvr104,2019,9.57
tuvr105,2019,10.61
tuvr106,2019,8.86
tuvr107,2019,11.63
tzar201,1992,3.71
tzar201,1996,3.96
tzar201,1999,4.33
tzar201,2004,4.78
tzar201,2010,4.16
tzar201,2015,5.46
tzar202,1992,3.88
tzar202,1996,4.21
tzar202,1999,4.69
tzar202,2004,5.46
tzar202,2010,5.28
tzar202,2015,6.25
tzar203,1992,5.53
tzar203,1996,6.17
tzar203,1999,6.31
tzar203,2004,6.28
tzar203,2010,7.3
tzar203,2015,7.33
tzar204,1992,4.5
tzar204,1996,4.75
tzar204,1999,5.33
tzar204,2004,5.55
tzar204,2010,5.72
tzar204,2015,5.93
tzar205,1992,4.07
tzar205,1996,4.52
tzar205,1999,5.06
tzar205,2004,5.72
tzar205,2010,6.0
tzar205,2015,6.16
tzar206,1992,3.22
tzar206,1996,4.17
tzar206,1999,3.43
tzar206,2004,4.74
tzar206,2010,5.44
tzar206,2015,6.0
tzar207,1992,6.13
tzar207,1996,7.07
tzar207,1999,6.89
tzar207,2004,8.04
tzar207,2010,8.51
tzar207,2015,9.36
tzar208,1992,3.29
tzar208,1996,4.53
tzar208,1999,3.69
tzar208,2004,5.07
tzar208,2010,4.52
tzar208,2015,5.53
tzar209,1992,3.13
tzar209,1996,3.68
tzar209,1999,3.82
tzar209,2004,4.59
tzar209,2010,4.95
tzar209,2015,5.7
tzar210,1992,4.47
tzar210,1996,5.39
tzar210,1999,5.57
tzar210,2004,6.03
tzar210,2010,6.43
tzar210,2015,6.44
tzar211,1992,3.78
tzar211,1996,3.99
tzar211,1999,4.42
tzar211,2004,5.56
tzar211,2010,6.15
tzar211,2015,6.8
tzar212,1992,4.21
tzar212,1996,5.0
tzar212,1999,5.5
tzar212,2004,4.61
tzar212,2010,5.62
tzar212,2015,6.48
tzar213,1992,3.44
tzar213,1996,4.3
tzar213,1999,3.52
tzar213,2004,4.48
tzar213,2010,5.62
tzar213,2015,6.04
tzar214,1992,3.15
tzar214,1996,3.83
tzar214,1999,3.13
tzar214,2004,3.94
tzar214,2010,4.16
tzar214,2015,4.54
tzar215,1992,3.83
tzar215,1996,4.09
tzar215,1999,4.64
tzar215,2004,4.85
tzar215,2010,5.32
tzar215,2015,5.71
tzar216,1992,3.71
tzar216,1996,4.2
tzar216,1999,4.22
tzar216,2004,5.36
tzar216,2010,5.13
tzar216,2015,5.39
tzar217,1992,3.09
tzar217,1996,4.01
tzar217,1999,3.5
tzar217,2004,4.7
tzar217,2010,4.91
tzar217,2015,5.45
tzar218,1992,4.93
tzar218,1996,4.92
tzar218,1999,5.02
tzar218,2004,5.29
tzar218,2010,5.25
tzar218,2015,5.61
tzar219,1992,3.64
tzar219,1996,3.97
tzar219,1999,4.56
tzar219,2004,5.45
tzar219,2010,5.24
tzar219,2015,5.95
tzar220,1992,4.39
tzar220,1996,4.98
tzar220,1999,5.63
tzar220,2004,5.75
tzar220,2010,6.0
tzar220,2015,6.59
tzar221,1992,3.86
tzar221,1996,4.07
tzar221,1999,4.28
tzar221,2004,5.08
tzar221,2010,4.8
tzar221,2015,5.63
tzar222,1992,5.25
tzar222,1996,7.1
tzar222,1999,8.48
tzar222,2004,6.88
tzar222,2010,7.09
tzar222,2015,7.8
tzar223,1992,5.63
tzar223,1996,6.41
tzar223,1999,7.54
tzar223,2004,8.33
tzar223,2010,8.38
tzar223,2015,9.5
tzar224,1992,2.5
tzar224,1996,3.07
tzar224,1999,5.3
tzar224,2004,4.59
tzar224,2010,4.11
tzar224,2015,5.39
tzar225,1992,3.14
tzar225,1996,3.42
tzar225,1999,3.32
tzar225,2004,5.3
tzar225,2010,5.34
tzar225,2015,6.17
ugar101,2006,6.29
ugar101,2011,6.59
ugar101,2016,8.75
ugar102,2006,5.83
ugar102,2011,6.8
ugar102,2016,7.13
ugar103,2006,10.47
ugar103,2011,10.94
ugar103,2016,10.94
ugar104,2006,6.05
ugar104,2011,6.35
ugar104,2016,7.21
ugar105,2006,5.69
ugar105,2011,6.28
ugar105,2016,7.02
ugar106,2006,5.32
ugar106,2011,6.07
ugar106,2016,6.54
ugar107,2006,6.03
ugar107,2011,6.3
ugar107,2016,7.2
ugar108,2006,5.26
ugar108,2011,6.1
ugar108,2016,6.04
ugar109,2006,5.43
ugar109,2011,5.63
ugar109,2016,6.56
ugar201,1995,5.98
ugar201,2001,6.97
ugar202,1995,4.8
ugar202,2001,5.41
ugar203,1995,4.77
ugar203,2001,5.34
ugar204,1995,4.21
ugar204,2001,5.0
ukrr101,2005,12.78
ukrr101,2007,12.69
ukrr101,2012,13.02
ukrr102,2005,11.63
ukrr102,2007,11.97
ukrr102,2012,12.98
ukrr103,2005,12.79
ukrr103,2007,12.73
ukrr103,2012,13.36
ukrr104,2005,11.94
ukrr104,2007,12.43
ukrr104,2012,13.21
ukrr105,2005,11.75
ukrr105,2007,11.85
ukrr105,2012,12.57
uryr101,2007,9.82
uryr101,2012,10.39
uryr101,2013,9.66
uryr102,2007,7.84
uryr102,2012,8.44
uryr102,2013,7.13
uryr103,2007,8.39
uryr103,2012,8.91
uryr103,2013,7.9
uryr104,2007,8.66
uryr104,2012,8.2
uryr104,2013,7.56
uryr105,2007,7.12
uryr105,2012,7.88
uryr105,2013,8.06
uryr106,2007,7.46
uryr106,2012,8.69
uryr106,2013,7.28
uryr107,2007,8.33
uryr107,2012,8.39
uryr107,2013,7.72
uzbr101,1996,10.37
uzbr101,2006,11.27
uzbr102,1996,10.67
uzbr102,2006,11.3
uzbr103,1996,10.83
uzbr103,2006,11.27
uzbr104,1996,10.71
uzbr104,2006,11.36
uzbr105,1996,10.2
uzbr105,2006,11.06
uzbr106,1996,10.64
uzbr106,2006,12.34
venr101,2001,8.66
venr102,2001,7.78
venr103,2001,7.67
venr104,2001,5.51
venr105,2001,7.92
venr106,2001,5.71
venr107,2001,7.84
venr108,2001,8.04
venr109,2001,6.56
venr110,2001,6.88
venr111,2001,6.81
venr112,2001,6.01
venr113,2001,6.68
venr114,2001,6.37
venr115,2001,8.35
venr116,2001,7.18
venr117,2001,7.86
venr118,2001,5.96
venr119,2001,5.98
venr120,2001,6.68
venr121,2001,6.0
venr122,2001,6.24
venr123,2001,7.12
venr124,2001,7.76
venr201,2013,11.27
venr202,2013,10.36
venr203,2013,9.62
venr204,2013,10.32
venr205,2013,9.02
venr206,2013,10.82
venr207,2013,10.49
venr208,2013,10.89
vnmr101,1997,8.82
vnmr101,2002,9.36
vnmr101,2006,9.3
vnmr101,2010,10.25
vnmr101,2014,10.44
vnmr102,1997,6.88
vnmr102,2002,6.99
vnmr102,2006,7.08
vnmr102,2010,8.48
vnmr102,2014,8.13
vnmr103,1997,7.49
vnmr103,2002,7.95
vnmr103,2006,8.05
vnmr103,2010,8.89
vnmr103,2014,8.91
vnmr104,1997,7.06
vnmr104,2002,6.51
vnmr104,2006,7.25
vnmr104,2010,8.04
vnmr104,2014,7.46
vnmr105,1997,7.79
vnmr105,2002,8.38
vnmr105,2006,8.5
vnmr105,2010,9.33
vnmr105,2014,9.17
vnmr106,1997,6.06
vnmr106,2002,5.91
vnmr106,2006,6.24
vnmr106,2010,6.88
vnmr106,2014,6.73
vutr101,2007,5.51
vutr102,2007,6.87
vutr103,2007,6.6
vutr104,2007,5.59
vutr105,2007,6.17
vutr106,2007,5.63
vutr107,2007,9.46
vutr108,2007,8.0
wsmr101,2019,12.34
wsmr102,2019,10.86
wsmr103,2019,10.97
wsmr104,2019,10.63
yemr101,1991,0.72
yemr101,1997,2.32
yemr101,2006,5.56
yemr101,2013,5.58
yemr102,1991,4.11
yemr102,1997,5.72
yemr102,2006,7.56
yemr102,2013,7.91
yemr103,1991,1.8
yemr103,1997,4.1
yemr103,2006,7.6
yemr103,2013,8.19
yemr104,1991,0.48
yemr104,1997,2.76
yemr104,2006,4.45
yemr104,2013,5.13
yemr105,1991,1.27
yemr105,1997,3.9
yemr105,2006,6.87
yemr105,2013,6.79
yemr106,1991,2.1
yemr106,1997,4.85
yemr106,2006,5.83
yemr106,2013,7.3
yemr107,1991,0.45
yemr107,1997,2.22
yemr107,2006,3.87
yemr107,2013,4.35
yemr108,1991,0.55
yemr108,1997,2.4
yemr108,2006,3.96
yemr108,2013,4.54
zafr101,1998,8.55
zafr101,2011,9.9
zafr101,2016,10.5
zafr102,1998,6.8
zafr102,2011,8.11
zafr102,2016,8.49
zafr103,1998,7.02
zafr103,2011,7.98
zafr103,2016,8.23
zafr104,1998,7.72
zafr104,2011,8.73
zafr104,2016,9.28
zafr105,1998,7.3
zafr105,2011,8.84
zafr105,2016,9.02
zafr106,1998,6.7
zafr106,2011,8.07
zafr106,2016,8.61
zafr107,1998,9.59
zafr107,2011,10.36
zafr107,2016,10.18
zafr108,1998,6.5
zafr108,2011,8.36
zafr108,2016,9.13
zafr109,1998,6.66
zafr109,2011,8.14
zafr109,2016,8.62
zmbr101,1996,6.74
zmbr101,2002,7.15
zmbr101,2007,7.12
zmbr101,2014,7.17
zmbr101,2018,8.0
zmbr102,1996,8.5
zmbr102,2002,9.08
zmbr102,2007,9.12
zmbr102,2014,9.65
zmbr102,2018,9.7
zmbr103,1996,4.74
zmbr103,2002,5.23
zmbr103,2007,5.73
zmbr103,2014,5.71
zmbr103,2018,6.11
zmbr104,1996,5.83
zmbr104,2002,5.88
zmbr104,2007,6.82
zmbr104,2014,6.48
zmbr104,2018,7.42
zmbr105,1996,9.0
zmbr105,2002,9.1
zmbr105,2007,9.23
zmbr105,2014,9.71
zmbr105,2018,9.94
zmbr106,1996,6.21
zmbr106,2002,6.6
zmbr106,2007,6.32
zmbr106,2014,6.88
zmbr106,2018,7.11
zmbr107,1996,5.35
zmbr107,2002,5.7
zmbr107,2007,6.06
zmbr107,2014,6.96
zmbr107,2018,8.24
zmbr108,1996,6.37
zmbr108,2002,6.49
zmbr108,2007,7.37
zmbr108,2014,7.66
zmbr108,2018,8.03
zmbr109,1996,5.15
zmbr109,2002,5.17
zmbr109,2007,5.47
zmbr109,2014,6.18
zmbr109,2018,6.54
zwer101,1994,5.97
zwer101,1999,6.86
zwer101,2006,7.37
zwer101,2011,8.91
zwer101,2015,8.54
zwer101,2019,9.42
zwer102,1994,5.15
zwer102,1999,6.26
zwer102,2006,6.75
zwer102,2011,8.04
zwer102,2015,7.99
zwer102,2019,8.08
zwer103,1994,5.8
zwer103,1999,6.53
zwer103,2006,7.64
zwer103,2011,8.69
zwer103,2015,8.84
zwer103,2019,9.07
zwer104,1994,5.58
zwer104,1999,6.6
zwer104,2006,7.41
zwer104,2011,8.36
zwer104,2015,9.07
zwer104,2019,9.05
zwer105,1994,4.84
zwer105,1999,6.45
zwer105,2006,6.38
zwer105,2011,6.7
zwer105,2015,7.36
zwer105,2019,7.59
zwer106,1994,5.04
zwer106,1999,6.41
zwer106,2006,7.09
zwer106,2011,7.72
zwer106,2015,7.76
zwer106,2019,8.28
zwer107,1994,6.91
zwer107,1999,7.51
zwer107,2006,7.54
zwer107,2011,8.69
zwer107,2015,9.17
zwer107,2019,9.31
zwer108,1994,5.39
zwer108,1999,6.56
zwer108,2006,7.03
zwer108,2011,7.76
zwer108,2015,8.7
zwer108,2019,8.94
zwer109,1994,8.83
zwer109,1999,9.85
zwer109,2006,9.38
zwer109,2011,10.92
zwer109,2015,11.48
zwer109,2019,11.44
zwer110,1994,7.97
zwer110,1999,8.86
zwer110,2006,9.32
zwer110,2011,10.1
zwer110,2015,10.93
zwer110,2019,10.85
