subnat,year,edyr60
afgr101,2010,2.08
afgr101,2015,2.32
afgr102,2010,0.52
afgr102,2015,0.53
afgr103,2010,1.66
afgr103,2015,1.94
afgr104,2010,0.67
afgr104,2015,1.25
afgr105,2010,0.65
afgr105,2015,0.63
afgr106,2010,1.07
afgr106,2015,1.24
afgr107,2010,1.03
afgr107,2015,1.0
afgr108,2010,0.55
afgr108,2015,0.89
agor201,2011,5.41
agor201,2016,4.56
agor202,2011,5.0
agor202,2016,2.81
agor203,2011,5.47
agor203,2016,2.07
agor204,2011,9.67
agor204,2016,3.59
agor205,2011,3.11
agor205,2016,1.4
agor206,2011,4.31
agor206,2016,1.36
agor207,2011,3.76
agor207,2016,1.81
agor208,2011,1.31
agor208,2016,1.77
agor209,2011,7.88
agor209,2016,1.54
agor210,2011,4.07
agor210,2016,2.15
agor211,2011,1.43
agor211,2016,1.62
agor212,2011,3.71
agor212,2016,2.32
agor213,2011,1.39
agor213,2016,0.97
agor214,2011,5.18
agor214,2016,1.89
agor215,2011,5.93
agor215,2016,1.37
agor216,2011,2.69
agor216,2016,1.0
agor217,2011,1.36
agor217,2016,1.36
agor218,2011,3.28
agor218,2016,1.78
albr201,2005,6.32
albr201,2009,5.88
albr201,2017,9.05
albr202,2005,4.01
albr202,2009,4.62
albr202,2017,7.86
albr203,2005,6.54
albr203,2009,5.92
albr203,2017,10.17
albr204,2005,5.24
albr204,2009,4.89
albr204,2017,8.31
albr205,2005,6.09
albr205,2009,5.69
albr205,2017,9.12
albr206,2005,4.91
albr206,2009,5.41
albr206,2017,9.37
albr207,2005,5.94
albr207,2009,6.33
albr207,2017,9.04
albr208,2005,3.6
albr208,2009,5.5
albr208,2017,8.43
albr209,2005,4.57
albr209,2009,5.33
albr209,2017,8.41
albr210,2005,5.53
albr210,2009,5.94
albr210,2017,8.61
albr211,2005,6.98
albr211,2009,8.39
albr211,2017,11.59
albr212,2005,6.57
albr212,2009,6.52
albr212,2017,9.87
argr101,2011,8.14
argr101,2020,8.8
argr102,2011,7.44
argr102,2020,7.87
argr103,2011,7.3
argr103,2020,7.05
argr104,2011,7.43
argr104,2020,8.12
argr105,2011,7.97
argr105,2020,8.47
argr106,2011,7.31
argr106,2020,7.61
armr101,2000,7.46
armr101,2010,9.36
armr101,2016,10.27
armr102,2000,7.21
armr102,2010,8.7
armr102,2016,9.73
armr103,2000,7.45
armr103,2010,8.92
armr103,2016,9.75
armr104,2000,7.08
armr104,2010,8.32
armr104,2016,8.8
armr105,2000,8.5
armr105,2010,9.74
armr105,2016,9.68
armr106,2000,8.21
armr106,2010,9.53
armr106,2016,10.56
armr107,2000,9.19
armr107,2010,9.73
armr107,2016,10.94
armr108,2000,8.43
armr108,2010,9.87
armr108,2016,10.55
armr109,2000,8.02
armr109,2010,9.92
armr109,2016,10.3
armr110,2000,7.96
armr110,2010,9.1
armr110,2016,10.02
armr111,2000,10.23
armr111,2010,11.91
armr111,2016,12.22
azer101,2006,9.29
azer102,2006,8.67
azer103,2006,7.62
azer104,2006,8.2
azer105,2006,7.29
azer106,2006,8.05
azer107,2006,6.7
azer108,2006,6.23
azer109,2006,7.18
bdir101,2005,2.47
bdir101,2010,0.79
bdir101,2017,0.94
bdir102,2005,1.23
bdir102,2010,0.84
bdir102,2017,1.19
bdir103,2005,1.84
bdir103,2010,1.01
bdir103,2017,0.9
bdir104,2005,2.67
bdir104,2010,1.47
bdir104,2017,1.64
bdir105,2005,2.76
bdir105,2010,0.89
bdir105,2017,1.2
benr101,1996,0.11
benr101,2001,0.07
benr101,2006,0.29
benr101,2011,0.28
benr101,2018,0.58
benr102,1996,1.21
benr102,2001,1.74
benr102,2006,2.1
benr102,2011,3.15
benr102,2018,3.22
benr103,1996,0.21
benr103,2001,0.37
benr103,2006,0.3
benr103,2011,0.44
benr103,2018,0.49
benr104,1996,0.16
benr104,2001,0.47
benr104,2006,0.47
benr104,2011,0.66
benr104,2018,0.81
benr105,1996,0.29
benr105,2001,0.84
benr105,2006,0.98
benr105,2011,1.34
benr105,2018,1.37
benr106,1996,0.29
benr106,2001,0.46
benr106,2006,0.68
benr106,2011,0.95
benr106,2018,1.01
bfar101,1998,0.08
bfar101,2003,0.07
bfar101,2010,0.26
bfar102,1998,0.0
bfar102,2003,0.13
bfar102,2010,0.14
bfar103,1998,0.2
bfar103,2003,0.83
bfar103,2010,1.1
bfar104,1998,0.09
bfar104,2003,0.03
bfar104,2010,0.08
bfar105,1998,0.05
bfar105,2003,0.03
bfar105,2010,0.1
bfar106,1998,0.0
bfar106,2003,0.13
bfar106,2010,0.1
bfar107,1998,0.07
bfar107,2003,0.0
bfar107,2010,0.08
bfar108,1998,0.0
bfar108,2003,0.07
bfar108,2010,0.05
bfar109,1998,0.18
bfar109,2003,0.3
bfar109,2010,0.84
bfar110,1998,0.01
bfar110,2003,0.06
bfar110,2010,0.1
bfar111,1998,0.0
bfar111,2003,0.01
bfar111,2010,0.07
bfar112,1998,0.0
bfar112,2003,0.07
bfar112,2010,0.03
bfar113,1998,0.09
bfar113,2003,0.04
bfar113,2010,0.12
bgdr201,1996,2.0
bgdr201,2004,1.71
bgdr201,2011,2.57
bgdr201,2014,4.12
bgdr201,2019,3.34
bgdr202,1996,3.59
bgdr202,2004,2.27
bgdr202,2011,2.99
bgdr202,2014,2.88
bgdr202,2019,2.57
bgdr203,1996,2.57
bgdr203,2004,2.01
bgdr203,2011,2.53
bgdr203,2014,3.5
bgdr203,2019,3.27
bgdr204,1996,1.3
bgdr204,2004,1.15
bgdr204,2011,0.91
bgdr204,2014,1.55
bgdr204,2019,0.78
bgdr205,1996,2.11
bgdr205,2004,1.62
bgdr205,2011,2.4
bgdr205,2014,3.07
bgdr205,2019,1.61
bgdr206,1996,1.36
bgdr206,2004,1.62
bgdr206,2011,1.99
bgdr206,2014,2.32
bgdr206,2019,2.49
bgdr207,1996,1.87
bgdr207,2004,2.18
bgdr207,2011,2.54
bgdr207,2014,3.0
bgdr207,2019,2.75
bgdr208,1996,3.23
bgdr208,2004,3.66
bgdr208,2011,3.67
bgdr208,2014,4.25
bgdr208,2019,5.0
bgdr209,1996,2.12
bgdr209,2004,1.9
bgdr209,2011,2.05
bgdr209,2014,3.41
bgdr209,2019,3.05
bgdr210,1996,1.29
bgdr210,2004,1.5
bgdr210,2011,2.08
bgdr210,2014,1.71
bgdr210,2019,2.02
bgdr211,1996,1.59
bgdr211,2004,1.79
bgdr211,2011,1.88
bgdr211,2014,2.21
bgdr211,2019,1.91
bgdr212,1996,1.55
bgdr212,2004,2.04
bgdr212,2011,1.39
bgdr212,2014,2.18
bgdr212,2019,2.24
bgdr213,1996,1.83
bgdr213,2004,2.86
bgdr213,2011,2.09
bgdr213,2014,3.22
bgdr213,2019,2.03
bgdr214,1996,1.35
bgdr214,2004,2.19
bgdr214,2011,2.26
bgdr214,2014,2.82
bgdr214,2019,3.15
bgdr215,1996,2.37
bgdr215,2004,2.7
bgdr215,2011,2.44
bgdr215,2014,2.33
bgdr215,2019,3.09
bgdr216,1996,1.17
bgdr216,2004,1.41
bgdr216,2011,2.12
bgdr216,2014,1.98
bgdr216,2019,2.07
bgdr217,1996,2.17
bgdr217,2004,2.02
bgdr217,2011,2.43
bgdr217,2014,1.76
bgdr217,2019,2.92
bgdr218,1996,1.4
bgdr218,2004,1.4
bgdr218,2011,2.09
bgdr218,2014,2.59
bgdr218,2019,2.09
bgdr219,1996,1.92
bgdr219,2004,1.8
bgdr219,2011,2.85
bgdr219,2014,3.29
bgdr219,2019,2.64
bgdr220,1996,1.89
bgdr220,2004,1.35
bgdr220,2011,2.14
bgdr220,2014,3.05
bgdr220,2019,2.5
bgdr221,1996,0.94
bgdr221,2004,2.0
bgdr221,2011,1.98
bgdr221,2014,2.05
bgdr221,2019,1.97
bgdr222,1996,1.37
bgdr222,2004,1.66
bgdr222,2011,1.9
bgdr222,2014,2.23
bgdr222,2019,2.25
bgdr223,1996,1.29
bgdr223,2004,1.21
bgdr223,2011,1.74
bgdr223,2014,1.19
bgdr223,2019,2.03
bihr101,2006,4.21
bihr101,2011,5.22
bihr102,2006,5.09
bihr102,2011,5.21
bihr103,2006,7.02
bihr103,2011,6.83
bihr104,2006,4.51
bihr104,2011,6.49
bihr105,2006,4.81
bihr105,2011,6.33
blrr101,2005,8.28
blrr101,2012,9.51
blrr101,2019,11.01
blrr102,2005,9.26
blrr102,2012,10.01
blrr102,2019,11.58
blrr103,2005,8.18
blrr103,2012,9.69
blrr103,2019,11.37
blrr104,2005,7.86
blrr104,2012,9.46
blrr104,2019,11.59
blrr105,2005,9.86
blrr105,2012,11.04
blrr105,2019,11.91
blrr106,2005,7.97
blrr106,2012,10.13
blrr106,2019,11.23
blzr101,2006,5.56
blzr101,2011,4.6
blzr102,2006,8.02
blzr102,2011,7.3
blzr103,2006,5.44
blzr103,2011,3.01
blzr104,2006,6.28
blzr104,2011,5.32
bolr101,1998,2.45
bolr101,2003,2.52
bolr101,2008,2.8
bolr102,1998,3.83
bolr102,2003,3.16
bolr102,2008,4.01
bolr103,1998,4.82
bolr103,2003,3.91
bolr103,2008,3.95
bolr104,1998,3.44
bolr104,2003,3.5
bolr104,2008,3.59
bolr105,1998,1.64
bolr105,2003,1.74
bolr105,2008,2.03
bolr106,1998,3.33
bolr106,2003,3.18
bolr106,2008,3.36
bolr107,1998,4.49
bolr107,2003,4.57
bolr107,2008,5.07
bolr108,1998,3.94
bolr108,2003,4.43
bolr108,2008,4.06
bolr109,1998,4.55
bolr109,2003,2.83
bolr109,2008,5.54
brar101,1996,3.11
brar101,2000,1.6
brar101,2010,3.62
brar102,1996,1.19
brar102,2000,1.78
brar102,2010,4.25
brar103,1996,3.83
brar103,2000,2.65
brar103,2010,4.55
brar104,1996,1.33
brar104,2000,1.63
brar104,2010,4.7
brar105,1996,3.22
brar105,2000,2.51
brar105,2010,4.25
brar106,1996,1.08
brar106,2000,2.61
brar106,2010,4.22
brar107,1996,2.28
brar107,2000,1.72
brar107,2010,3.03
brar108,1996,1.0
brar108,2000,1.5
brar108,2010,3.44
brar109,1996,0.62
brar109,2000,1.74
brar109,2010,3.38
brar110,1996,1.8
brar110,2000,2.2
brar110,2010,4.14
brar111,1996,1.81
brar111,2000,2.32
brar111,2010,4.77
brar112,1996,1.76
brar112,2000,2.09
brar112,2010,4.1
brar113,1996,1.4
brar113,2000,2.57
brar113,2010,4.6
brar114,1996,1.51
brar114,2000,1.81
brar114,2010,3.81
brar115,1996,2.02
brar115,2000,2.19
brar115,2010,4.23
brar116,1996,1.46
brar116,2000,1.99
brar116,2010,3.98
brar117,1996,2.69
brar117,2000,3.01
brar117,2010,5.13
brar118,1996,1.79
brar118,2000,3.45
brar118,2010,5.3
brar119,1996,4.32
brar119,2000,5.28
brar119,2010,7.41
brar120,1996,3.25
brar120,2000,4.07
brar120,2010,6.37
brar121,1996,2.01
brar121,2000,2.99
brar121,2010,5.26
brar122,1996,3.69
brar122,2000,3.7
brar122,2010,5.93
brar123,1996,3.98
brar123,2000,3.95
brar123,2010,6.23
brar124,1996,2.89
brar124,2000,2.7
brar124,2010,5.02
brar125,1996,1.58
brar125,2000,2.58
brar125,2010,4.61
brar126,1996,1.91
brar126,2000,2.67
brar126,2010,4.8
brar127,1996,3.88
brar127,2000,5.65
brar127,2010,8.19
brbr101,2012,8.06
brbr102,2012,8.86
brbr103,2012,9.71
brbr104,2012,7.64
btnr101,2010,0.22
btnr102,2010,1.27
btnr103,2010,0.35
btnr104,2010,0.1
btnr105,2010,0.07
btnr106,2010,0.01
btnr107,2010,0.12
btnr108,2010,0.31
btnr109,2010,0.15
btnr110,2010,0.17
btnr111,2010,0.14
btnr112,2010,0.46
btnr113,2010,0.62
btnr114,2010,0.98
btnr115,2010,0.11
btnr116,2010,0.12
btnr117,2010,0.1
btnr118,2010,0.4
btnr119,2010,0.15
btnr120,2010,0.14
bwar101,2000,1.79
bwar101,2001,1.32
bwar101,2011,2.42
bwar101,2013,2.51
bwar102,2000,1.4
bwar102,2001,0.66
bwar102,2011,1.99
bwar102,2013,3.48
bwar103,2000,1.23
bwar103,2001,0.9
bwar103,2011,2.12
bwar103,2013,3.48
bwar104,2000,1.58
bwar104,2001,1.77
bwar104,2011,3.02
bwar104,2013,2.11
bwar105,2000,1.32
bwar105,2001,0.96
bwar105,2011,1.97
bwar105,2013,2.34
bwar106,2000,4.02
bwar106,2001,2.42
bwar106,2011,3.99
bwar106,2013,2.37
bwar107,2000,1.68
bwar107,2001,0.75
bwar107,2011,1.48
bwar107,2013,3.05
bwar108,2000,4.05
bwar108,2001,4.04
bwar108,2011,5.92
bwar108,2013,4.24
bwar109,2000,1.66
bwar109,2001,1.43
bwar109,2011,2.33
bwar109,2013,3.61
bwar110,2001,1.33
bwar110,2011,3.46
bwar110,2013,3.0
cafr101,1994,0.14
cafr101,2006,1.25
cafr101,2010,1.87
cafr101,2019,3.3
cafr102,1994,0.15
cafr102,2006,1.21
cafr102,2010,1.65
cafr102,2019,2.06
cafr103,1994,0.09
cafr103,2006,0.94
cafr103,2010,1.51
cafr103,2019,1.81
cafr104,1994,0.23
cafr104,2006,0.77
cafr104,2010,1.14
cafr104,2019,2.24
cafr105,1994,0.06
cafr105,2006,0.73
cafr105,2010,1.17
cafr105,2019,2.14
cafr106,1994,0.56
cafr106,2006,2.99
cafr106,2010,3.27
cafr106,2019,5.44
chlr101,2002,7.56
chlr102,2002,7.64
chlr103,2002,6.26
chlr104,2002,5.83
chlr105,2002,7.77
chlr106,2002,5.55
chlr107,2002,5.27
chlr108,2002,5.83
chlr109,2002,5.22
chlr110,2002,5.14
chlr111,2002,4.71
chlr112,2002,6.66
chlr113,2002,8.08
chlr201,2002,6.7
chlr201,2007,8.02
chlr202,2002,7.54
chlr202,2007,7.86
chlr203,2002,5.52
chlr203,2007,6.28
chnr101,2002,8.58
chnr101,2011,9.47
chnr101,2013,7.97
chnr101,2015,8.19
chnr102,2011,9.32
chnr102,2013,8.12
chnr102,2015,8.24
chnr103,2002,4.13
chnr103,2011,4.09
chnr103,2013,4.58
chnr103,2015,4.92
chnr104,2002,5.21
chnr104,2011,5.76
chnr104,2013,5.7
chnr104,2015,5.76
chnr105,2013,4.83
chnr105,2015,5.15
chnr106,2002,6.53
chnr106,2011,7.57
chnr106,2013,5.86
chnr106,2015,6.61
chnr107,2002,2.94
chnr107,2011,5.33
chnr107,2013,5.53
chnr107,2015,5.58
chnr108,2011,6.1
chnr108,2013,6.27
chnr108,2015,6.15
chnr109,2011,6.18
chnr109,2013,8.14
chnr109,2015,8.33
chnr110,2002,5.73
chnr110,2011,4.08
chnr110,2013,5.13
chnr110,2015,5.02
chnr111,2002,3.81
chnr111,2011,4.88
chnr111,2013,4.32
chnr111,2015,4.41
chnr112,2002,3.91
chnr112,2011,2.99
chnr112,2013,3.28
chnr112,2015,3.47
chnr113,2013,4.22
chnr113,2015,4.43
chnr114,2002,3.02
chnr114,2011,3.33
chnr114,2013,4.41
chnr114,2015,4.59
chnr115,2002,3.62
chnr115,2011,4.82
chnr115,2013,5.27
chnr115,2015,5.12
chnr116,2002,4.53
chnr116,2011,3.83
chnr116,2013,4.2
chnr116,2015,4.37
chnr117,2002,4.15
chnr117,2011,3.89
chnr117,2013,4.75
chnr117,2015,5.15
chnr118,2002,2.41
chnr118,2011,5.31
chnr118,2013,4.94
chnr118,2015,4.89
chnr119,2002,4.7
chnr119,2011,4.32
chnr119,2013,4.83
chnr119,2015,5.8
chnr120,2002,2.87
chnr120,2011,5.38
chnr120,2013,5.74
chnr120,2015,6.05
chnr121,2013,5.24
chnr121,2015,5.11
chnr122,2002,4.55
chnr122,2011,2.76
chnr122,2013,4.58
chnr122,2015,4.72
chnr123,2002,3.92
chnr123,2011,3.68
chnr123,2013,4.76
chnr123,2015,4.62
chnr124,2002,1.82
chnr124,2011,2.84
chnr124,2013,4.04
chnr124,2015,3.99
chnr125,2002,2.69
chnr125,2011,3.32
chnr125,2013,4.77
chnr125,2015,4.53
chnr127,2002,2.45
chnr127,2011,3.92
chnr127,2013,6.23
chnr127,2015,6.53
chnr128,2002,3.74
chnr128,2011,4.79
chnr128,2013,5.01
chnr128,2015,5.11
chnr129,2011,4.4
chnr129,2013,2.61
chnr129,2015,2.65
chnr130,2013,4.28
chnr130,2015,4.5
chnr131,2002,2.78
chnr201,2002,5.55
chnr201,2011,5.63
chnr201,2013,5.89
chnr201,2015,5.99
chnr202,2002,5.67
chnr202,2011,6.09
chnr202,2013,6.03
chnr202,2015,6.93
chnr203,2002,5.74
chnr203,2011,4.44
chnr203,2013,5.05
chnr203,2015,5.35
chnr204,2002,4.81
chnr204,2011,5.18
chnr204,2013,5.09
chnr204,2015,5.41
chnr205,2002,3.67
chnr205,2011,4.54
chnr205,2013,5.01
chnr205,2015,5.36
chnr206,2002,4.57
chnr206,2011,3.25
chnr206,2013,4.35
chnr206,2015,4.63
chnr207,2002,5.76
chnr207,2011,4.44
chnr207,2013,4.89
chnr207,2015,5.43
chnr208,2002,4.32
chnr208,2011,3.87
chnr208,2013,3.58
chnr208,2015,5.18
civr101,1994,0.11
civr101,1999,0.0
civr101,2005,0.64
civr101,2011,0.98
civr102,1994,0.15
civr102,1999,0.0
civr102,2005,0.27
civr102,2011,1.37
civr103,1994,0.16
civr103,1999,0.15
civr103,2005,0.26
civr103,2011,0.76
civr104,1994,0.22
civr104,1999,0.2
civr104,2005,0.66
civr104,2011,1.05
civr105,1994,0.08
civr105,1999,0.05
civr105,2005,0.11
civr105,2011,0.29
civr106,1994,0.05
civr106,1999,0.09
civr106,2005,0.14
civr106,2011,0.44
civr107,1994,0.0
civr107,1999,0.13
civr107,2005,0.05
civr107,2011,0.39
civr108,1994,0.34
civr108,1999,0.21
civr108,2005,0.34
civr108,2011,0.74
civr109,1994,0.53
civr109,1999,0.67
civr109,2005,1.3
civr109,2011,2.34
civr110,1994,0.21
civr110,1999,1.77
civr110,2005,0.39
civr110,2011,0.86
cmrr101,1998,0.11
cmrr101,2004,0.34
cmrr101,2011,0.72
cmrr101,2018,0.92
cmrr102,1998,1.62
cmrr102,2004,2.84
cmrr102,2011,4.28
cmrr102,2018,6.17
cmrr103,1998,0.73
cmrr103,2004,1.44
cmrr103,2011,2.71
cmrr103,2018,3.37
cmrr104,1998,0.04
cmrr104,2004,0.1
cmrr104,2011,0.19
cmrr104,2018,0.48
cmrr105,1998,1.53
cmrr105,2004,3.07
cmrr105,2011,3.88
cmrr105,2018,6.3
cmrr106,1998,0.09
cmrr106,2004,0.16
cmrr106,2011,0.62
cmrr106,2018,1.19
cmrr107,1998,1.16
cmrr107,2004,1.46
cmrr107,2011,2.12
cmrr107,2018,3.48
cmrr108,1998,0.69
cmrr108,2004,1.08
cmrr108,2011,1.93
cmrr108,2018,4.01
cmrr109,1998,1.82
cmrr109,2004,3.37
cmrr109,2011,4.33
cmrr109,2018,6.69
cmrr110,1998,1.67
cmrr110,2004,2.73
cmrr110,2011,3.39
cmrr110,2018,6.15
codr101,2007,5.77
codr101,2010,6.22
codr101,2013,7.52
codr101,2018,7.71
codr102,2007,2.84
codr102,2010,2.73
codr102,2013,3.98
codr102,2018,4.53
codr103,2007,2.61
codr103,2010,3.38
codr103,2013,3.74
codr103,2018,4.2
codr104,2007,2.66
codr104,2010,2.14
codr104,2013,3.24
codr104,2018,3.58
codr105,2007,1.64
codr105,2010,2.11
codr105,2013,3.51
codr105,2018,4.29
codr106,2007,1.22
codr106,2010,1.8
codr106,2013,2.7
codr106,2018,3.23
codr107,2007,1.76
codr107,2010,1.94
codr107,2013,2.03
codr107,2018,3.55
codr108,2007,2.34
codr108,2010,2.77
codr108,2013,3.64
codr108,2018,4.07
codr109,2007,4.34
codr109,2010,3.38
codr109,2013,4.19
codr109,2018,4.56
codr110,2007,3.41
codr110,2010,3.86
codr110,2013,4.7
codr110,2018,5.84
codr111,2007,3.22
codr111,2010,3.5
codr111,2013,4.36
codr111,2018,4.56
cogr201,2005,0.86
cogr201,2011,2.25
cogr201,2015,3.07
cogr202,2005,1.59
cogr202,2011,1.79
cogr202,2015,2.58
cogr203,2005,1.32
cogr203,2011,1.77
cogr203,2015,1.97
cogr204,2005,1.7
cogr204,2011,1.98
cogr204,2015,2.24
cogr205,2005,0.94
cogr205,2011,2.54
cogr205,2015,2.84
cogr206,2005,1.37
cogr206,2011,1.32
cogr206,2015,2.25
cogr207,2005,1.15
cogr207,2011,1.66
cogr207,2015,2.77
cogr208,2005,1.44
cogr208,2011,2.34
cogr208,2015,2.13
cogr209,2005,2.66
cogr209,2011,2.49
cogr209,2015,3.32
cogr210,2005,3.73
cogr210,2011,1.75
cogr210,2015,3.5
cogr211,2005,3.31
cogr211,2011,4.67
cogr211,2015,6.63
cogr212,2005,2.61
cogr212,2011,4.93
cogr212,2015,5.37
colr101,1995,3.53
colr101,2000,4.21
colr101,2005,3.91
colr101,2010,4.36
colr101,2015,5.52
colr102,1995,4.07
colr102,2000,4.15
colr102,2005,4.87
colr102,2010,4.67
colr102,2015,6.13
colr103,1995,6.55
colr103,2000,5.44
colr103,2005,6.03
colr103,2010,6.76
colr103,2015,6.48
colr104,1995,3.04
colr104,2000,3.87
colr104,2005,3.58
colr104,2010,3.6
colr104,2015,5.11
colr105,1995,1.77
colr105,2000,2.49
colr105,2005,2.93
colr105,2010,2.85
colr105,2015,3.56
colr106,1995,4.32
colr106,2000,4.21
colr106,2005,4.34
colr106,2010,4.42
colr106,2015,5.78
colr107,2005,2.19
colr107,2010,2.8
colr107,2015,3.49
colr108,1995,3.31
colr108,2000,2.52
colr108,2005,2.96
colr108,2010,3.37
colr108,2015,3.7
colr109,1995,1.87
colr109,2000,2.45
colr109,2005,2.34
colr109,2010,3.29
colr109,2015,3.51
colr110,1995,2.46
colr110,2000,2.26
colr110,2005,2.34
colr110,2010,2.46
colr110,2015,3.55
colr111,1995,2.24
colr111,2000,2.14
colr111,2005,3.05
colr111,2010,3.94
colr111,2015,5.01
colr112,1995,1.26
colr112,2000,1.88
colr112,2005,2.85
colr112,2010,3.08
colr112,2015,3.43
colr113,1995,2.43
colr113,2000,4.05
colr113,2005,3.52
colr113,2010,3.45
colr113,2015,3.95
colr114,1995,2.14
colr114,2000,3.09
colr114,2005,2.74
colr114,2010,3.12
colr114,2015,4.35
colr115,1995,3.16
colr115,2000,3.45
colr115,2005,3.68
colr115,2010,4.04
colr115,2015,4.52
colr116,1995,3.95
colr116,2000,4.56
colr116,2005,3.18
colr116,2010,3.35
colr116,2015,5.65
colr117,1995,1.64
colr117,2000,2.55
colr117,2005,3.2
colr117,2010,3.53
colr117,2015,3.97
colr118,1995,2.71
colr118,2000,2.49
colr118,2005,3.48
colr118,2010,3.47
colr118,2015,4.44
colr119,1995,3.83
colr119,2000,4.29
colr119,2005,4.07
colr119,2010,4.42
colr119,2015,5.4
colr120,1995,4.54
colr120,2000,5.54
colr120,2005,3.99
colr120,2010,3.95
colr120,2015,5.32
colr121,1995,2.47
colr121,2000,2.74
colr121,2005,3.05
colr121,2010,3.36
colr121,2015,4.89
colr122,1995,1.59
colr122,2000,2.42
colr122,2005,2.77
colr122,2010,2.87
colr122,2015,3.44
colr123,1995,2.56
colr123,2000,2.74
colr123,2005,3.22
colr123,2010,3.99
colr123,2015,4.52
colr124,1995,4.38
colr124,2000,4.4
colr124,2005,4.8
colr124,2010,4.74
colr124,2015,5.82
colr125,2005,2.79
colr125,2010,2.45
colr125,2015,3.57
colr126,2005,3.4
colr126,2010,3.52
colr126,2015,3.38
colr127,2005,3.66
colr127,2010,2.91
colr127,2015,3.15
colr128,2005,5.84
colr128,2010,6.95
colr128,2015,7.37
colr129,2005,4.87
colr129,2010,2.97
colr129,2015,5.26
colr130,2005,3.46
colr130,2010,2.71
colr130,2015,2.46
colr131,2005,1.66
colr131,2010,3.41
colr131,2015,3.6
colr132,2005,3.34
colr132,2010,3.12
colr132,2015,3.28
colr133,2005,3.26
colr133,2010,2.64
colr133,2015,3.87
comr101,1996,0.28
comr101,2012,0.99
comr102,1996,0.27
comr102,2012,0.93
comr103,1996,0.34
comr103,2012,0.69
cpvr101,2013,2.23
cpvr102,2013,3.72
cpvr103,2013,1.48
cpvr104,2013,4.24
cpvr105,2013,3.09
crir101,2011,7.3
crir101,2018,8.32
crir102,2011,5.34
crir102,2018,6.2
crir103,2011,4.56
crir103,2018,6.46
crir104,2011,6.48
crir104,2018,7.92
crir105,2011,4.12
crir105,2018,5.47
crir106,2011,4.27
crir106,2018,5.1
crir107,2011,3.91
crir107,2018,5.13
cubr101,2011,7.81
cubr101,2019,7.84
cubr102,2011,7.24
cubr102,2019,8.4
cubr103,2011,9.75
cubr103,2019,10.97
cubr104,2011,8.68
cubr104,2019,8.41
cubr105,2011,7.34
cubr105,2019,7.85
cubr106,2011,6.88
cubr106,2019,8.19
cubr107,2011,6.03
cubr107,2019,7.77
cubr108,2011,6.63
cubr108,2019,8.3
cubr109,2011,8.56
cubr109,2019,7.89
cubr110,2011,6.48
cubr110,2019,7.5
cubr111,2011,7.02
cubr111,2019,7.95
cubr112,2011,6.22
cubr112,2019,7.66
cubr113,2011,8.29
cubr113,2019,9.12
cubr114,2011,7.9
cubr114,2019,8.5
cubr115,2011,5.51
cubr115,2019,9.95
djir101,2006,1.01
djir102,2006,0.32
domr101,1996,3.99
domr101,2002,5.15
domr101,2007,5.41
domr101,2013,6.14
domr101,2019,7.79
domr102,1996,2.96
domr102,2002,2.56
domr102,2007,2.92
domr102,2013,3.58
domr102,2019,4.88
domr103,1996,2.81
domr103,2002,2.99
domr103,2007,4.09
domr103,2013,4.73
domr103,2019,5.28
domr104,1996,1.92
domr104,2002,2.55
domr104,2007,3.25
domr104,2013,4.3
domr104,2019,5.15
domr105,1996,2.07
domr105,2002,2.63
domr105,2007,3.39
domr105,2013,3.77
domr105,2019,5.06
domr106,1996,2.76
domr106,2002,3.25
domr106,2007,3.63
domr106,2013,4.35
domr106,2019,5.29
domr107,1996,1.85
domr107,2002,2.35
domr107,2007,2.56
domr107,2013,3.03
domr107,2019,3.76
domr108,1996,1.97
domr108,2002,2.65
domr108,2007,3.43
domr108,2013,3.72
domr108,2019,5.04
domr109,1996,2.56
domr109,2002,2.85
domr109,2007,3.29
domr109,2013,4.03
domr109,2019,4.9
dzar101,2002,1.19
dzar101,2013,1.68
dzar101,2019,3.4
dzar102,2002,0.56
dzar102,2013,1.72
dzar102,2019,3.01
dzar103,2002,0.56
dzar103,2013,1.75
dzar103,2019,2.81
dzar104,2002,0.33
dzar104,2013,0.71
dzar104,2019,1.69
dzar105,2002,0.53
dzar105,2013,0.94
dzar105,2019,2.0
dzar106,2002,0.46
dzar106,2013,0.85
dzar106,2019,1.66
dzar107,2002,0.4
dzar107,2013,1.14
dzar107,2019,2.34
ecur101,2007,6.19
ecur101,2011,6.99
ecur102,2007,6.74
ecur102,2011,7.08
ecur103,2007,5.78
ecur103,2011,5.42
egyr101,1995,4.87
egyr101,2000,5.35
egyr101,2005,6.29
egyr101,2008,5.95
egyr101,2014,6.6
egyr102,1995,3.09
egyr102,2000,4.51
egyr102,2005,5.11
egyr102,2008,5.49
egyr102,2014,7.52
egyr103,1995,3.21
egyr103,2000,3.29
egyr103,2005,3.37
egyr103,2008,5.2
egyr103,2014,7.09
egyr104,1995,2.18
egyr104,2000,2.03
egyr104,2005,3.68
egyr104,2008,3.5
egyr104,2014,5.12
egyr105,1995,2.16
egyr105,2000,2.02
egyr105,2005,2.27
egyr105,2008,2.95
egyr105,2014,2.65
egyr106,1995,2.17
egyr106,2000,1.52
egyr106,2005,1.88
egyr106,2008,3.0
egyr106,2014,3.46
egyr107,1995,1.51
egyr107,2000,1.73
egyr107,2005,2.28
egyr107,2008,2.36
egyr107,2014,3.04
egyr108,1995,2.25
egyr108,2000,2.42
egyr108,2005,2.45
egyr108,2008,2.36
egyr108,2014,4.0
egyr109,1995,0.75
egyr109,2000,1.44
egyr109,2005,0.86
egyr109,2008,3.52
egyr109,2014,1.95
egyr110,1995,1.74
egyr110,2000,2.08
egyr110,2005,2.48
egyr110,2008,2.98
egyr110,2014,3.85
egyr111,1995,1.33
egyr111,2000,1.51
egyr111,2005,2.76
egyr111,2008,2.45
egyr111,2014,3.98
egyr112,1995,1.6
egyr112,2000,1.16
egyr112,2005,1.79
egyr112,2008,2.4
egyr112,2014,3.05
egyr113,1995,2.67
egyr113,2000,2.83
egyr113,2005,3.05
egyr113,2008,2.93
egyr113,2014,4.84
egyr114,1995,1.92
egyr114,2000,2.84
egyr114,2005,3.35
egyr114,2008,4.03
egyr114,2014,5.03
egyr115,1995,1.02
egyr115,2000,1.85
egyr115,2005,1.54
egyr115,2008,2.03
egyr115,2014,2.47
egyr116,1995,0.98
egyr116,2000,1.21
egyr116,2005,1.36
egyr116,2008,1.41
egyr116,2014,2.82
egyr117,1995,2.06
egyr117,2000,0.86
egyr117,2005,1.45
egyr117,2008,1.78
egyr117,2014,2.71
egyr118,1995,1.36
egyr118,2000,1.21
egyr118,2005,1.23
egyr118,2008,1.65
egyr118,2014,2.67
egyr119,1995,1.21
egyr119,2000,0.8
egyr119,2005,1.19
egyr119,2008,1.61
egyr119,2014,3.06
egyr120,1995,0.43
egyr120,2000,0.71
egyr120,2005,1.93
egyr120,2008,2.15
egyr120,2014,1.93
egyr121,1995,0.92
egyr121,2000,1.23
egyr121,2005,2.18
egyr121,2008,1.77
egyr121,2014,3.9
egyr122,1995,1.8
egyr122,2000,1.87
egyr122,2005,1.62
egyr122,2008,3.01
egyr122,2014,2.23
erir101,1995,0.25
erir101,2002,0.9
erir102,1995,0.72
erir102,2002,1.59
erir103,1995,0.05
erir103,2002,0.21
erir104,1995,0.23
erir104,2002,0.35
erir105,1995,0.12
erir105,2002,0.24
erir106,1995,0.16
erir106,2002,0.29
ethr101,2000,0.04
ethr101,2005,0.2
ethr101,2011,0.25
ethr101,2016,0.36
ethr102,2000,0.21
ethr102,2005,0.16
ethr102,2011,0.38
ethr102,2016,0.37
ethr103,2000,0.03
ethr103,2005,0.11
ethr103,2011,0.22
ethr103,2016,0.38
ethr104,2000,0.1
ethr104,2005,0.16
ethr104,2011,0.35
ethr104,2016,0.82
ethr105,2000,0.08
ethr105,2005,0.03
ethr105,2011,0.42
ethr105,2016,0.38
ethr106,2000,0.03
ethr106,2005,0.07
ethr106,2011,0.17
ethr106,2016,0.66
ethr107,2000,0.18
ethr107,2005,0.18
ethr107,2011,0.42
ethr107,2016,0.66
ethr108,2000,0.28
ethr108,2005,0.37
ethr108,2011,0.45
ethr108,2016,1.24
ethr109,2000,0.77
ethr109,2005,1.06
ethr109,2011,1.68
ethr109,2016,2.41
ethr110,2000,1.54
ethr110,2005,2.81
ethr110,2011,2.76
ethr110,2016,3.89
ethr111,2000,0.39
ethr111,2005,0.78
ethr111,2011,1.34
ethr111,2016,1.86
fjir101,2007,7.31
fjir102,2007,8.18
fjir103,2007,7.58
fjir104,2007,7.54
fjir105,2007,6.6
fjir106,2007,6.61
fjir107,2007,6.49
fjir108,2007,6.91
fjir109,2007,6.73
fjir110,2007,6.58
gabr101,2000,0.88
gabr101,2012,3.05
gabr102,2000,0.59
gabr102,2012,2.36
gabr103,2000,1.36
gabr103,2012,2.52
gabr104,2000,0.38
gabr104,2012,1.46
gabr105,2000,0.52
gabr105,2012,1.22
gabr106,2000,0.66
gabr106,2012,3.01
gabr107,2000,0.23
gabr107,2012,1.91
gabr108,2000,0.61
gabr108,2012,2.08
gabr109,2000,1.76
gabr109,2012,3.22
gabr110,2000,2.94
gabr110,2012,5.74
geor102,2005,8.34
geor102,2018,11.45
geor103,2005,8.56
geor103,2018,12.03
geor104,2005,8.48
geor104,2018,12.39
geor105,2005,8.32
geor105,2018,12.11
geor106,2005,7.1
geor106,2018,10.94
geor107,2005,8.6
geor107,2018,11.94
geor108,2005,8.75
geor108,2018,12.23
geor109,2005,7.83
geor109,2018,10.95
geor110,2005,8.35
geor110,2018,11.72
geor111,2005,10.95
geor111,2018,13.68
ghar101,1998,2.13
ghar101,2003,1.93
ghar101,2006,3.89
ghar101,2008,4.48
ghar101,2011,3.4
ghar101,2014,5.0
ghar101,2017,5.8
ghar102,1998,1.78
ghar102,2003,1.81
ghar102,2006,2.58
ghar102,2008,3.01
ghar102,2011,3.46
ghar102,2014,3.95
ghar102,2017,4.85
ghar103,1998,4.65
ghar103,2003,4.81
ghar103,2006,6.3
ghar103,2008,6.98
ghar103,2011,6.93
ghar103,2014,6.81
ghar103,2017,7.11
ghar104,1998,2.6
ghar104,2003,2.74
ghar104,2006,2.29
ghar104,2008,3.21
ghar104,2011,3.76
ghar104,2014,4.1
ghar104,2017,4.55
ghar105,1998,3.36
ghar105,2003,3.02
ghar105,2006,3.79
ghar105,2008,4.14
ghar105,2011,3.88
ghar105,2014,5.43
ghar105,2017,5.74
ghar106,1998,2.11
ghar106,2003,2.72
ghar106,2006,3.68
ghar106,2008,4.03
ghar106,2011,3.98
ghar106,2014,4.9
ghar106,2017,4.72
ghar107,1998,1.86
ghar107,2003,1.09
ghar107,2006,1.67
ghar107,2008,2.61
ghar107,2011,2.12
ghar107,2014,3.62
ghar107,2017,4.01
ghar108,1998,0.21
ghar108,2003,0.24
ghar108,2006,0.64
ghar108,2008,0.73
ghar108,2011,0.72
ghar108,2014,0.8
ghar108,2017,1.03
ghar109,1998,0.37
ghar109,2003,0.21
ghar109,2006,0.74
ghar109,2008,0.55
ghar109,2011,0.79
ghar109,2014,0.9
ghar109,2017,1.76
ghar110,1998,0.2
ghar110,2003,0.23
ghar110,2006,0.45
ghar110,2008,0.7
ghar110,2011,0.63
ghar110,2014,0.96
ghar110,2017,1.36
ginr101,2005,0.14
ginr101,2012,0.87
ginr101,2018,1.22
ginr102,2005,2.01
ginr102,2012,4.28
ginr102,2018,6.02
ginr103,2005,0.31
ginr103,2012,0.71
ginr103,2018,1.03
ginr104,2005,0.26
ginr104,2012,0.64
ginr104,2018,0.61
ginr105,2005,0.09
ginr105,2012,0.7
ginr105,2018,1.37
ginr106,2005,0.1
ginr106,2012,0.45
ginr106,2018,0.7
ginr107,2005,0.06
ginr107,2012,0.42
ginr107,2018,0.57
ginr108,2005,0.52
ginr108,2012,0.81
ginr108,2018,1.24
gmbr101,2000,3.08
gmbr101,2006,2.27
gmbr101,2013,3.91
gmbr101,2018,4.61
gmbr101,2020,4.79
gmbr102,2000,2.42
gmbr102,2006,2.16
gmbr102,2013,3.07
gmbr102,2018,4.31
gmbr102,2020,3.79
gmbr103,2000,0.6
gmbr103,2006,1.1
gmbr103,2013,1.27
gmbr103,2018,1.43
gmbr103,2020,2.12
gmbr104,2000,0.22
gmbr104,2006,2.9
gmbr104,2013,0.42
gmbr104,2018,0.28
gmbr104,2020,0.58
gmbr105,2000,0.37
gmbr105,2006,0.15
gmbr105,2013,0.29
gmbr105,2018,0.52
gmbr105,2020,0.88
gmbr106,2000,0.44
gmbr106,2006,0.09
gmbr106,2013,0.17
gmbr106,2018,0.21
gmbr106,2020,0.28
gmbr107,2000,0.79
gmbr107,2006,4.97
gmbr107,2013,0.22
gmbr107,2018,0.3
gmbr107,2020,0.45
gmbr108,2000,0.73
gmbr108,2006,0.99
gmbr108,2013,0.13
gmbr108,2018,0.12
gmbr108,2020,0.2
gnbr101,2006,0.61
gnbr101,2014,0.76
gnbr101,2019,1.19
gnbr102,2006,0.78
gnbr102,2014,0.64
gnbr102,2019,1.18
gnbr103,2006,0.21
gnbr103,2014,0.44
gnbr103,2019,0.75
gnbr104,2006,0.14
gnbr104,2014,0.57
gnbr104,2019,1.1
gnbr105,2006,0.41
gnbr105,2014,0.71
gnbr105,2019,1.15
gnbr106,2006,0.26
gnbr106,2014,0.29
gnbr106,2019,0.71
gnbr107,2006,0.13
gnbr107,2014,0.3
gnbr107,2019,0.66
gnbr108,2006,0.44
gnbr108,2014,0.73
gnbr108,2019,0.75
gnbr109,2006,1.97
gnbr109,2014,2.95
gnbr109,2019,4.06
gnqr101,2000,4.91
gnqr102,2000,1.61
gnqr103,2000,2.11
gnqr104,2000,2.67
gnqr105,2000,1.62
gtmr101,1995,4.17
gtmr101,1999,3.23
gtmr101,2007,6.15
gtmr101,2012,5.78
gtmr101,2015,5.53
gtmr102,1995,0.57
gtmr102,1999,1.2
gtmr102,2007,3.07
gtmr102,2012,4.33
gtmr102,2015,1.14
gtmr103,1995,1.08
gtmr103,1999,0.98
gtmr103,2007,3.85
gtmr103,2012,4.23
gtmr103,2015,1.97
gtmr104,1995,0.85
gtmr104,1999,1.73
gtmr104,2007,2.23
gtmr104,2012,3.05
gtmr104,2015,1.6
gtmr105,1995,2.0
gtmr105,1999,2.16
gtmr105,2007,2.66
gtmr105,2012,3.95
gtmr105,2015,2.38
gtmr106,1995,1.04
gtmr106,1999,1.56
gtmr106,2007,2.78
gtmr106,2012,3.26
gtmr106,2015,1.83
gtmr107,1995,0.6
gtmr107,1999,0.64
gtmr107,2007,1.77
gtmr107,2012,1.86
gtmr107,2015,1.11
gtmr108,1999,0.66
gtmr108,2007,3.75
gtmr108,2012,2.0
gtmr108,2015,1.33
guyr101,2006,4.13
guyr101,2009,4.52
guyr101,2014,4.52
guyr101,2019,5.73
guyr102,2006,5.37
guyr102,2009,4.99
guyr102,2014,6.53
guyr102,2019,6.47
guyr103,2006,6.13
guyr103,2009,5.51
guyr103,2014,7.06
guyr103,2019,7.61
guyr104,2006,6.77
guyr104,2009,7.29
guyr104,2014,7.26
guyr104,2019,8.41
guyr105,2006,6.21
guyr105,2009,6.69
guyr105,2014,6.6
guyr105,2019,7.4
guyr106,2006,5.43
guyr106,2009,5.97
guyr106,2014,5.32
guyr106,2019,6.52
guyr107,2006,5.53
guyr107,2009,5.66
guyr107,2014,7.4
guyr107,2019,7.92
guyr108,2006,4.3
guyr108,2009,4.64
guyr108,2014,3.79
guyr108,2019,6.38
guyr109,2006,2.87
guyr109,2009,5.07
guyr109,2014,6.22
guyr109,2019,6.53
guyr110,2006,8.37
guyr110,2009,8.46
guyr110,2014,7.72
guyr110,2019,9.06
hndr101,2005,3.14
hndr101,2011,3.57
hndr101,2019,4.14
hndr102,2005,2.12
hndr102,2011,2.14
hndr102,2019,3.65
hndr103,2005,2.4
hndr103,2011,2.8
hndr103,2019,3.7
hndr104,2005,1.44
hndr104,2011,1.77
hndr104,2019,2.56
hndr105,2005,3.14
hndr105,2011,3.96
hndr105,2019,4.36
hndr106,2005,1.85
hndr106,2011,2.21
hndr106,2019,2.79
hndr107,2005,1.53
hndr107,2011,2.17
hndr107,2019,2.54
hndr108,2005,4.57
hndr108,2011,5.01
hndr108,2019,6.13
hndr109,2011,2.51
hndr109,2019,3.2
hndr110,2005,1.5
hndr110,2011,2.08
hndr110,2019,2.95
hndr111,2011,4.92
hndr111,2019,5.39
hndr112,2005,1.93
hndr112,2011,2.4
hndr112,2019,3.3
hndr113,2005,1.57
hndr113,2011,1.91
hndr113,2019,2.45
hndr114,2005,1.89
hndr114,2011,2.55
hndr114,2019,2.89
hndr115,2005,1.22
hndr115,2011,2.31
hndr115,2019,2.61
hndr116,2005,1.02
hndr116,2011,1.96
hndr116,2019,2.35
hndr117,2005,1.37
hndr117,2011,2.14
hndr117,2019,2.42
hndr118,2005,2.39
hndr118,2011,2.69
hndr118,2019,3.86
htir101,1994,2.0
htir101,2000,2.22
htir101,2005,1.97
htir101,2012,2.29
htir101,2017,2.6
htir102,1994,0.48
htir102,2000,0.38
htir102,2005,0.64
htir102,2012,0.96
htir102,2017,1.46
htir103,1994,0.64
htir103,2000,0.97
htir103,2005,1.19
htir103,2012,1.43
htir103,2017,1.68
htir104,1994,1.19
htir104,2000,0.69
htir104,2005,1.11
htir104,2012,0.92
htir104,2017,1.13
htir105,1994,0.55
htir105,2000,0.56
htir105,2005,0.89
htir105,2012,0.88
htir105,2017,1.35
htir106,1994,0.65
htir106,2000,0.55
htir106,2005,0.76
htir106,2012,0.82
htir106,2017,1.12
htir107,1994,1.06
htir107,2000,0.75
htir107,2005,0.92
htir107,2012,1.34
htir107,2017,1.26
htir108,1994,0.58
htir108,2000,0.61
htir108,2005,0.59
htir108,2012,0.91
htir108,2017,1.17
htir109,1994,0.19
htir109,2000,0.66
htir109,2005,0.6
htir109,2012,0.69
htir109,2017,0.99
htir110,2012,1.99
idnr101,1997,2.4
idnr101,2007,3.43
idnr101,2012,4.27
idnr101,2017,4.98
idnr102,1997,4.19
idnr102,2003,4.12
idnr102,2007,5.64
idnr102,2012,5.12
idnr102,2017,5.9
idnr103,1997,3.87
idnr103,2003,4.24
idnr103,2007,4.49
idnr103,2012,5.85
idnr103,2017,6.24
idnr104,1997,2.96
idnr104,2003,4.14
idnr104,2007,3.74
idnr104,2012,4.82
idnr104,2017,5.46
idnr105,1997,3.41
idnr105,2003,4.3
idnr105,2007,3.3
idnr105,2012,3.78
idnr105,2017,4.07
idnr106,1997,3.07
idnr106,2003,3.46
idnr106,2007,3.91
idnr106,2012,4.54
idnr106,2017,5.01
idnr107,1997,2.3
idnr107,2003,2.81
idnr107,2007,3.21
idnr107,2012,4.39
idnr107,2017,5.2
idnr108,1997,1.86
idnr108,2003,2.77
idnr108,2007,3.41
idnr108,2012,3.43
idnr108,2017,4.92
idnr109,2003,3.12
idnr109,2007,3.33
idnr109,2012,4.25
idnr109,2017,4.99
idnr110,1997,5.88
idnr110,2003,6.33
idnr110,2007,6.77
idnr110,2012,8.01
idnr110,2017,8.54
idnr111,1997,2.49
idnr111,2003,2.81
idnr111,2007,4.14
idnr111,2012,4.32
idnr111,2017,5.26
idnr112,1997,1.95
idnr112,2003,2.31
idnr112,2007,2.67
idnr112,2012,3.27
idnr112,2017,3.93
idnr113,1997,2.01
idnr113,2003,2.68
idnr113,2007,3.61
idnr113,2012,4.61
idnr113,2017,5.61
idnr114,1997,1.61
idnr114,2003,2.22
idnr114,2007,2.59
idnr114,2012,2.95
idnr114,2017,4.18
idnr115,2003,3.2
idnr115,2007,3.04
idnr115,2012,4.03
idnr115,2017,4.71
idnr116,1997,1.72
idnr116,2003,3.14
idnr116,2007,2.67
idnr116,2012,3.47
idnr116,2017,4.24
idnr117,1997,1.35
idnr117,2003,1.02
idnr117,2007,2.77
idnr117,2012,2.69
idnr117,2017,2.64
idnr118,1997,2.38
idnr118,2003,2.38
idnr118,2007,2.99
idnr118,2012,3.31
idnr118,2017,3.62
idnr119,1997,0.3
idnr120,1997,1.47
idnr120,2003,2.28
idnr120,2007,2.56
idnr120,2012,3.31
idnr120,2017,3.62
idnr121,1997,3.25
idnr121,2003,3.92
idnr121,2007,4.36
idnr121,2012,3.85
idnr121,2017,5.21
idnr122,1997,1.93
idnr122,2003,3.31
idnr122,2007,2.83
idnr122,2012,3.93
idnr122,2017,4.65
idnr123,1997,2.82
idnr123,2003,3.61
idnr123,2007,3.29
idnr123,2012,4.06
idnr123,2017,4.97
idnr124,1997,4.56
idnr124,2003,5.97
idnr124,2007,6.43
idnr124,2012,7.34
idnr124,2017,7.29
idnr125,1997,3.17
idnr125,2003,3.51
idnr125,2007,4.41
idnr125,2012,4.66
idnr125,2017,6.06
idnr126,1997,1.63
idnr126,2003,2.84
idnr126,2007,2.98
idnr126,2012,3.97
idnr126,2017,4.66
idnr127,1997,2.38
idnr127,2003,2.02
idnr127,2007,2.99
idnr127,2012,3.94
idnr127,2017,4.57
idnr128,2003,3.97
idnr128,2007,4.13
idnr128,2012,4.65
idnr128,2017,5.58
idnr129,1997,4.14
idnr129,2007,5.06
idnr129,2012,5.67
idnr129,2017,6.24
idnr130,1997,2.97
idnr130,2007,3.71
idnr130,2012,4.77
idnr130,2017,5.31
indr101,1992,1.5
indr101,1999,1.77
indr101,2006,1.8
indr101,2012,1.88
indr101,2016,2.53
indr102,1992,2.02
indr102,1999,2.43
indr102,2006,2.94
indr102,2012,4.21
indr102,2016,3.56
indr103,1992,1.94
indr103,1999,2.07
indr103,2006,2.17
indr103,2012,2.53
indr103,2016,2.76
indr104,1992,2.87
indr104,1999,3.4
indr104,2006,3.67
indr104,2012,6.95
indr104,2016,4.68
indr105,1992,2.06
indr105,1999,2.78
indr105,2006,2.48
indr105,2012,3.64
indr105,2016,3.98
indr106,1992,1.37
indr106,1999,2.09
indr106,2006,2.14
indr106,2012,2.93
indr106,2016,3.39
indr107,1992,1.29
indr107,1999,2.03
indr107,2006,2.68
indr107,2012,3.22
indr107,2016,4.0
indr108,1992,1.48
indr108,1999,1.67
indr108,2006,2.52
indr108,2012,3.01
indr108,2016,3.17
indr109,1992,1.85
indr109,1999,2.48
indr109,2006,2.6
indr109,2012,3.0
indr109,2016,3.33
indr110,1992,3.24
indr110,1999,3.8
indr110,2006,4.44
indr110,2012,5.69
indr110,2016,6.24
indr111,1992,1.29
indr111,1999,1.56
indr111,2006,1.98
indr111,2012,2.39
indr111,2016,2.74
indr112,1992,1.94
indr112,1999,2.4
indr112,2006,3.0
indr112,2012,3.34
indr112,2016,3.76
indr113,1992,1.87
indr113,1999,2.55
indr113,2006,3.3
indr113,2012,7.99
indr113,2016,4.79
indr114,1992,1.63
indr114,1999,1.88
indr114,2006,2.95
indr114,2012,3.84
indr114,2016,3.27
indr115,1992,2.47
indr115,1999,2.94
indr115,2006,3.75
indr115,2012,5.81
indr115,2016,4.16
indr116,1992,2.43
indr116,1999,1.61
indr116,2006,2.29
indr116,2012,7.08
indr116,2016,3.34
indr117,1992,1.29
indr117,1999,1.74
indr117,2006,1.84
indr117,2012,2.21
indr117,2016,2.88
indr118,1992,1.44
indr118,1999,2.24
indr118,2006,2.55
indr118,2012,4.03
indr118,2016,3.89
indr119,1992,1.01
indr119,1999,1.56
indr119,2006,1.69
indr119,2012,1.97
indr119,2016,2.37
indr120,1999,1.23
indr120,2006,1.57
indr120,2012,2.66
indr120,2016,1.97
indr121,1992,2.32
indr121,1999,2.68
indr121,2006,3.07
indr121,2012,3.36
indr121,2016,3.72
indr122,1992,2.91
indr122,1999,3.12
indr122,2006,3.5
indr122,2012,3.75
indr122,2016,4.02
indr123,1992,1.61
indr123,1999,1.9
indr123,2006,2.14
indr123,2012,2.39
indr123,2016,3.04
indr124,1992,4.77
indr124,1999,5.82
indr124,2006,6.74
indr124,2012,4.54
indr124,2016,6.22
indr125,1992,0.47
indr125,1999,0.55
indr125,2006,0.84
indr125,2012,2.92
indr125,2016,1.28
indr126,1992,2.18
indr126,1999,2.56
indr126,2006,2.61
indr126,2012,4.59
indr126,2016,4.05
indr127,2012,2.71
indr127,2016,3.92
indr128,2012,2.88
indr128,2016,2.76
indr129,2012,2.09
indr129,2016,2.43
indr130,2016,2.17
indr131,2012,1.18
indr131,2016,8.59
indr132,2012,2.72
indr132,2016,3.08
indr133,2012,5.49
indr133,2016,4.13
indr134,2016,4.12
indr135,2016,4.42
indr136,2016,3.23
irnr101,2006,1.49
irnr101,2011,1.88
irnr102,2006,1.81
irnr102,2011,2.63
irnr103,2006,1.92
irnr103,2011,2.45
irnr104,2006,1.79
irnr104,2011,2.35
irnr105,2006,1.29
irnr105,2011,1.67
irnr106,2006,1.38
irnr106,2011,1.74
irnr107,2006,1.55
irnr107,2011,2.02
irnr108,2006,2.4
irnr108,2011,2.89
irnr109,2006,1.62
irnr109,2011,1.95
irnr110,2006,2.15
irnr110,2011,2.56
irnr111,2006,2.59
irnr111,2011,3.02
irnr112,2006,0.74
irnr112,2011,0.94
irnr113,2006,0.83
irnr113,2011,1.13
irnr114,2006,1.33
irnr114,2011,1.64
irnr115,2006,0.9
irnr115,2011,1.33
irnr116,2006,1.17
irnr116,2011,1.43
irnr117,2006,0.8
irnr117,2011,0.85
irnr118,2006,0.62
irnr118,2011,0.98
irnr119,2006,1.47
irnr119,2011,1.57
irnr120,2006,1.02
irnr120,2011,1.54
irnr121,2006,2.26
irnr121,2011,3.15
irnr122,2006,1.73
irnr122,2011,2.56
irnr123,2006,0.84
irnr123,2011,1.37
irnr124,2006,2.63
irnr124,2011,5.49
irnr125,2006,1.07
irnr125,2011,1.37
irnr126,2006,2.06
irnr126,2011,2.34
irnr127,2006,1.52
irnr127,2011,2.23
irnr128,2006,1.41
irnr128,2011,1.76
irnr129,2006,0.91
irnr129,2011,1.25
irnr130,2006,0.97
irnr130,2011,1.39
irqr101,2006,1.04
irqr101,2011,1.57
irqr101,2018,2.38
irqr102,2006,1.92
irqr102,2011,3.23
irqr102,2018,5.88
irqr103,2006,1.28
irqr103,2011,1.81
irqr103,2018,2.14
irqr104,2006,2.35
irqr104,2011,3.21
irqr104,2018,4.2
irqr105,2006,1.32
irqr105,2011,1.65
irqr105,2018,3.38
irqr106,2006,2.34
irqr106,2011,3.05
irqr106,2018,3.7
irqr107,2006,3.07
irqr107,2011,3.05
irqr107,2018,4.13
irqr108,2006,3.26
irqr108,2011,4.92
irqr108,2018,5.5
irqr109,2006,2.04
irqr109,2011,3.29
irqr109,2018,3.95
irqr110,2006,2.04
irqr110,2011,3.24
irqr110,2018,3.72
irqr111,2006,1.27
irqr111,2011,2.93
irqr111,2018,4.51
irqr112,2006,1.98
irqr112,2011,2.34
irqr112,2018,3.6
irqr113,2006,1.5
irqr113,2011,2.85
irqr113,2018,3.78
irqr114,2006,1.23
irqr114,2011,2.4
irqr114,2018,3.02
irqr115,2006,0.78
irqr115,2011,1.74
irqr115,2018,2.62
irqr116,2006,1.33
irqr116,2011,1.89
irqr116,2018,2.79
irqr117,2006,1.22
irqr117,2011,2.33
irqr117,2018,2.39
irqr118,2006,2.47
irqr118,2011,3.57
irqr118,2018,4.4
jamr101,2005,7.44
jamr101,2011,8.13
jamr102,2005,5.73
jamr102,2011,6.36
jamr103,2005,6.21
jamr103,2011,6.32
jamr104,2005,5.52
jamr104,2011,6.5
jamr105,2005,6.18
jamr105,2011,6.59
jamr106,2005,6.3
jamr106,2011,6.54
jorr101,2002,4.58
jorr101,2007,5.97
jorr101,2012,7.79
jorr101,2017,8.71
jorr102,2002,2.52
jorr102,2007,3.41
jorr102,2012,4.36
jorr102,2017,6.41
jorr103,2002,3.31
jorr103,2007,4.07
jorr103,2012,5.18
jorr103,2017,5.87
jorr104,2002,1.99
jorr104,2007,3.14
jorr104,2012,4.3
jorr104,2017,4.78
jorr105,2002,2.56
jorr105,2007,3.44
jorr105,2012,5.54
jorr105,2017,6.66
jorr106,2002,1.31
jorr106,2007,1.86
jorr106,2012,2.73
jorr106,2017,3.01
jorr107,2002,1.57
jorr107,2007,3.17
jorr107,2012,3.01
jorr107,2017,4.2
jorr108,2002,2.89
jorr108,2007,3.73
jorr108,2012,3.17
jorr108,2017,5.16
jorr109,2002,1.45
jorr109,2007,2.6
jorr109,2012,3.21
jorr109,2017,5.14
jorr110,2002,1.7
jorr110,2007,1.96
jorr110,2012,3.62
jorr110,2017,3.91
jorr111,2002,1.3
jorr111,2007,2.15
jorr111,2012,3.27
jorr111,2017,3.14
jorr112,2002,3.13
jorr112,2007,3.38
jorr112,2012,4.01
jorr112,2017,4.71
kazr101,1995,8.5
kazr101,1999,9.49
kazr101,2006,11.64
kazr101,2010,12.16
kazr101,2015,12.36
kazr102,1995,5.12
kazr102,1999,7.35
kazr102,2006,8.71
kazr102,2010,9.56
kazr102,2015,10.23
kazr103,1995,5.82
kazr103,1999,7.09
kazr103,2006,9.36
kazr103,2010,9.69
kazr103,2015,9.78
kazr104,1995,6.25
kazr104,1999,7.17
kazr104,2006,9.32
kazr104,2010,9.91
kazr104,2015,10.22
kazr105,1995,6.05
kazr105,1999,6.87
kazr105,2006,8.44
kazr105,2010,9.6
kazr105,2015,10.21
kazr106,1995,6.1
kazr106,1999,7.2
kazr106,2006,8.6
kazr106,2010,9.24
kazr106,2015,10.25
kenr101,1993,5.56
kenr101,1998,4.55
kenr101,2003,6.15
kenr101,2008,9.98
kenr101,2014,7.99
kenr102,1993,1.55
kenr102,1998,2.1
kenr102,2003,2.64
kenr102,2008,3.89
kenr102,2014,4.74
kenr103,1993,1.26
kenr103,1998,1.28
kenr103,2003,1.41
kenr103,2008,2.34
kenr103,2014,2.57
kenr104,1993,0.75
kenr104,1998,1.01
kenr104,2003,1.26
kenr104,2008,2.49
kenr104,2014,3.07
kenr105,1993,0.96
kenr105,1998,1.6
kenr105,2003,2.32
kenr105,2008,3.06
kenr105,2014,4.01
kenr106,1993,0.93
kenr106,1998,1.02
kenr106,2003,1.2
kenr106,2008,2.41
kenr106,2014,2.96
kenr107,1993,1.44
kenr107,1998,2.3
kenr107,2003,2.95
kenr107,2008,3.66
kenr107,2014,4.27
kenr108,2003,0.14
kenr108,2008,0.11
kenr108,2014,0.18
kgzr101,1997,9.29
kgzr101,2006,11.23
kgzr101,2012,11.45
kgzr101,2014,13.41
kgzr101,2018,11.82
kgzr102,1997,6.81
kgzr102,2006,8.86
kgzr102,2012,10.0
kgzr102,2014,10.31
kgzr102,2018,10.89
kgzr103,1997,6.62
kgzr103,2006,8.61
kgzr103,2012,9.01
kgzr103,2014,10.51
kgzr103,2018,10.56
kgzr104,1997,5.02
kgzr104,2006,8.07
kgzr104,2012,9.3
kgzr104,2014,9.99
kgzr104,2018,10.44
kgzr105,1997,6.44
kgzr105,2006,6.16
kgzr105,2012,7.79
kgzr105,2014,9.08
kgzr105,2018,9.81
kgzr106,1997,5.86
kgzr106,2006,7.42
kgzr106,2012,8.24
kgzr106,2014,8.34
kgzr106,2018,9.88
kgzr107,1997,6.99
kgzr107,2006,8.22
kgzr107,2012,9.0
kgzr107,2014,10.18
kgzr107,2018,10.55
kgzr108,2006,7.07
kgzr108,2012,8.42
kgzr108,2014,9.09
kgzr108,2018,10.11
khmr101,2000,1.19
khmr101,2005,1.17
khmr101,2010,1.75
khmr101,2014,2.73
khmr102,2000,1.17
khmr102,2005,1.95
khmr102,2010,2.13
khmr102,2014,2.21
khmr103,2000,0.96
khmr103,2005,1.41
khmr103,2010,2.25
khmr103,2014,2.38
khmr104,2000,0.99
khmr104,2005,1.72
khmr104,2010,2.46
khmr104,2014,2.86
khmr105,2000,1.52
khmr105,2005,1.81
khmr105,2010,2.05
khmr105,2014,2.72
khmr106,2000,0.95
khmr106,2005,1.93
khmr106,2010,2.78
khmr106,2014,2.85
khmr107,2000,1.41
khmr107,2005,1.22
khmr107,2010,1.55
khmr107,2014,2.82
khmr108,2000,2.91
khmr108,2005,3.81
khmr108,2010,4.52
khmr108,2014,4.86
khmr109,2000,1.58
khmr109,2005,2.2
khmr109,2010,2.28
khmr109,2014,3.36
khmr110,2000,0.95
khmr110,2005,1.96
khmr110,2010,2.28
khmr110,2014,2.58
khmr111,2000,1.47
khmr111,2005,1.73
khmr111,2010,1.63
khmr111,2014,2.76
khmr112,2000,1.23
khmr112,2005,2.17
khmr112,2010,2.2
khmr112,2014,2.69
khmr113,2000,1.86
khmr113,2005,2.21
khmr113,2010,2.45
khmr113,2014,2.93
khmr114,2000,1.47
khmr114,2005,1.5
khmr114,2010,2.17
khmr114,2014,2.52
khmr115,2000,1.18
khmr115,2005,1.72
khmr115,2010,2.57
khmr115,2014,2.6
khmr116,2000,0.48
khmr116,2005,1.04
khmr116,2010,1.81
khmr116,2014,2.14
khmr117,2000,0.91
khmr117,2005,1.61
khmr117,2010,2.21
khmr117,2014,2.45
kirr101,2018,7.17
kirr102,2018,5.96
kirr103,2018,5.62
kirr104,2018,5.56
kirr105,2018,5.81
ksvr101,2014,6.8
ksvr101,2020,7.84
ksvr102,2014,5.36
ksvr102,2020,7.55
ksvr103,2014,7.52
ksvr103,2020,8.73
ksvr104,2014,7.21
ksvr104,2020,8.54
ksvr105,2014,6.29
ksvr105,2020,7.69
ksvr106,2014,6.71
ksvr106,2020,8.44
ksvr107,2014,6.36
ksvr107,2020,7.69
kwtr101,2014,7.21
kwtr102,2014,10.47
kwtr103,2014,11.0
laor101,2012,4.05
laor101,2017,5.66
laor102,2012,1.34
laor102,2017,2.22
laor103,2012,1.58
laor103,2017,1.18
laor104,2012,1.15
laor104,2017,2.99
laor105,2012,1.31
laor105,2017,2.2
laor106,2012,2.1
laor106,2017,2.4
laor107,2012,1.77
laor107,2017,2.88
laor108,2012,1.73
laor108,2017,2.84
laor109,2012,1.95
laor109,2017,3.31
laor110,2012,2.55
laor110,2017,2.85
laor111,2012,2.06
laor111,2017,2.73
laor112,2012,1.82
laor112,2017,2.87
laor113,2012,1.8
laor113,2017,2.45
laor114,2012,1.75
laor114,2017,2.8
laor115,2012,2.23
laor115,2017,2.25
laor116,2012,2.31
laor116,2017,3.06
laor117,2012,2.26
laor117,2017,3.08
lbnr101,2013,7.17
lbnr102,2013,7.28
lbnr103,2013,6.62
lbnr104,2013,6.67
lbnr105,2013,8.5
lbrr101,2013,1.48
lbrr101,2019,2.01
lbrr102,2013,1.17
lbrr102,2019,2.25
lbrr103,2013,1.06
lbrr103,2019,1.58
lbrr104,2013,1.37
lbrr104,2019,1.97
lbrr105,2013,0.6
lbrr105,2019,1.66
lbrr106,2013,1.91
lbrr106,2019,2.57
lbrr107,2013,2.25
lbrr107,2019,3.53
lbrr108,2013,0.84
lbrr108,2019,1.38
lbrr109,2013,2.19
lbrr109,2019,2.75
lbrr110,2013,2.8
lbrr110,2019,3.65
lbrr111,2013,4.2
lbrr111,2019,6.05
lbrr112,2013,1.73
lbrr112,2019,2.35
lbrr113,2013,0.98
lbrr113,2019,1.84
lbrr114,2013,2.13
lbrr114,2019,3.41
lbrr115,2013,2.34
lbrr115,2019,3.59
lbrr201,2007,4.26
lbrr201,2013,4.52
lbrr202,2007,1.62
lbrr202,2013,0.98
lbrr203,2007,1.33
lbrr203,2013,2.0
lbrr204,2007,1.15
lbrr204,2013,1.84
lbrr205,2007,2.15
lbrr205,2013,2.45
lbrr206,2007,0.82
lbrr206,2013,1.35
lbyr101,2014,5.88
lbyr102,2014,4.0
lbyr103,2014,3.67
lcar101,2012,7.5
lcar102,2012,6.36
lsor101,2004,2.76
lsor101,2010,3.39
lsor101,2014,3.67
lsor101,2018,3.79
lsor102,2004,2.84
lsor102,2010,3.54
lsor102,2014,3.69
lsor102,2018,4.8
lsor103,2004,3.06
lsor103,2010,4.38
lsor103,2014,4.65
lsor103,2018,4.72
lsor104,2004,3.81
lsor104,2010,4.11
lsor104,2014,5.33
lsor104,2018,5.5
lsor105,2004,2.91
lsor105,2010,3.43
lsor105,2014,3.77
lsor105,2018,4.52
lsor106,2004,2.54
lsor106,2010,3.34
lsor106,2014,2.89
lsor106,2018,3.75
lsor107,2004,2.19
lsor107,2010,2.45
lsor107,2014,3.09
lsor107,2018,3.71
lsor108,2004,2.46
lsor108,2010,2.76
lsor108,2014,2.84
lsor108,2018,3.97
lsor109,2004,2.25
lsor109,2010,2.72
lsor109,2014,2.54
lsor109,2018,3.76
lsor110,2004,2.03
lsor110,2010,2.13
lsor110,2014,2.59
lsor110,2018,2.94
marr101,1992,0.23
marr101,2003,0.97
marr101,2014,1.99
marr102,1992,0.14
marr102,2003,0.3
marr102,2014,3.17
marr103,1992,0.28
marr103,2003,0.77
marr103,2014,3.94
marr104,1992,0.0
marr104,2003,0.71
marr104,2014,1.15
marr105,1992,0.15
marr105,2003,0.33
marr105,2014,0.87
marr106,1992,0.09
marr106,2003,0.28
marr106,2014,2.18
marr107,1992,0.06
marr107,2003,0.36
marr107,2014,1.47
mdar101,2005,6.76
mdar101,2012,8.73
mdar102,2005,6.75
mdar102,2012,8.57
mdar103,2005,6.75
mdar103,2012,9.15
mdar104,2005,11.57
mdar104,2012,12.04
mdgr101,2009,4.96
mdgr101,2018,5.86
mdgr102,2009,3.07
mdgr102,2018,3.78
mdgr103,2009,2.57
mdgr103,2018,3.53
mdgr104,2009,2.73
mdgr104,2018,3.35
mdgr105,2009,3.27
mdgr105,2018,4.38
mdgr106,2009,2.64
mdgr106,2018,4.36
mdgr107,2009,1.62
mdgr107,2018,3.08
mdgr108,2009,1.38
mdgr108,2018,2.77
mdgr109,2009,0.99
mdgr109,2018,1.89
mdgr110,2009,2.25
mdgr110,2018,3.65
mdgr111,2009,0.96
mdgr111,2018,2.05
mdgr112,2009,2.73
mdgr112,2018,3.53
mdgr113,2009,2.96
mdgr113,2018,3.8
mdgr114,2009,1.88
mdgr114,2018,2.73
mdgr115,2009,2.35
mdgr115,2018,2.69
mdgr116,2009,1.49
mdgr116,2018,2.51
mdgr117,2009,1.31
mdgr117,2018,1.63
mdgr118,2009,0.25
mdgr118,2018,0.95
mdgr119,2009,1.12
mdgr119,2018,2.19
mdgr120,2009,2.66
mdgr120,2018,3.32
mdgr121,2009,1.72
mdgr121,2018,4.56
mdgr122,2009,1.3
mdgr122,2018,2.92
mdgr201,1992,2.17
mdgr201,1997,2.81
mdgr201,2004,4.21
mdgr201,2009,4.02
mdgr201,2018,4.71
mdgr202,1992,0.81
mdgr202,1997,1.25
mdgr202,2004,2.16
mdgr202,2009,2.13
mdgr202,2018,3.47
mdgr203,1992,1.27
mdgr203,1997,1.2
mdgr203,2004,1.9
mdgr203,2009,1.9
mdgr203,2018,3.15
mdgr204,1992,0.45
mdgr204,1997,0.97
mdgr204,2004,1.7
mdgr204,2009,2.23
mdgr204,2018,2.98
mdgr205,1992,1.11
mdgr205,1997,0.41
mdgr205,2004,0.89
mdgr205,2009,1.24
mdgr205,2018,1.9
mdgr206,1992,0.68
mdgr206,1997,0.84
mdgr206,2004,1.14
mdgr206,2009,1.44
mdgr206,2018,3.85
mdvr101,2009,1.33
mdvr101,2017,2.23
mdvr102,2009,0.12
mdvr102,2017,1.07
mdvr103,2009,0.1
mdvr103,2017,1.11
mdvr104,2009,0.25
mdvr104,2017,0.19
mdvr105,2009,0.1
mdvr105,2017,1.22
mdvr106,2009,0.25
mdvr106,2017,1.56
mexr101,2000,3.9
mexr101,2010,5.09
mexr101,2015,6.14
mexr102,2000,4.69
mexr102,2010,5.48
mexr102,2015,6.66
mexr103,2000,4.52
mexr103,2010,6.46
mexr103,2015,6.56
mexr104,2000,2.87
mexr104,2010,4.29
mexr104,2015,4.51
mexr105,2000,4.75
mexr105,2010,5.32
mexr105,2015,6.65
mexr106,2000,3.1
mexr106,2010,4.77
mexr106,2015,5.75
mexr107,2000,2.07
mexr107,2010,2.23
mexr107,2015,2.9
mexr108,2000,4.16
mexr108,2010,5.14
mexr108,2015,5.93
mexr109,2000,6.43
mexr109,2010,7.78
mexr109,2015,8.67
mexr110,2000,3.48
mexr110,2010,4.72
mexr110,2015,5.24
mexr111,2000,2.43
mexr111,2010,3.28
mexr111,2015,3.79
mexr112,2000,1.79
mexr112,2010,2.44
mexr112,2015,3.5
mexr113,2000,2.6
mexr113,2010,3.59
mexr113,2015,4.24
mexr114,2000,3.78
mexr114,2010,4.71
mexr114,2015,5.73
mexr115,2000,3.93
mexr115,2010,5.11
mexr115,2015,6.09
mexr116,2000,2.32
mexr116,2010,3.45
mexr116,2015,3.93
mexr117,2000,3.94
mexr117,2010,5.77
mexr117,2015,5.79
mexr118,2000,2.61
mexr118,2010,3.84
mexr118,2015,4.53
mexr119,2000,4.99
mexr119,2010,6.2
mexr119,2015,6.91
mexr120,2000,1.9
mexr120,2010,2.4
mexr120,2015,3.0
mexr121,2000,2.87
mexr121,2010,4.25
mexr121,2015,4.29
mexr122,2000,2.99
mexr122,2010,5.0
mexr122,2015,5.74
mexr123,2000,3.63
mexr123,2010,4.58
mexr123,2015,6.06
mexr124,2000,2.8
mexr124,2010,3.49
mexr124,2015,4.3
mexr125,2000,2.91
mexr125,2010,3.9
mexr125,2015,5.29
mexr126,2000,4.05
mexr126,2010,5.26
mexr126,2015,5.97
mexr127,2000,2.96
mexr127,2010,3.48
mexr127,2015,5.06
mexr128,2000,4.11
mexr128,2010,5.35
mexr128,2015,5.8
mexr129,2000,2.96
mexr129,2010,4.04
mexr129,2015,4.61
mexr130,2000,2.87
mexr130,2010,3.53
mexr130,2015,4.2
mexr131,2000,3.57
mexr131,2010,4.54
mexr131,2015,4.76
mexr132,2000,2.57
mexr132,2010,3.46
mexr132,2015,4.05
mexr201,2000,3.77
mexr201,2010,4.79
mexr201,2015,5.4
mexr202,2000,3.62
mexr202,2010,4.62
mexr202,2015,5.2
mexr203,2000,2.64
mexr203,2010,3.85
mexr203,2015,5.37
mexr204,2000,5.21
mexr204,2010,6.35
mexr204,2015,6.94
mexr205,2000,2.65
mexr205,2010,3.25
mexr205,2015,5.01
mkdr101,2005,5.29
mkdr101,2011,9.72
mkdr101,2019,11.09
mkdr102,2005,4.76
mkdr102,2011,8.09
mkdr102,2019,9.83
mkdr103,2005,7.37
mkdr103,2011,8.27
mkdr103,2019,9.34
mkdr104,2005,4.15
mkdr104,2011,6.14
mkdr104,2019,8.73
mkdr105,2005,3.61
mkdr105,2011,7.7
mkdr105,2019,9.45
mkdr106,2005,4.23
mkdr106,2011,7.04
mkdr106,2019,8.22
mkdr107,2005,5.34
mkdr107,2011,6.4
mkdr107,2019,8.8
mkdr108,2005,5.04
mkdr108,2011,7.61
mkdr108,2019,9.66
mlir101,1995,0.21
mlir101,2001,0.21
mlir101,2006,0.19
mlir101,2013,0.43
mlir101,2018,0.51
mlir102,1995,0.08
mlir102,2001,0.21
mlir102,2006,0.14
mlir102,2013,0.84
mlir102,2018,1.26
mlir103,1995,0.04
mlir103,2001,0.14
mlir103,2006,0.14
mlir103,2013,0.36
mlir103,2018,0.56
mlir104,1995,0.28
mlir104,2001,0.1
mlir104,2006,0.22
mlir104,2013,0.45
mlir104,2018,0.66
mlir105,1995,0.09
mlir105,2001,0.11
mlir105,2006,0.3
mlir105,2013,0.55
mlir105,2018,0.38
mlir106,1995,0.57
mlir106,2001,0.29
mlir106,2006,0.26
mlir106,2018,0.55
mlir107,1995,0.5
mlir107,2001,0.34
mlir107,2006,0.64
mlir107,2018,0.73
mlir108,1995,1.03
mlir108,2001,2.16
mlir108,2006,1.92
mlir108,2013,3.55
mlir108,2018,3.79
mmrr101,2000,2.15
mmrr101,2016,3.22
mmrr102,2000,2.18
mmrr102,2016,2.73
mmrr103,2000,1.41
mmrr103,2016,2.81
mmrr104,2000,2.11
mmrr104,2016,3.35
mmrr105,2000,2.1
mmrr105,2016,2.32
mmrr106,2000,2.96
mmrr106,2016,3.42
mmrr107,2000,2.66
mmrr107,2016,3.89
mmrr108,2000,1.75
mmrr108,2016,2.73
mmrr109,2000,2.71
mmrr109,2016,3.2
mmrr110,2000,2.1
mmrr110,2016,3.11
mmrr111,2000,2.37
mmrr111,2016,2.43
mmrr112,2000,4.67
mmrr112,2016,5.4
mmrr113,2000,1.32
mmrr113,2016,1.41
mmrr114,2000,2.17
mmrr114,2016,2.98
mner101,2005,9.49
mner101,2013,7.3
mner101,2018,11.1
mner102,2005,9.43
mner102,2013,9.94
mner102,2018,11.24
mner103,2005,5.9
mner103,2013,10.07
mner103,2018,9.35
mngr101,2005,3.91
mngr101,2010,5.66
mngr101,2018,6.39
mngr102,2005,4.93
mngr102,2010,5.24
mngr102,2018,8.1
mngr103,2005,5.77
mngr103,2010,7.02
mngr103,2018,8.46
mngr104,2005,4.22
mngr104,2010,6.12
mngr104,2018,7.51
mngr105,2005,8.96
mngr105,2010,9.23
mngr105,2018,10.64
mozr101,1997,0.32
mozr101,2003,0.28
mozr101,2011,1.1
mozr102,1997,0.24
mozr102,2003,0.39
mozr102,2011,0.53
mozr103,1997,0.41
mozr103,2003,0.62
mozr103,2011,1.05
mozr104,1997,0.39
mozr104,2003,0.59
mozr104,2011,1.19
mozr105,1997,0.36
mozr105,2003,0.52
mozr105,2011,0.78
mozr106,1997,0.57
mozr106,2003,0.91
mozr106,2011,1.14
mozr107,1997,0.53
mozr107,2003,0.64
mozr107,2011,1.54
mozr108,1997,0.83
mozr108,2003,0.78
mozr108,2011,0.89
mozr109,1997,0.48
mozr109,2003,0.69
mozr109,2011,1.07
mozr110,1997,1.95
mozr110,2003,1.61
mozr110,2011,1.74
mozr111,1997,2.28
mozr111,2003,2.68
mozr111,2011,3.92
mrtr101,2001,2.43
mrtr101,2007,1.99
mrtr101,2011,3.0
mrtr101,2015,1.45
mrtr102,2001,1.95
mrtr102,2007,1.32
mrtr102,2011,2.19
mrtr102,2015,1.54
mrtr103,2001,1.78
mrtr103,2007,2.45
mrtr103,2011,3.17
mrtr103,2015,1.09
mrtr104,2001,0.57
mrtr104,2007,1.04
mrtr104,2011,1.23
mrtr104,2015,0.96
mrtr105,2001,1.17
mrtr105,2007,1.42
mrtr105,2011,2.43
mrtr105,2015,0.75
mrtr106,2001,2.42
mrtr106,2007,3.39
mrtr106,2011,3.99
mrtr106,2015,2.36
mrtr107,2001,1.9
mrtr107,2007,2.17
mrtr107,2011,3.1
mrtr107,2015,1.6
mrtr108,2001,1.91
mrtr108,2007,2.82
mrtr108,2011,3.77
mrtr108,2015,2.67
mrtr109,2001,2.41
mrtr109,2007,1.6
mrtr109,2011,3.44
mrtr109,2015,1.76
mrtr110,2001,0.85
mrtr110,2007,1.98
mrtr110,2011,1.68
mrtr110,2015,0.52
mrtr111,2001,1.88
mrtr111,2007,1.75
mrtr111,2011,3.37
mrtr111,2015,2.28
mrtr112,2001,2.13
mrtr112,2007,2.73
mrtr112,2015,1.44
musr101,2013,6.86
musr102,2013,7.05
musr103,2013,4.65
mwir101,1992,2.63
mwir101,2000,2.74
mwir101,2004,2.89
mwir101,2010,3.28
mwir101,2016,4.49
mwir101,2020,5.43
mwir102,1992,2.56
mwir102,2000,1.98
mwir102,2004,1.99
mwir102,2010,2.78
mwir102,2016,3.27
mwir102,2020,3.71
mwir103,1992,1.0
mwir103,2000,0.53
mwir103,2004,0.91
mwir103,2010,1.57
mwir103,2016,1.59
mwir103,2020,1.78
mwir104,1992,0.81
mwir104,2000,0.66
mwir104,2004,0.66
mwir104,2010,0.45
mwir104,2016,1.28
mwir104,2020,1.26
mwir105,1992,2.66
mwir105,2000,3.19
mwir105,2004,2.74
mwir105,2010,2.82
mwir105,2016,4.43
mwir105,2020,4.59
mwir106,1992,1.32
mwir106,2000,1.39
mwir106,2004,1.17
mwir106,2010,1.77
mwir106,2016,1.65
mwir106,2020,2.63
mwir107,1992,1.88
mwir107,2000,1.55
mwir107,2004,1.58
mwir107,2010,1.91
mwir107,2016,2.7
mwir107,2020,2.94
mwir108,1992,1.85
mwir108,2000,1.27
mwir108,2004,1.97
mwir108,2010,1.92
mwir108,2016,2.71
mwir108,2020,3.15
mwir109,1992,1.19
mwir109,2000,1.66
mwir109,2004,1.61
mwir109,2010,2.32
mwir109,2016,3.69
mwir109,2020,2.42
mwir110,1992,1.29
mwir110,2000,1.35
mwir110,2004,1.62
mwir110,2010,1.57
mwir110,2016,2.64
mwir110,2020,2.52
mwir111,1992,1.8
mwir111,2000,2.33
mwir111,2004,2.88
mwir111,2010,3.54
mwir111,2016,4.12
mwir111,2020,4.72
mwir112,1992,1.71
mwir112,2000,1.56
mwir112,2004,1.45
mwir112,2010,2.15
mwir112,2016,2.64
mwir112,2020,2.75
mwir113,1992,1.87
mwir113,2000,1.32
mwir113,2004,1.38
mwir113,2010,1.88
mwir113,2016,2.26
mwir113,2020,2.59
mysr101,2000,3.48
mysr102,2000,3.03
mysr103,2000,1.96
mysr104,2000,3.67
mysr105,2000,4.44
mysr106,2000,3.59
mysr107,2000,4.56
mysr108,2000,4.14
mysr109,2000,3.45
mysr110,2000,4.69
mysr111,2000,1.97
mysr112,2000,2.32
mysr113,2000,2.02
mysr114,2000,5.35
mysr115,2000,2.82
mysr201,2011,7.01
mysr202,2011,8.1
mysr203,2011,7.25
mysr204,2011,6.86
mysr205,2011,4.82
namr101,2000,1.35
namr101,2006,1.37
namr101,2013,3.5
namr102,2000,7.77
namr102,2006,7.8
namr102,2013,6.9
namr103,2000,3.1
namr103,2006,3.14
namr103,2013,5.31
namr104,2000,5.0
namr104,2006,4.55
namr104,2013,4.67
namr105,2000,3.88
namr105,2006,6.47
namr105,2013,9.16
namr106,2000,1.4
namr106,2006,1.31
namr106,2013,2.4
namr107,2000,1.71
namr107,2006,1.38
namr107,2013,1.81
namr108,2000,1.4
namr108,2006,1.28
namr108,2013,1.7
namr109,2000,1.7
namr109,2006,2.84
namr109,2013,3.12
namr110,2000,1.75
namr110,2006,2.42
namr110,2013,3.19
namr111,2000,2.74
namr111,2006,2.74
namr111,2013,3.09
namr112,2000,3.09
namr112,2006,2.88
namr112,2013,4.18
namr113,2000,2.75
namr113,2006,3.63
namr113,2013,4.29
namr201,1992,1.13
namr202,1992,0.78
namr203,1992,1.49
namr204,1992,3.77
nerr101,1998,0.0
nerr101,2006,0.33
nerr101,2012,0.32
nerr102,1998,0.21
nerr102,2006,0.15
nerr102,2012,0.25
nerr103,1998,0.02
nerr103,2006,0.03
nerr103,2012,0.15
nerr104,1998,0.04
nerr104,2006,0.09
nerr104,2012,0.12
nerr105,1998,0.17
nerr105,2006,0.24
nerr105,2012,0.75
nerr106,1998,0.0
nerr106,2006,0.09
nerr106,2012,0.07
nerr107,1998,0.0
nerr107,2006,0.05
nerr107,2012,0.12
ngar101,1999,2.13
ngar101,2003,3.86
ngar101,2008,4.16
ngar101,2013,3.7
ngar101,2018,4.45
ngar102,1999,1.47
ngar102,2003,2.29
ngar102,2008,3.06
ngar102,2013,4.97
ngar102,2018,4.17
ngar103,1999,0.0
ngar103,2003,0.38
ngar103,2008,0.16
ngar103,2013,0.97
ngar103,2018,1.2
ngar104,1999,1.48
ngar104,2003,1.67
ngar104,2008,4.6
ngar104,2013,4.19
ngar104,2018,5.24
ngar105,1999,1.26
ngar105,2003,1.07
ngar105,2008,1.56
ngar105,2013,2.51
ngar105,2018,3.11
ngar106,1999,1.7
ngar106,2003,0.83
ngar106,2008,0.12
ngar106,2013,0.61
ngar106,2018,2.38
ngar107,1999,3.2
ngar107,2003,1.71
ngar107,2008,2.43
ngar107,2013,2.63
ngar107,2018,5.38
ngar108,1999,1.08
ngar108,2003,0.98
ngar108,2008,0.73
ngar108,2013,1.29
ngar108,2018,2.09
ngar109,1999,2.46
ngar109,2003,4.24
ngar109,2008,3.51
ngar109,2013,4.27
ngar109,2018,4.8
ngar110,1999,0.24
ngar110,2003,1.19
ngar110,2008,1.49
ngar110,2013,1.89
ngar110,2018,3.45
ngar111,1999,0.65
ngar111,2003,0.42
ngar111,2008,0.61
ngar111,2013,0.84
ngar111,2018,1.81
ngar112,1999,0.56
ngar112,2003,0.62
ngar112,2008,0.41
ngar112,2013,0.54
ngar112,2018,1.42
ngar113,1999,0.85
ngar113,2003,0.65
ngar113,2008,1.94
ngar113,2013,2.67
ngar113,2018,2.44
ngar114,1999,3.89
ngar114,2003,5.84
ngar114,2008,5.94
ngar114,2013,6.78
ngar114,2018,9.02
ngar115,1999,0.87
ngar115,2003,0.55
ngar115,2008,0.59
ngar115,2013,0.7
ngar115,2018,2.34
ngar116,1999,1.71
ngar116,2003,2.2
ngar116,2008,2.06
ngar116,2013,2.9
ngar116,2018,5.22
ngar117,1999,1.21
ngar117,2003,2.7
ngar117,2008,2.96
ngar117,2013,4.22
ngar117,2018,4.62
ngar118,1999,1.95
ngar118,2003,1.19
ngar118,2008,2.2
ngar118,2013,2.37
ngar118,2018,5.21
ngar119,1999,1.25
ngar119,2003,2.23
ngar119,2008,0.82
ngar119,2013,1.79
ngar119,2018,3.93
ngar120,1999,2.07
ngar120,2003,3.06
ngar120,2008,3.74
ngar120,2013,6.12
ngar120,2018,6.06
ngar121,1999,0.0
ngar121,2003,0.36
ngar121,2008,0.19
ngar121,2013,0.24
ngar121,2018,0.5
ngar122,1999,1.87
ngar122,2003,2.32
ngar122,2008,3.48
ngar122,2013,4.51
ngar122,2018,5.47
ngar123,1999,3.71
ngar123,2003,2.26
ngar123,2008,3.91
ngar123,2013,4.67
ngar123,2018,6.21
ngar124,1999,0.93
ngar124,2003,2.75
ngar124,2008,2.26
ngar124,2013,2.27
ngar124,2018,3.47
ngar125,1999,0.26
ngar125,2003,0.0
ngar125,2008,0.34
ngar125,2013,0.24
ngar125,2018,1.14
ngar126,1999,0.18
ngar126,2003,0.0
ngar126,2008,0.37
ngar126,2013,0.75
ngar126,2018,0.5
ngar127,1999,1.2
ngar127,2003,1.33
ngar127,2008,1.79
ngar127,2013,2.02
ngar127,2018,2.14
ngar128,1999,1.57
ngar128,2003,1.46
ngar128,2008,2.78
ngar128,2013,3.23
ngar128,2018,4.35
ngar129,1999,0.44
ngar129,2003,0.13
ngar129,2008,1.01
ngar129,2013,1.46
ngar129,2018,2.47
ngar130,1999,1.34
ngar130,2003,0.38
ngar130,2008,0.37
ngar130,2013,0.25
ngar130,2018,0.88
ngar131,1999,6.5
ngar131,2003,3.29
ngar131,2008,3.34
ngar131,2013,4.77
ngar131,2018,6.97
ngar132,1999,1.39
ngar132,2003,0.8
ngar132,2008,1.38
ngar132,2013,1.7
ngar132,2018,2.66
ngar133,1999,1.72
ngar133,2003,1.99
ngar133,2008,2.94
ngar133,2013,4.15
ngar133,2018,5.19
ngar134,1999,1.35
ngar134,2003,0.46
ngar134,2008,1.48
ngar134,2013,1.38
ngar134,2018,1.59
ngar135,1999,0.29
ngar135,2003,1.26
ngar135,2008,1.47
ngar135,2013,1.61
ngar135,2018,2.98
ngar136,1999,0.0
ngar136,2003,0.35
ngar136,2008,0.28
ngar136,2013,0.45
ngar136,2018,1.16
ngar137,1999,2.12
ngar137,2003,1.16
ngar137,2008,4.52
ngar137,2013,6.28
ngar137,2018,4.23
nicr101,1998,2.64
nicr101,2001,3.04
nicr101,2007,3.65
nicr101,2012,4.21
nicr102,1998,1.42
nicr102,2001,1.39
nicr102,2007,4.26
nicr102,2012,2.77
nicr103,1998,1.31
nicr103,2001,1.31
nicr103,2007,3.0
nicr103,2012,2.5
nplr101,1996,0.71
nplr101,2001,0.43
nplr101,2006,0.71
nplr101,2011,1.0
nplr101,2016,1.18
nplr102,1996,0.53
nplr102,2001,0.5
nplr102,2006,0.91
nplr102,2011,1.06
nplr102,2016,1.47
nplr103,1996,0.41
nplr103,2001,0.25
nplr103,2006,0.44
nplr103,2011,1.01
nplr103,2016,1.21
nplr104,1996,0.23
nplr104,2001,0.28
nplr104,2006,0.51
nplr104,2011,0.46
nplr104,2016,0.8
nplr105,1996,0.49
nplr105,2001,0.25
nplr105,2006,0.64
nplr105,2011,0.91
nplr105,2016,0.81
pakr101,1991,0.85
pakr101,2007,1.57
pakr101,2012,2.16
pakr101,2018,2.82
pakr102,1991,1.12
pakr102,2007,1.85
pakr102,2012,3.18
pakr102,2018,3.15
pakr103,1991,0.79
pakr103,2007,1.15
pakr103,2012,1.77
pakr103,2018,1.61
pakr104,1991,0.46
pakr104,2007,0.83
pakr104,2012,1.02
pakr104,2018,1.47
pakr105,1991,2.77
pakr105,2007,4.33
pakr105,2012,7.53
pakr105,2018,6.04
pakr106,2012,0.91
pakr106,2018,1.61
pakr107,2018,3.01
pakr108,2018,1.01
panr101,2013,4.2
panr102,2013,5.82
panr103,2013,7.88
panr104,2013,6.33
panr105,2013,3.05
panr106,2013,5.95
panr107,2013,5.8
panr108,2013,9.01
panr109,2013,4.03
panr110,2013,1.94
panr111,2013,1.25
panr112,2013,0.83
panr201,2007,8.86
panr201,2012,9.14
panr202,2007,6.89
panr202,2012,7.68
panr203,2007,5.66
panr203,2012,6.01
panr204,2007,5.16
panr204,2012,6.73
perr101,1996,2.56
perr101,2000,4.12
perr101,2004,4.39
perr101,2006,3.45
perr101,2008,4.29
perr101,2009,4.03
perr101,2010,4.68
perr101,2011,4.24
perr101,2012,4.17
perr102,1996,3.26
perr102,2000,3.93
perr102,2004,3.78
perr102,2006,3.54
perr102,2008,4.15
perr102,2009,3.85
perr102,2010,4.11
perr102,2011,4.24
perr102,2012,4.53
perr103,1996,1.75
perr103,2000,2.35
perr103,2004,2.46
perr103,2006,2.61
perr103,2008,2.45
perr103,2009,2.63
perr103,2010,3.0
perr103,2011,2.85
perr103,2012,3.11
perr104,1996,3.98
perr104,2000,4.97
perr104,2004,4.97
perr104,2006,5.21
perr104,2008,5.29
perr104,2009,4.58
perr104,2010,5.44
perr104,2011,5.65
perr104,2012,5.65
perr105,1996,5.8
perr105,2000,6.92
perr105,2004,7.85
perr105,2006,7.21
perr105,2008,7.45
perr105,2009,6.76
perr105,2010,7.19
perr105,2011,7.71
perr105,2012,7.56
perr106,1996,2.85
perr106,2000,3.19
perr106,2004,2.63
perr106,2006,2.85
perr106,2008,3.61
perr106,2009,3.13
perr106,2010,3.76
perr106,2011,4.01
perr106,2012,3.78
phlr101,1998,5.45
phlr101,2003,9.34
phlr101,2008,9.79
phlr101,2013,9.69
phlr101,2017,11.2
phlr102,1998,4.93
phlr102,2003,5.08
phlr102,2008,5.37
phlr102,2013,6.92
phlr102,2017,8.27
phlr103,1998,5.64
phlr103,2003,5.88
phlr103,2008,7.24
phlr103,2013,7.84
phlr103,2017,8.64
phlr104,1998,5.77
phlr104,2003,5.11
phlr104,2008,6.23
phlr104,2013,6.68
phlr104,2017,7.2
phlr105,1998,5.26
phlr105,2003,5.8
phlr105,2008,6.34
phlr105,2013,7.16
phlr105,2017,8.19
phlr106,1998,5.18
phlr106,2003,6.41
phlr106,2008,7.22
phlr106,2013,7.94
phlr106,2017,8.34
phlr107,1998,4.55
phlr107,2003,4.41
phlr107,2008,5.16
phlr107,2013,6.01
phlr107,2017,7.32
phlr108,1998,4.68
phlr108,2003,5.47
phlr108,2008,6.57
phlr108,2013,7.1
phlr108,2017,7.87
phlr109,1998,4.81
phlr109,2003,5.43
phlr109,2008,6.33
phlr109,2013,6.9
phlr109,2017,7.63
phlr110,1998,5.71
phlr110,2003,6.1
phlr110,2008,6.26
phlr110,2013,6.5
phlr110,2017,7.34
phlr111,1998,4.89
phlr111,2003,4.85
phlr111,2008,7.25
phlr111,2013,7.22
phlr111,2017,7.01
phlr112,1998,5.05
phlr112,2003,4.81
phlr112,2008,6.46
phlr112,2013,5.97
phlr112,2017,6.67
phlr113,1998,8.93
phlr113,2003,6.45
phlr113,2008,6.71
phlr113,2013,6.83
phlr113,2017,8.22
phlr114,1998,4.13
phlr114,2003,5.2
phlr114,2008,5.55
phlr114,2013,6.59
phlr114,2017,7.36
phlr115,1998,2.22
phlr115,2003,4.62
phlr115,2008,4.81
phlr115,2013,6.64
phlr115,2017,6.98
phlr116,1998,5.29
phlr116,2003,5.95
phlr116,2008,6.12
phlr116,2013,6.46
phlr116,2017,7.41
phlr117,2003,3.34
phlr117,2008,3.32
phlr117,2013,3.78
phlr117,2017,3.55
pngr101,2017,2.69
pngr102,2017,3.05
pngr103,2017,3.49
pngr104,2017,7.69
pngr105,2017,3.46
pngr106,2017,4.12
pngr107,2017,0.63
pngr108,2017,0.75
pngr109,2017,1.14
pngr110,2017,1.4
pngr111,2017,1.75
pngr112,2017,2.92
pngr113,2017,3.0
pngr114,2017,2.51
pngr115,2017,2.56
pngr116,2017,6.1
pngr117,2017,6.22
pngr118,2017,5.73
pngr119,2017,4.28
pngr120,2017,4.58
pngr121,2017,0.54
pngr122,2017,1.28
pryr101,2002,3.41
pryr101,2007,3.26
pryr101,2012,5.83
pryr102,2002,3.37
pryr102,2007,6.45
pryr102,2012,5.74
pryr103,2002,3.51
pryr103,2007,4.13
pryr103,2012,4.96
pryr104,2002,3.53
pryr104,2007,7.29
pryr104,2012,5.32
pryr105,2002,6.11
pryr105,2007,7.69
pryr105,2012,8.62
pser101,2010,3.86
pser101,2014,5.37
pser101,2019,6.89
pser102,2010,4.5
pser102,2014,5.88
pser102,2019,7.18
pser103,2010,4.99
pser103,2014,6.13
pser103,2019,6.13
pser104,2010,3.9
pser104,2014,4.52
pser104,2019,6.21
pser105,2010,5.89
pser105,2014,6.24
pser105,2019,8.84
pser106,2010,4.88
pser106,2014,7.48
pser106,2019,8.03
qatr101,2012,8.56
qatr102,2012,5.5
qatr103,2012,5.95
qatr104,2012,5.66
qatr105,2012,3.47
qatr106,2012,0.0
qatr107,2012,5.2
rwar101,1992,0.58
rwar101,2000,2.41
rwar101,2005,2.29
rwar101,2010,2.57
rwar101,2015,3.56
rwar101,2020,4.29
rwar102,1992,0.69
rwar102,2000,0.86
rwar102,2005,1.11
rwar102,2010,1.55
rwar102,2015,1.79
rwar102,2020,2.11
rwar103,1992,0.66
rwar103,2000,0.8
rwar103,2005,0.85
rwar103,2010,1.32
rwar103,2015,1.75
rwar103,2020,2.04
rwar104,1992,0.52
rwar104,2000,0.93
rwar104,2005,0.83
rwar104,2010,1.08
rwar104,2015,1.58
rwar104,2020,1.89
rwar105,1992,0.57
rwar105,2000,1.01
rwar105,2005,1.1
rwar105,2010,1.66
rwar105,2015,1.73
rwar105,2020,2.27
saur101,2011,2.3
saur102,2011,5.81
saur103,2011,4.27
saur104,2011,2.97
saur105,2011,3.93
sdnr101,2000,1.02
sdnr101,2008,0.95
sdnr101,2010,1.55
sdnr101,2014,2.16
sdnr102,2000,1.1
sdnr102,2008,1.13
sdnr102,2010,1.37
sdnr102,2014,2.23
sdnr103,2000,0.49
sdnr103,2008,1.08
sdnr103,2010,1.77
sdnr103,2014,2.54
sdnr104,2000,0.25
sdnr104,2008,0.6
sdnr104,2010,1.11
sdnr104,2014,0.9
sdnr105,2000,0.62
sdnr105,2008,0.71
sdnr105,2010,1.73
sdnr105,2014,0.71
sdnr106,2000,1.29
sdnr106,2008,3.52
sdnr106,2010,3.37
sdnr106,2014,3.04
sdnr107,2000,0.86
sdnr107,2008,1.49
sdnr107,2010,1.83
sdnr107,2014,1.85
sdnr108,2000,0.74
sdnr108,2008,0.96
sdnr108,2010,1.38
sdnr108,2014,0.94
sdnr109,2000,0.64
sdnr109,2008,0.67
sdnr109,2010,1.7
sdnr109,2014,1.25
sdnr110,2000,0.9
sdnr110,2008,0.29
sdnr110,2010,1.24
sdnr110,2014,0.53
sdnr111,2000,0.78
sdnr111,2008,0.39
sdnr111,2010,0.78
sdnr111,2014,0.81
sdnr112,2000,0.84
sdnr112,2008,0.65
sdnr112,2010,0.76
sdnr112,2014,0.98
sdnr113,2000,0.66
sdnr113,2008,0.89
sdnr113,2010,1.39
sdnr113,2014,0.42
sdnr114,2000,0.67
sdnr114,2008,0.36
sdnr114,2010,1.3
sdnr114,2014,0.48
sdnr115,2000,0.54
sdnr115,2008,0.58
sdnr115,2010,1.35
sdnr115,2014,0.62
senr101,1992,1.13
senr101,2005,1.49
senr101,2011,3.41
senr101,2012,2.52
senr101,2014,2.54
senr101,2015,2.2
senr101,2016,2.2
senr101,2017,3.71
senr101,2018,4.43
senr101,2019,4.01
senr102,1992,0.43
senr102,2005,0.72
senr102,2011,1.21
senr102,2012,1.42
senr102,2014,0.87
senr102,2015,1.72
senr102,2016,1.72
senr102,2017,2.15
senr102,2018,1.89
senr102,2019,2.0
senr103,1992,0.0
senr103,2005,0.06
senr103,2011,0.21
senr103,2012,0.13
senr103,2014,0.09
senr103,2015,0.31
senr103,2016,0.31
senr103,2017,0.27
senr103,2018,0.31
senr103,2019,0.18
senr104,1992,0.26
senr104,2005,0.4
senr104,2011,0.43
senr104,2012,0.83
senr104,2014,0.66
senr104,2015,0.58
senr104,2016,0.58
senr104,2017,0.58
senr104,2018,0.32
senr104,2019,0.56
senr105,1992,0.04
senr105,2005,0.22
senr105,2011,0.28
senr105,2012,0.28
senr105,2014,0.6
senr105,2015,0.38
senr105,2016,0.38
senr105,2017,0.4
senr105,2018,0.25
senr105,2019,0.88
senr106,1992,0.13
senr106,2005,0.23
senr106,2011,0.5
senr106,2012,0.35
senr106,2014,0.32
senr106,2015,0.57
senr106,2016,0.57
senr106,2017,0.59
senr106,2018,0.29
senr106,2019,0.98
senr107,1992,0.19
senr107,2005,0.44
senr107,2011,0.84
senr107,2012,0.32
senr107,2014,1.25
senr107,2015,1.49
senr107,2016,1.49
senr107,2017,1.36
senr107,2018,1.2
senr107,2019,1.92
senr108,1992,0.17
senr108,2005,0.1
senr108,2011,0.06
senr108,2012,0.41
senr108,2014,0.28
senr108,2015,0.23
senr108,2016,0.23
senr108,2017,0.29
senr108,2018,0.23
senr108,2019,0.58
senr109,1992,0.2
senr109,2005,0.25
senr109,2011,0.34
senr109,2012,0.44
senr109,2014,0.62
senr109,2015,0.72
senr109,2016,0.72
senr109,2017,0.8
senr109,2018,0.54
senr109,2019,1.15
senr110,1992,0.05
senr110,2005,0.13
senr110,2011,0.45
senr110,2012,0.32
senr110,2014,0.44
senr110,2015,0.49
senr110,2016,0.49
senr110,2017,0.47
senr110,2018,0.47
senr110,2019,0.7
sler101,2008,0.6
sler101,2013,0.85
sler101,2017,1.15
sler101,2019,0.95
sler102,2008,0.07
sler102,2013,0.17
sler102,2017,0.5
sler102,2019,0.71
sler103,2008,0.08
sler103,2013,0.23
sler103,2017,0.14
sler103,2019,0.57
sler104,2008,0.86
sler104,2013,0.46
sler104,2017,1.04
sler104,2019,1.06
sler105,2008,0.35
sler105,2013,0.4
sler105,2017,0.48
sler105,2019,0.69
sler106,2008,0.62
sler106,2013,0.65
sler106,2017,1.12
sler106,2019,1.2
sler107,2008,0.79
sler107,2013,1.23
sler107,2017,1.34
sler107,2019,1.55
sler108,2008,0.79
sler108,2013,0.76
sler108,2017,1.42
sler108,2019,1.29
sler109,2008,0.82
sler109,2013,0.93
sler109,2017,1.65
sler109,2019,2.23
sler110,2008,0.35
sler110,2013,1.06
sler110,2017,1.27
sler110,2019,1.38
sler111,2008,0.71
sler111,2013,1.0
sler111,2017,1.01
sler111,2019,1.5
sler112,2008,0.26
sler112,2013,0.77
sler112,2017,1.04
sler112,2019,1.4
sler113,2008,2.23
sler113,2013,2.24
sler113,2017,2.36
sler113,2019,3.41
sler114,2008,4.52
sler114,2013,3.64
sler114,2017,5.15
sler114,2019,4.47
slvr101,2007,4.27
slvr101,2012,4.36
slvr101,2014,2.95
slvr102,2007,6.47
slvr102,2012,6.58
slvr102,2014,4.93
slvr103,2007,4.48
slvr103,2012,3.66
slvr103,2014,2.04
slvr104,2007,3.4
slvr104,2012,3.33
slvr104,2014,2.11
somr101,2006,1.57
somr101,2011,1.03
somr102,2006,0.24
somr102,2011,0.76
somr103,2006,2.23
somr103,2011,0.44
somr104,2006,0.98
somr104,2011,0.64
somr105,2006,0.27
somr105,2011,0.64
somr106,2006,0.87
somr106,2011,0.42
somr107,2006,0.65
somr107,2011,0.46
somr108,2006,0.78
somr108,2011,0.95
somr109,2006,0.59
somr110,2006,1.25
somr111,2006,0.97
somr112,2006,0.0
somr113,2006,0.63
somr114,2006,0.51
somr115,2006,0.66
somr116,2006,1.83
somr117,2006,0.55
somr118,2006,0.97
srbr101,2005,10.33
srbr101,2010,10.91
srbr101,2014,11.08
srbr101,2019,11.96
srbr102,2005,7.23
srbr102,2010,8.03
srbr102,2014,8.61
srbr102,2019,9.76
srbr103,2005,5.95
srbr103,2010,6.75
srbr103,2014,7.97
srbr103,2019,9.31
srbr104,2005,6.03
srbr104,2010,7.21
srbr104,2014,7.75
srbr104,2019,9.2
ssdr101,2008,0.37
ssdr101,2010,0.71
ssdr102,2008,0.52
ssdr102,2010,0.1
ssdr103,2008,0.16
ssdr103,2010,0.1
ssdr104,2008,0.22
ssdr104,2010,0.54
ssdr105,2008,0.18
ssdr105,2010,0.09
ssdr106,2008,1.42
ssdr106,2010,1.32
ssdr107,2008,0.41
ssdr107,2010,0.15
ssdr108,2008,1.01
ssdr108,2010,0.84
ssdr109,2008,1.65
ssdr109,2010,2.15
ssdr110,2008,0.54
ssdr110,2010,0.34
stpr101,2000,1.24
stpr101,2009,2.17
stpr101,2014,3.11
stpr101,2019,3.73
stpr102,2000,1.81
stpr102,2009,1.9
stpr102,2014,1.75
stpr102,2019,2.3
stpr103,2000,1.05
stpr103,2009,2.04
stpr103,2014,2.04
stpr103,2019,3.1
stpr104,2000,1.34
stpr104,2009,2.1
stpr104,2014,2.69
stpr104,2019,2.83
surr101,2006,6.12
surr101,2010,6.58
surr101,2018,7.68
surr102,2006,3.25
surr102,2010,4.21
surr102,2018,5.44
surr103,2006,3.46
surr103,2010,4.27
surr103,2018,5.14
surr104,2006,2.18
surr104,2010,3.62
surr104,2018,4.77
surr105,2006,0.6
surr105,2010,1.31
surr105,2018,1.48
swzr101,2000,2.62
swzr101,2006,2.99
swzr101,2010,3.31
swzr101,2014,4.67
swzr102,2000,3.52
swzr102,2006,3.64
swzr102,2010,4.5
swzr102,2014,4.98
swzr103,2000,2.08
swzr103,2006,2.1
swzr103,2010,3.06
swzr103,2014,3.84
swzr104,2000,1.81
swzr104,2006,1.79
swzr104,2010,2.41
swzr104,2014,2.2
syrr101,2006,4.88
syrr102,2006,3.47
syrr103,2006,3.02
syrr104,2006,2.46
syrr105,2006,1.93
syrr106,2006,3.33
syrr107,2006,1.75
syrr108,2006,1.98
syrr109,2006,1.2
syrr110,2006,1.5
syrr111,2006,1.05
syrr112,2006,3.16
syrr113,2006,2.79
syrr114,2006,1.0
tcar101,2019,9.79
tcar102,2019,8.16
tcar103,2019,7.53
tcar104,2019,8.38
tcar105,2019,7.89
tcar106,2019,10.23
tcdr101,1997,0.7
tcdr101,2004,1.34
tcdr101,2010,2.43
tcdr101,2015,2.57
tcdr101,2019,2.28
tcdr102,1997,0.05
tcdr102,2004,0.03
tcdr102,2010,0.12
tcdr102,2015,0.07
tcdr102,2019,0.08
tcdr103,1997,0.01
tcdr103,2004,0.06
tcdr103,2010,0.14
tcdr103,2015,0.2
tcdr103,2019,0.36
tcdr104,1997,0.11
tcdr104,2004,0.02
tcdr104,2010,0.16
tcdr104,2015,0.12
tcdr104,2019,0.06
tcdr105,1997,0.11
tcdr105,2004,0.2
tcdr105,2010,0.27
tcdr105,2015,0.19
tcdr105,2019,0.2
tcdr106,1997,0.1
tcdr106,2004,0.14
tcdr106,2010,0.69
tcdr106,2015,0.8
tcdr106,2019,1.45
tcdr107,1997,0.04
tcdr107,2004,0.47
tcdr107,2010,0.7
tcdr107,2015,1.57
tcdr107,2019,1.63
tcdr108,1997,0.15
tcdr108,2004,0.4
tcdr108,2010,1.15
tcdr108,2015,1.6
tcdr108,2019,2.03
tgor101,1998,2.61
tgor101,2006,4.67
tgor101,2014,5.23
tgor101,2017,5.31
tgor102,1998,0.45
tgor102,2006,0.86
tgor102,2014,1.92
tgor102,2017,1.42
tgor103,1998,0.98
tgor103,2006,1.0
tgor103,2014,1.88
tgor103,2017,2.66
tgor104,1998,0.32
tgor104,2006,0.42
tgor104,2014,0.97
tgor104,2017,1.26
tgor105,1998,0.21
tgor105,2006,0.31
tgor105,2014,1.01
tgor105,2017,1.6
tgor106,1998,0.13
tgor106,2006,0.22
tgor106,2014,0.41
tgor106,2017,0.64
thar101,2006,6.11
thar101,2012,7.0
thar101,2017,7.99
thar101,2019,7.87
thar102,2006,3.9
thar102,2012,4.5
thar102,2017,4.57
thar102,2019,5.44
thar103,2006,3.18
thar103,2012,3.53
thar103,2017,3.72
thar103,2019,4.36
thar104,2006,3.94
thar104,2012,4.21
thar104,2017,4.23
thar104,2019,4.47
thar105,2006,3.25
thar105,2012,3.84
thar105,2017,4.21
thar105,2019,4.33
tjkr101,2000,9.35
tjkr101,2005,9.81
tjkr101,2012,10.38
tjkr101,2017,11.09
tjkr102,2000,5.38
tjkr102,2005,6.67
tjkr102,2012,7.81
tjkr102,2017,8.89
tjkr103,2000,6.17
tjkr103,2005,6.9
tjkr103,2012,8.68
tjkr103,2017,9.95
tjkr104,2000,4.57
tjkr104,2005,6.08
tjkr104,2012,7.69
tjkr104,2017,9.13
tjkr105,2000,8.81
tjkr105,2005,9.02
tjkr105,2012,10.44
tjkr105,2017,11.06
tkmr101,2006,10.77
tkmr101,2015,11.26
tkmr101,2019,12.53
tkmr102,2006,8.45
tkmr102,2015,10.54
tkmr102,2019,10.84
tkmr103,2006,8.23
tkmr103,2015,10.27
tkmr103,2019,11.29
tkmr104,2006,7.93
tkmr104,2015,10.07
tkmr104,2019,11.19
tkmr105,2006,8.08
tkmr105,2015,10.7
tkmr105,2019,11.09
tkmr106,2006,7.77
tkmr106,2015,10.28
tkmr106,2019,11.02
tlsr101,2009,0.2
tlsr101,2016,0.72
tlsr102,2009,0.22
tlsr102,2016,0.73
tlsr103,2009,0.23
tlsr103,2016,0.73
tlsr104,2009,0.22
tlsr104,2016,0.43
tlsr105,2009,0.37
tlsr105,2016,0.46
tlsr106,2009,1.44
tlsr106,2016,3.78
tlsr107,2009,0.2
tlsr107,2016,0.32
tlsr108,2009,0.48
tlsr108,2016,1.02
tlsr109,2009,0.46
tlsr109,2016,0.91
tlsr110,2009,0.35
tlsr110,2016,0.69
tlsr111,2009,0.42
tlsr111,2016,0.69
tlsr112,2009,0.38
tlsr112,2016,0.79
tlsr113,2009,0.15
tlsr113,2016,0.68
tonr101,2019,9.98
tonr102,2019,9.01
tonr103,2019,8.54
tonr104,2019,8.63
tonr105,2019,7.92
ttor101,2006,8.58
ttor101,2011,7.5
ttor102,2006,7.04
ttor102,2011,5.88
ttor103,2006,7.26
ttor103,2011,7.14
ttor104,2006,7.03
ttor104,2011,6.36
ttor105,2006,8.07
ttor105,2011,7.25
tunr101,2012,3.88
tunr101,2018,5.96
tunr102,2012,2.47
tunr102,2018,4.03
tunr103,2012,1.01
tunr103,2018,2.44
tunr104,2012,1.11
tunr104,2018,2.29
tunr105,2012,2.98
tunr105,2018,4.69
tunr106,2012,1.84
tunr106,2018,3.09
tunr107,2012,2.0
tunr107,2018,3.25
turr101,1993,4.09
turr101,1998,4.01
turr101,2003,4.12
turr101,2008,4.69
turr101,2013,5.21
turr102,1993,1.81
turr102,1998,2.53
turr102,2003,2.31
turr102,2008,3.69
turr102,2013,4.94
turr103,1993,2.26
turr103,1998,2.94
turr103,2003,3.14
turr103,2008,3.8
turr103,2013,4.57
turr104,1993,2.21
turr104,1998,3.08
turr104,2003,2.96
turr104,2008,3.11
turr104,2013,3.94
turr105,1993,2.77
turr105,1998,3.29
turr105,2003,3.57
turr105,2008,4.71
turr105,2013,5.23
turr106,1993,2.09
turr106,1998,1.73
turr106,2003,2.18
turr106,2008,2.77
turr106,2013,3.54
turr107,1993,1.6
turr107,1998,1.92
turr107,2003,2.03
turr107,2008,2.54
turr107,2013,2.75
turr108,1993,1.22
turr108,1998,1.63
turr108,2003,2.05
turr108,2008,2.36
turr108,2013,2.86
turr109,1993,1.19
turr109,1998,1.45
turr109,2003,1.58
turr109,2008,2.2
turr109,2013,2.53
turr110,1993,0.77
turr110,1998,1.64
turr110,2003,1.68
turr110,2008,1.93
turr110,2013,2.23
turr111,1993,0.97
turr111,1998,0.7
turr111,2003,1.4
turr111,2008,1.58
turr111,2013,2.2
turr112,1993,0.48
turr112,1998,0.71
turr112,2003,0.99
turr112,2008,1.36
turr112,2013,1.82
tuvr101,2019,6.9
tuvr102,2019,7.12
tuvr103,2019,7.58
tuvr104,2019,7.62
tuvr105,2019,8.34
tuvr106,2019,6.43
tuvr107,2019,8.75
tzar201,1992,0.78
tzar201,1996,0.35
tzar201,1999,0.88
tzar201,2004,0.65
tzar201,2010,1.44
tzar201,2015,2.07
tzar202,1992,0.89
tzar202,1996,0.83
tzar202,1999,0.89
tzar202,2004,0.88
tzar202,2010,1.38
tzar202,2015,2.36
tzar203,1992,2.08
tzar203,1996,2.71
tzar203,1999,3.29
tzar203,2004,2.7
tzar203,2010,3.77
tzar203,2015,4.41
tzar204,1992,1.4
tzar204,1996,1.48
tzar204,1999,2.27
tzar204,2004,2.27
tzar204,2010,2.52
tzar204,2015,3.28
tzar205,1992,0.93
tzar205,1996,1.16
tzar205,1999,1.78
tzar205,2004,1.83
tzar205,2010,3.42
tzar205,2015,3.29
tzar206,1992,0.77
tzar206,1996,1.05
tzar206,1999,0.38
tzar206,2004,0.87
tzar206,2010,1.52
tzar206,2015,2.0
tzar207,1992,1.39
tzar207,1996,2.54
tzar207,1999,2.51
tzar207,2004,3.06
tzar207,2010,3.84
tzar207,2015,6.8
tzar208,1992,0.69
tzar208,1996,1.44
tzar208,1999,1.05
tzar208,2004,1.31
tzar208,2010,1.89
tzar208,2015,2.53
tzar209,1992,0.92
tzar209,1996,0.81
tzar209,1999,0.7
tzar209,2004,1.58
tzar209,2010,1.67
tzar209,2015,2.29
tzar210,1992,2.01
tzar210,1996,2.55
tzar210,1999,2.09
tzar210,2004,2.5
tzar210,2010,3.11
tzar210,2015,3.14
tzar211,1992,0.7
tzar211,1996,1.07
tzar211,1999,0.58
tzar211,2004,0.93
tzar211,2010,2.06
tzar211,2015,2.48
tzar212,1992,0.64
tzar212,1996,0.85
tzar212,1999,1.1
tzar212,2004,1.0
tzar212,2010,1.0
tzar212,2015,2.44
tzar213,1992,0.56
tzar213,1996,1.06
tzar213,1999,0.56
tzar213,2004,0.95
tzar213,2010,1.77
tzar213,2015,2.26
tzar214,1992,0.95
tzar214,1996,0.57
tzar214,1999,0.64
tzar214,2004,1.03
tzar214,2010,1.24
tzar214,2015,1.6
tzar215,1992,0.66
tzar215,1996,1.0
tzar215,1999,1.35
tzar215,2004,1.02
tzar215,2010,1.72
tzar215,2015,1.33
tzar216,1992,0.45
tzar216,1996,0.35
tzar216,1999,0.52
tzar216,2004,1.43
tzar216,2010,1.26
tzar216,2015,1.69
tzar217,1992,0.41
tzar217,1996,0.44
tzar217,1999,0.43
tzar217,2004,0.74
tzar217,2010,1.18
tzar217,2015,2.0
tzar218,1992,1.55
tzar218,1996,1.47
tzar218,1999,2.22
tzar218,2004,2.39
tzar218,2010,2.47
tzar218,2015,2.84
tzar219,1992,0.54
tzar219,1996,0.83
tzar219,1999,1.13
tzar219,2004,2.24
tzar219,2010,1.77
tzar219,2015,2.07
tzar220,1992,0.78
tzar220,1996,1.17
tzar220,1999,0.78
tzar220,2004,1.29
tzar220,2010,1.87
tzar220,2015,2.35
tzar221,1992,0.3
tzar221,1996,0.44
tzar221,1999,0.37
tzar221,2004,0.78
tzar221,2010,0.78
tzar221,2015,1.79
tzar222,1992,1.5
tzar222,1996,2.13
tzar222,1999,1.51
tzar222,2004,2.22
tzar222,2010,2.37
tzar222,2015,3.17
tzar223,1992,0.62
tzar223,1996,1.06
tzar223,1999,1.65
tzar223,2004,2.53
tzar223,2010,3.2
tzar223,2015,5.64
tzar224,1992,0.23
tzar224,1996,0.16
tzar224,1999,0.49
tzar224,2004,0.35
tzar224,2010,0.94
tzar224,2015,1.55
tzar225,1992,0.14
tzar225,1996,0.52
tzar225,1999,0.0
tzar225,2004,0.83
tzar225,2010,1.44
tzar225,2015,2.06
ugar101,2006,3.33
ugar101,2011,2.94
ugar101,2016,4.82
ugar102,2006,2.59
ugar102,2011,3.27
ugar102,2016,3.58
ugar103,2006,5.61
ugar103,2011,8.73
ugar103,2016,8.03
ugar104,2006,2.16
ugar104,2011,2.32
ugar104,2016,3.63
ugar105,2006,2.08
ugar105,2011,2.61
ugar105,2016,3.26
ugar106,2006,1.99
ugar106,2011,2.03
ugar106,2016,2.23
ugar107,2006,2.28
ugar107,2011,2.5
ugar107,2016,3.05
ugar108,2006,1.85
ugar108,2011,2.19
ugar108,2016,3.17
ugar109,2006,1.18
ugar109,2011,1.67
ugar109,2016,2.54
ugar201,1995,2.07
ugar201,2001,2.54
ugar202,1995,1.27
ugar202,2001,1.56
ugar203,1995,1.07
ugar203,2001,1.51
ugar204,1995,1.09
ugar204,2001,1.3
ukrr101,2005,9.51
ukrr101,2007,10.28
ukrr101,2012,10.82
ukrr102,2005,7.54
ukrr102,2007,9.25
ukrr102,2012,11.08
ukrr103,2005,9.82
ukrr103,2007,10.33
ukrr103,2012,11.48
ukrr104,2005,9.45
ukrr104,2007,9.87
ukrr104,2012,11.14
ukrr105,2005,7.59
ukrr105,2007,8.63
ukrr105,2012,9.75
uryr101,2007,8.96
uryr101,2012,9.92
uryr101,2013,8.45
uryr102,2007,6.38
uryr102,2012,7.05
uryr102,2013,5.57
uryr103,2007,6.93
uryr103,2012,7.63
uryr103,2013,6.88
uryr104,2007,6.31
uryr104,2012,7.24
uryr104,2013,5.94
uryr105,2007,4.96
uryr105,2012,6.63
uryr105,2013,6.17
uryr106,2007,6.1
uryr106,2012,7.69
uryr106,2013,6.27
uryr107,2007,6.06
uryr107,2012,6.89
uryr107,2013,6.57
uzbr101,1996,5.9
uzbr101,2006,9.17
uzbr102,1996,6.9
uzbr102,2006,9.58
uzbr103,1996,6.25
uzbr103,2006,9.43
uzbr104,1996,6.2
uzbr104,2006,9.53
uzbr105,1996,6.91
uzbr105,2006,9.4
uzbr106,1996,7.08
uzbr106,2006,10.89
venr101,2001,6.2
venr102,2001,3.36
venr103,2001,4.17
venr104,2001,2.46
venr105,2001,4.98
venr106,2001,2.71
venr107,2001,4.55
venr108,2001,4.95
venr109,2001,2.89
venr110,2001,3.8
venr111,2001,3.5
venr112,2001,2.81
venr113,2001,3.62
venr114,2001,3.3
venr115,2001,6.38
venr116,2001,3.49
venr117,2001,4.64
venr118,2001,2.69
venr119,2001,2.85
venr120,2001,3.76
venr121,2001,2.75
venr122,2001,3.18
venr123,2001,4.34
venr124,2001,5.08
venr201,2013,9.86
venr202,2013,7.07
venr203,2013,7.81
venr204,2013,7.53
venr205,2013,6.21
venr206,2013,8.22
venr207,2013,10.71
venr208,2013,7.91
vnmr101,1997,3.49
vnmr101,2002,4.75
vnmr101,2006,5.19
vnmr101,2010,7.01
vnmr101,2014,7.08
vnmr102,1997,2.43
vnmr102,2002,3.07
vnmr102,2006,3.63
vnmr102,2010,5.53
vnmr102,2014,5.66
vnmr103,1997,3.12
vnmr103,2002,3.47
vnmr103,2006,4.12
vnmr103,2010,5.5
vnmr103,2014,5.82
vnmr104,1997,3.01
vnmr104,2002,2.58
vnmr104,2006,3.7
vnmr104,2010,4.74
vnmr104,2014,4.22
vnmr105,1997,3.76
vnmr105,2002,5.08
vnmr105,2006,5.1
vnmr105,2010,5.71
vnmr105,2014,6.28
vnmr106,1997,2.74
vnmr106,2002,2.83
vnmr106,2006,3.47
vnmr106,2010,3.82
vnmr106,2014,4.28
vutr101,2007,2.18
vutr102,2007,4.73
vutr103,2007,2.04
vutr104,2007,3.25
vutr105,2007,3.87
vutr106,2007,3.3
vutr107,2007,6.29
vutr108,2007,5.8
wsmr101,2019,11.09
wsmr102,2019,9.24
wsmr103,2019,8.77
wsmr104,2019,9.34
yemr101,1991,0.0
yemr101,1997,0.0
yemr101,2006,0.56
yemr101,2013,0.38
yemr102,1991,0.17
yemr102,1997,0.37
yemr102,2006,0.62
yemr102,2013,1.53
yemr103,1991,0.1
yemr103,1997,0.2
yemr103,2006,1.32
yemr103,2013,1.07
yemr104,1991,0.0
yemr104,1997,0.16
yemr104,2006,0.13
yemr104,2013,0.28
yemr105,1991,0.01
yemr105,1997,0.14
yemr105,2006,0.43
yemr105,2013,0.59
yemr106,1991,0.06
yemr106,1997,0.29
yemr106,2006,1.15
yemr106,2013,1.56
yemr107,1991,0.05
yemr107,1997,0.17
yemr107,2006,0.3
yemr107,2013,0.19
yemr108,1991,0.04
yemr108,1997,0.08
yemr108,2006,0.24
yemr108,2013,0.34
zafr101,1998,7.14
zafr101,2011,8.99
zafr101,2016,8.82
zafr102,1998,4.1
zafr102,2011,5.21
zafr102,2016,5.48
zafr103,1998,4.64
zafr103,2011,5.72
zafr103,2016,5.24
zafr104,1998,3.61
zafr104,2011,5.65
zafr104,2016,6.1
zafr105,1998,3.46
zafr105,2011,5.29
zafr105,2016,5.3
zafr106,1998,3.69
zafr106,2011,4.98
zafr106,2016,5.36
zafr107,1998,7.2
zafr107,2011,8.55
zafr107,2016,7.63
zafr108,1998,2.21
zafr108,2011,3.6
zafr108,2016,3.93
zafr109,1998,2.0
zafr109,2011,2.89
zafr109,2016,4.21
zmbr101,1996,2.56
zmbr101,2002,2.85
zmbr101,2007,3.02
zmbr101,2014,3.99
zmbr101,2018,4.99
zmbr102,1996,2.19
zmbr102,2002,3.89
zmbr102,2007,3.89
zmbr102,2014,5.94
zmbr102,2018,5.95
zmbr103,1996,1.84
zmbr103,2002,1.6
zmbr103,2007,2.31
zmbr103,2014,2.87
zmbr103,2018,3.54
zmbr104,1996,1.81
zmbr104,2002,3.02
zmbr104,2007,3.63
zmbr104,2014,3.73
zmbr104,2018,4.45
zmbr105,1996,3.41
zmbr105,2002,4.06
zmbr105,2007,4.54
zmbr105,2014,6.39
zmbr105,2018,6.55
zmbr106,1996,2.15
zmbr106,2002,2.71
zmbr106,2007,2.65
zmbr106,2014,3.48
zmbr106,2018,4.25
zmbr107,1996,1.24
zmbr107,2002,1.49
zmbr107,2007,1.8
zmbr107,2014,2.48
zmbr107,2018,4.16
zmbr108,1996,1.69
zmbr108,2002,2.01
zmbr108,2007,3.05
zmbr108,2014,3.91
zmbr108,2018,5.38
zmbr109,1996,1.23
zmbr109,2002,1.48
zmbr109,2007,2.0
zmbr109,2014,3.1
zmbr109,2018,3.31
zwer101,1994,2.19
zwer101,1999,2.56
zwer101,2006,3.69
zwer101,2011,4.05
zwer101,2015,3.56
zwer101,2019,4.55
zwer102,1994,1.29
zwer102,1999,1.74
zwer102,2006,2.02
zwer102,2011,3.1
zwer102,2015,3.0
zwer102,2019,3.28
zwer103,1994,2.18
zwer103,1999,2.23
zwer103,2006,3.39
zwer103,2011,4.55
zwer103,2015,4.45
zwer103,2019,4.73
zwer104,1994,1.54
zwer104,1999,2.19
zwer104,2006,2.73
zwer104,2011,2.98
zwer104,2015,4.66
zwer104,2019,4.34
zwer105,1994,1.39
zwer105,1999,2.08
zwer105,2006,2.96
zwer105,2011,2.18
zwer105,2015,3.53
zwer105,2019,3.77
zwer106,1994,1.87
zwer106,1999,2.67
zwer106,2006,3.7
zwer106,2011,4.09
zwer106,2015,3.92
zwer106,2019,4.44
zwer107,1994,2.65
zwer107,1999,2.49
zwer107,2006,3.02
zwer107,2011,3.78
zwer107,2015,4.44
zwer107,2019,4.68
zwer108,1994,2.05
zwer108,1999,3.5
zwer108,2006,2.97
zwer108,2011,2.95
zwer108,2015,3.7
zwer108,2019,4.24
zwer109,1994,6.53
zwer109,1999,6.75
zwer109,2006,5.16
zwer109,2011,7.08
zwer109,2015,7.42
zwer109,2019,7.4
zwer110,1994,4.89
zwer110,1999,5.1
zwer110,2006,5.54
zwer110,2011,5.41
zwer110,2015,6.58
zwer110,2019,7.03
