subnat,year,nmenedyr20
afgr101,2010,3674.0
afgr101,2015,8562.0
afgr102,2010,719.0
afgr102,2015,1006.0
afgr103,2010,2325.0
afgr103,2015,3079.0
afgr104,2010,3048.0
afgr104,2015,8169.0
afgr105,2010,3700.0
afgr105,2015,6163.0
afgr106,2010,2886.0
afgr106,2015,5062.0
afgr107,2010,2875.0
afgr107,2015,4597.0
afgr108,2010,2887.0
afgr108,2015,5537.0
agor201,2011,83.0
agor201,2016,369.0
agor202,2011,87.0
agor202,2016,316.0
agor203,2011,473.0
agor203,2016,746.0
agor204,2011,1904.0
agor204,2016,5021.0
agor205,2011,139.0
agor205,2016,203.0
agor206,2011,243.0
agor206,2016,1127.0
agor207,2011,271.0
agor207,2016,558.0
agor208,2011,175.0
agor208,2016,396.0
agor209,2011,926.0
agor209,2016,1125.0
agor210,2011,706.0
agor210,2016,865.0
agor211,2011,347.0
agor211,2016,595.0
agor212,2011,179.0
agor212,2016,345.0
agor213,2011,35.0
agor213,2016,234.0
agor214,2011,131.0
agor214,2016,178.0
agor215,2011,676.0
agor215,2016,1106.0
agor216,2011,170.0
agor216,2016,437.0
agor217,2011,192.0
agor217,2016,209.0
agor218,2011,203.0
agor218,2016,184.0
albr201,2005,381.0
albr201,2009,542.0
albr201,2017,884.0
albr202,2005,423.0
albr202,2009,423.0
albr202,2017,773.0
albr203,2005,559.0
albr203,2009,737.0
albr203,2017,1933.0
albr204,2005,840.0
albr204,2009,1108.0
albr204,2017,1863.0
albr205,2005,764.0
albr205,2009,1033.0
albr205,2017,1952.0
albr206,2005,267.0
albr206,2009,332.0
albr206,2017,486.0
albr207,2005,637.0
albr207,2009,797.0
albr207,2017,1724.0
albr208,2005,240.0
albr208,2009,234.0
albr208,2017,465.0
albr209,2005,332.0
albr209,2009,382.0
albr209,2017,824.0
albr210,2005,620.0
albr210,2009,1045.0
albr210,2017,1398.0
albr211,2005,1270.0
albr211,2009,2451.0
albr211,2017,5994.0
albr212,2005,368.0
albr212,2009,547.0
albr212,2017,1243.0
argr101,2011,9622.0
argr101,2020,6614.0
argr102,2011,2904.0
argr102,2020,1666.0
argr103,2011,2121.0
argr103,2020,1204.0
argr104,2011,1798.0
argr104,2020,998.0
argr105,2011,8843.0
argr105,2020,2919.0
argr106,2011,1343.0
argr106,2020,692.0
armr101,2000,375.0
armr101,2010,315.0
armr101,2016,533.0
armr102,2000,868.0
armr102,2010,683.0
armr102,2016,955.0
armr103,2000,692.0
armr103,2010,690.0
armr103,2016,880.0
armr104,2000,660.0
armr104,2010,477.0
armr104,2016,823.0
armr105,2000,589.0
armr105,2010,686.0
armr105,2016,732.0
armr106,2000,546.0
armr106,2010,689.0
armr106,2016,1001.0
armr107,2000,781.0
armr107,2010,609.0
armr107,2016,783.0
armr108,2000,336.0
armr108,2010,362.0
armr108,2016,482.0
armr109,2000,153.0
armr109,2010,181.0
armr109,2016,207.0
armr110,2000,393.0
armr110,2010,385.0
armr110,2016,466.0
armr111,2000,2522.0
armr111,2010,2697.0
armr111,2016,2807.0
azer101,2006,2853.0
azer102,2006,597.0
azer103,2006,1281.0
azer104,2006,662.0
azer105,2006,681.0
azer106,2006,486.0
azer107,2006,2041.0
azer108,2006,231.0
azer109,2006,265.0
bdir101,2005,2402.0
bdir101,2010,2281.0
bdir101,2017,4300.0
bdir102,2005,1127.0
bdir102,2010,1126.0
bdir102,2017,2116.0
bdir103,2005,557.0
bdir103,2010,967.0
bdir103,2017,1790.0
bdir104,2005,1743.0
bdir104,2010,2171.0
bdir104,2017,3840.0
bdir105,2005,1615.0
bdir105,2010,1542.0
bdir105,2017,2812.0
benr101,1996,837.0
benr101,2001,792.0
benr101,2006,1898.0
benr101,2011,2212.0
benr101,2018,2249.0
benr102,1996,1140.0
benr102,2001,1343.0
benr102,2006,3941.0
benr102,2011,4558.0
benr102,2018,2511.0
benr103,1996,1005.0
benr103,2001,988.0
benr103,2006,2819.0
benr103,2011,2420.0
benr103,2018,3577.0
benr104,1996,614.0
benr104,2001,595.0
benr104,2006,2045.0
benr104,2011,1784.0
benr104,2018,1567.0
benr105,1996,791.0
benr105,2001,923.0
benr105,2006,3100.0
benr105,2011,3132.0
benr105,2018,2294.0
benr106,1996,722.0
benr106,2001,1126.0
benr106,2006,3082.0
benr106,2011,2612.0
benr106,2018,2180.0
bfar101,1998,650.0
bfar101,2003,929.0
bfar101,2010,1790.0
bfar102,1998,112.0
bfar102,2003,383.0
bfar102,2010,650.0
bfar103,1998,619.0
bfar103,2003,1672.0
bfar103,2010,2524.0
bfar104,1998,478.0
bfar104,2003,873.0
bfar104,2010,1056.0
bfar105,1998,681.0
bfar105,2003,879.0
bfar105,2010,1190.0
bfar106,1998,485.0
bfar106,2003,720.0
bfar106,2010,1059.0
bfar107,1998,248.0
bfar107,2003,714.0
bfar107,2010,740.0
bfar108,1998,588.0
bfar108,2003,885.0
bfar108,2010,1356.0
bfar109,1998,615.0
bfar109,2003,1551.0
bfar109,2010,1875.0
bfar110,1998,548.0
bfar110,2003,980.0
bfar110,2010,1038.0
bfar111,1998,331.0
bfar111,2003,555.0
bfar111,2010,717.0
bfar112,1998,265.0
bfar112,2003,835.0
bfar112,2010,1226.0
bfar113,1998,139.0
bfar113,2003,541.0
bfar113,2010,676.0
bgdr201,1996,531.0
bgdr201,2004,584.0
bgdr201,2011,917.0
bgdr201,2014,988.0
bgdr201,2019,2180.0
bgdr202,1996,363.0
bgdr202,2004,394.0
bgdr202,2011,609.0
bgdr202,2014,563.0
bgdr202,2019,2269.0
bgdr203,1996,596.0
bgdr203,2004,686.0
bgdr203,2011,1095.0
bgdr203,2014,1166.0
bgdr203,2019,3470.0
bgdr204,1996,228.0
bgdr204,2004,189.0
bgdr204,2011,330.0
bgdr204,2014,386.0
bgdr204,2019,1297.0
bgdr205,1996,96.0
bgdr205,2004,176.0
bgdr205,2011,230.0
bgdr205,2014,369.0
bgdr205,2019,820.0
bgdr206,1996,508.0
bgdr206,2004,593.0
bgdr206,2011,887.0
bgdr206,2014,734.0
bgdr206,2019,2887.0
bgdr207,1996,948.0
bgdr207,2004,946.0
bgdr207,2011,1378.0
bgdr207,2014,1181.0
bgdr207,2019,4898.0
bgdr208,1996,714.0
bgdr208,2004,1049.0
bgdr208,2011,1890.0
bgdr208,2014,2209.0
bgdr208,2019,5971.0
bgdr209,1996,615.0
bgdr209,2004,577.0
bgdr209,2011,1241.0
bgdr209,2014,1219.0
bgdr209,2019,4311.0
bgdr210,1996,693.0
bgdr210,2004,902.0
bgdr210,2011,1515.0
bgdr210,2014,1301.0
bgdr210,2019,3969.0
bgdr211,1996,832.0
bgdr211,2004,1037.0
bgdr211,2011,1544.0
bgdr211,2014,1310.0
bgdr211,2019,5237.0
bgdr212,1996,379.0
bgdr212,2004,588.0
bgdr212,2011,514.0
bgdr212,2014,1120.0
bgdr212,2019,2529.0
bgdr213,1996,533.0
bgdr213,2004,658.0
bgdr213,2011,1020.0
bgdr213,2014,759.0
bgdr213,2019,2572.0
bgdr214,1996,506.0
bgdr214,2004,528.0
bgdr214,2011,788.0
bgdr214,2014,784.0
bgdr214,2019,3542.0
bgdr215,1996,379.0
bgdr215,2004,593.0
bgdr215,2011,699.0
bgdr215,2014,618.0
bgdr215,2019,2685.0
bgdr216,1996,517.0
bgdr216,2004,583.0
bgdr216,2011,924.0
bgdr216,2014,797.0
bgdr216,2019,3383.0
bgdr217,1996,366.0
bgdr217,2004,457.0
bgdr217,2011,760.0
bgdr217,2014,827.0
bgdr217,2019,4204.0
bgdr218,1996,385.0
bgdr218,2004,619.0
bgdr218,2011,1077.0
bgdr218,2014,865.0
bgdr218,2019,4143.0
bgdr219,1996,566.0
bgdr219,2004,710.0
bgdr219,2011,1210.0
bgdr219,2014,907.0
bgdr219,2019,3923.0
bgdr220,1996,578.0
bgdr220,2004,667.0
bgdr220,2011,1143.0
bgdr220,2014,1346.0
bgdr220,2019,4164.0
bgdr221,1996,472.0
bgdr221,2004,608.0
bgdr221,2011,1024.0
bgdr221,2014,898.0
bgdr221,2019,3458.0
bgdr222,1996,364.0
bgdr222,2004,583.0
bgdr222,2011,696.0
bgdr222,2014,830.0
bgdr222,2019,2748.0
bgdr223,1996,315.0
bgdr223,2004,393.0
bgdr223,2011,555.0
bgdr223,2014,755.0
bgdr223,2019,2419.0
bihr101,2006,539.0
bihr101,2011,681.0
bihr102,2006,974.0
bihr102,2011,1146.0
bihr103,2006,1702.0
bihr103,2011,2295.0
bihr104,2006,685.0
bihr104,2011,705.0
bihr105,2006,2401.0
bihr105,2011,2370.0
blrr101,2005,824.0
blrr101,2012,1070.0
blrr101,2019,1053.0
blrr102,2005,796.0
blrr102,2012,991.0
blrr102,2019,860.0
blrr103,2005,884.0
blrr103,2012,1120.0
blrr103,2019,1057.0
blrr104,2005,723.0
blrr104,2012,823.0
blrr104,2019,870.0
blrr105,2005,1866.0
blrr105,2012,2395.0
blrr105,2019,2434.0
blrr106,2005,675.0
blrr106,2012,869.0
blrr106,2019,799.0
blzr101,2006,593.0
blzr101,2011,1354.0
blzr102,2006,583.0
blzr102,2011,1431.0
blzr103,2006,375.0
blzr103,2011,433.0
blzr104,2006,362.0
blzr104,2011,1438.0
bolr101,1998,847.0
bolr101,2003,1267.0
bolr101,2008,1138.0
bolr102,1998,3935.0
bolr102,2003,5478.0
bolr102,2008,5964.0
bolr103,1998,2181.0
bolr103,2003,3560.0
bolr103,2008,3584.0
bolr104,1998,642.0
bolr104,2003,1033.0
bolr104,2008,1102.0
bolr105,1998,1116.0
bolr105,2003,1593.0
bolr105,2008,1866.0
bolr106,1998,595.0
bolr106,2003,929.0
bolr106,2008,946.0
bolr107,1998,2745.0
bolr107,2003,4724.0
bolr107,2008,4058.0
bolr108,1998,475.0
bolr108,2003,683.0
bolr108,2008,595.0
bolr109,1998,100.0
bolr109,2003,105.0
bolr109,2008,114.0
brar101,1996,63.0
brar101,2000,2360.0
brar101,2010,2377.0
brar102,1996,24.0
brar102,2000,761.0
brar102,2010,900.0
brar103,1996,161.0
brar103,2000,4173.0
brar103,2010,4507.0
brar104,1996,18.0
brar104,2000,482.0
brar104,2010,596.0
brar105,1996,264.0
brar105,2000,9554.0
brar105,2010,10708.0
brar106,1996,28.0
brar106,2000,669.0
brar106,2010,818.0
brar107,1996,108.0
brar107,2000,1811.0
brar107,2010,2050.0
brar108,1996,446.0
brar108,2000,8366.0
brar108,2010,8935.0
brar109,1996,235.0
brar109,2000,4434.0
brar109,2010,4340.0
brar110,1996,597.0
brar110,2000,11701.0
brar110,2010,12410.0
brar111,1996,241.0
brar111,2000,4643.0
brar111,2010,4706.0
brar112,1996,334.0
brar112,2000,5494.0
brar112,2010,5480.0
brar113,1996,670.0
brar113,2000,12844.0
brar113,2010,12859.0
brar114,1996,249.0
brar114,2000,4260.0
brar114,2010,4052.0
brar115,1996,177.0
brar115,2000,2724.0
brar115,2010,3010.0
brar116,1996,984.0
brar116,2000,21062.0
brar116,2010,20843.0
brar117,1996,1447.0
brar117,2000,31714.0
brar117,2010,30787.0
brar118,1996,326.0
brar118,2000,5592.0
brar118,2010,5464.0
brar119,1996,1463.0
brar119,2000,26455.0
brar119,2010,25155.0
brar120,1996,3354.0
brar120,2000,67651.0
brar120,2010,64683.0
brar121,1996,965.0
brar121,2000,17003.0
brar121,2010,16261.0
brar122,1996,507.0
brar122,2000,9680.0
brar122,2010,9901.0
brar123,1996,1060.0
brar123,2000,18827.0
brar123,2010,17099.0
brar124,1996,177.0
brar124,2000,3460.0
brar124,2010,3724.0
brar125,1996,223.0
brar125,2000,4509.0
brar125,2010,4708.0
brar126,1996,528.0
brar126,2000,8870.0
brar126,2010,9217.0
brar127,1996,177.0
brar127,2000,3524.0
brar127,2010,3690.0
brbr101,2012,811.0
brbr102,2012,755.0
brbr103,2012,555.0
brbr104,2012,706.0
btnr101,2010,440.0
btnr102,2010,2000.0
btnr103,2010,743.0
btnr104,2010,148.0
btnr105,2010,378.0
btnr106,2010,431.0
btnr107,2010,1330.0
btnr108,2010,1079.0
btnr109,2010,779.0
btnr110,2010,725.0
btnr111,2010,1071.0
btnr112,2010,2265.0
btnr113,2010,1240.0
btnr114,2010,2441.0
btnr115,2010,1526.0
btnr116,2010,499.0
btnr117,2010,417.0
btnr118,2010,667.0
btnr119,2010,818.0
btnr120,2010,536.0
bwar101,2000,1792.0
bwar101,2001,11568.0
bwar101,2011,15112.0
bwar101,2013,350.0
bwar102,2000,115.0
bwar102,2001,842.0
bwar102,2011,1156.0
bwar102,2013,26.0
bwar103,2000,215.0
bwar103,2001,1030.0
bwar103,2011,1309.0
bwar103,2013,29.0
bwar104,2000,329.0
bwar104,2001,1749.0
bwar104,2011,2460.0
bwar104,2013,49.0
bwar105,2000,756.0
bwar105,2001,5066.0
bwar105,2011,8172.0
bwar105,2013,171.0
bwar106,2000,533.0
bwar106,2001,3039.0
bwar106,2011,4032.0
bwar106,2013,86.0
bwar107,2000,549.0
bwar107,2001,2629.0
bwar107,2011,3515.0
bwar107,2013,87.0
bwar108,2000,1269.0
bwar108,2001,8068.0
bwar108,2011,10299.0
bwar108,2013,190.0
bwar109,2000,741.0
bwar109,2001,3961.0
bwar109,2011,5251.0
bwar109,2013,122.0
bwar110,2000,5.0
bwar110,2001,386.0
bwar110,2011,621.0
bwar110,2013,14.0
cafr101,1994,1279.0
cafr101,2006,2204.0
cafr101,2010,2601.0
cafr101,2019,2761.0
cafr102,1994,976.0
cafr102,2006,2372.0
cafr102,2010,1993.0
cafr102,2019,1371.0
cafr103,1994,939.0
cafr103,2006,2004.0
cafr103,2010,2152.0
cafr103,2019,1893.0
cafr104,1994,668.0
cafr104,2006,1118.0
cafr104,2010,953.0
cafr104,2019,257.0
cafr105,1994,689.0
cafr105,2006,1447.0
cafr105,2010,1377.0
cafr105,2019,897.0
cafr106,1994,1301.0
cafr106,2006,2237.0
cafr106,2010,2344.0
cafr106,2019,1416.0
chlr101,2002,9328.0
chlr102,2002,10952.0
chlr103,2002,5482.0
chlr104,2002,12622.0
chlr105,2002,32573.0
chlr106,2002,16695.0
chlr107,2002,19291.0
chlr108,2002,39235.0
chlr109,2002,17717.0
chlr110,2002,22982.0
chlr111,2002,2002.0
chlr112,2002,3544.0
chlr113,2002,127714.0
chlr201,2002,38384.0
chlr201,2007,129.0
chlr202,2002,196273.0
chlr202,2007,782.0
chlr203,2002,85480.0
chlr203,2007,317.0
chnr101,2002,377.0
chnr101,2011,305.0
chnr101,2013,1236.0
chnr101,2015,1284.0
chnr102,2011,166.0
chnr102,2013,954.0
chnr102,2015,978.0
chnr103,2002,1360.0
chnr103,2011,576.0
chnr103,2013,1320.0
chnr103,2015,2155.0
chnr104,2002,791.0
chnr104,2011,205.0
chnr104,2013,986.0
chnr104,2015,1514.0
chnr105,2013,1322.0
chnr105,2015,1340.0
chnr106,2002,1191.0
chnr106,2011,363.0
chnr106,2013,1239.0
chnr106,2015,2073.0
chnr107,2002,340.0
chnr107,2011,255.0
chnr107,2013,915.0
chnr107,2015,1371.0
chnr108,2011,311.0
chnr108,2013,755.0
chnr108,2015,1042.0
chnr109,2011,498.0
chnr109,2013,1221.0
chnr109,2015,1282.0
chnr110,2002,1982.0
chnr110,2011,517.0
chnr110,2013,1328.0
chnr110,2015,2090.0
chnr111,2002,779.0
chnr111,2011,737.0
chnr111,2013,1758.0
chnr111,2015,2825.0
chnr112,2002,1608.0
chnr112,2011,427.0
chnr112,2013,800.0
chnr112,2015,1156.0
chnr113,2013,1765.0
chnr113,2015,2748.0
chnr114,2002,796.0
chnr114,2011,191.0
chnr114,2013,824.0
chnr114,2015,847.0
chnr115,2002,1644.0
chnr115,2011,475.0
chnr115,2013,1066.0
chnr115,2015,2226.0
chnr116,2002,2332.0
chnr116,2011,724.0
chnr116,2013,1094.0
chnr116,2015,1157.0
chnr117,2002,1381.0
chnr117,2011,705.0
chnr117,2013,1545.0
chnr117,2015,1635.0
chnr118,2002,1215.0
chnr118,2011,465.0
chnr118,2013,1145.0
chnr118,2015,1543.0
chnr119,2002,1860.0
chnr119,2011,1054.0
chnr119,2013,2255.0
chnr119,2015,4333.0
chnr120,2002,946.0
chnr120,2011,258.0
chnr120,2013,2841.0
chnr120,2015,3127.0
chnr121,2013,838.0
chnr121,2015,1433.0
chnr122,2002,817.0
chnr122,2011,541.0
chnr122,2013,2988.0
chnr122,2015,4360.0
chnr123,2002,2224.0
chnr123,2011,844.0
chnr123,2013,4413.0
chnr123,2015,5355.0
chnr124,2002,708.0
chnr124,2011,236.0
chnr124,2013,2136.0
chnr124,2015,2289.0
chnr125,2002,1119.0
chnr125,2011,680.0
chnr125,2013,2490.0
chnr125,2015,3186.0
chnr127,2002,673.0
chnr127,2011,296.0
chnr127,2013,2654.0
chnr127,2015,3973.0
chnr128,2002,610.0
chnr128,2011,678.0
chnr128,2013,2585.0
chnr128,2015,2715.0
chnr129,2011,284.0
chnr129,2013,1959.0
chnr129,2015,2144.0
chnr130,2013,1562.0
chnr130,2015,1652.0
chnr131,2002,345.0
chnr201,2002,2348.0
chnr201,2011,1887.0
chnr201,2013,4519.0
chnr201,2015,8168.0
chnr202,2002,2358.0
chnr202,2011,1163.0
chnr202,2013,3922.0
chnr202,2015,4499.0
chnr203,2002,3885.0
chnr203,2011,2803.0
chnr203,2013,6416.0
chnr203,2015,8925.0
chnr204,2002,1578.0
chnr204,2011,1338.0
chnr204,2013,4530.0
chnr204,2015,6108.0
chnr205,2002,3865.0
chnr205,2011,1783.0
chnr205,2013,6930.0
chnr205,2015,8858.0
chnr206,2002,4095.0
chnr206,2011,1013.0
chnr206,2013,6028.0
chnr206,2015,7706.0
chnr207,2002,3696.0
chnr207,2011,1230.0
chnr207,2013,5302.0
chnr207,2015,7994.0
chnr208,2002,1728.0
chnr208,2011,309.0
chnr208,2013,2290.0
chnr208,2015,1224.0
civr101,1994,557.0
civr101,1999,187.0
civr101,2005,492.0
civr101,2011,763.0
civr102,1994,294.0
civr102,1999,119.0
civr102,2005,136.0
civr102,2011,314.0
civr103,1994,574.0
civr103,1999,150.0
civr103,2005,333.0
civr103,2011,892.0
civr104,1994,1188.0
civr104,1999,428.0
civr104,2005,603.0
civr104,2011,1642.0
civr105,1994,461.0
civr105,1999,137.0
civr105,2005,343.0
civr105,2011,562.0
civr106,1994,308.0
civr106,1999,118.0
civr106,2005,235.0
civr106,2011,424.0
civr107,1994,382.0
civr107,1999,196.0
civr107,2005,214.0
civr107,2011,496.0
civr108,1994,807.0
civr108,1999,283.0
civr108,2005,475.0
civr108,2011,1406.0
civr109,1994,3226.0
civr109,1999,1095.0
civr109,2005,2543.0
civr109,2011,4565.0
civr110,1994,550.0
civr110,1999,136.0
civr110,2005,393.0
civr110,2011,1070.0
cmrr101,1998,257.0
cmrr101,2004,455.0
cmrr101,2011,648.0
cmrr101,2018,589.0
cmrr102,1998,1089.0
cmrr102,2004,2080.0
cmrr102,2011,3060.0
cmrr102,2018,2846.0
cmrr103,1998,385.0
cmrr103,2004,533.0
cmrr103,2011,664.0
cmrr103,2018,754.0
cmrr104,1998,853.0
cmrr104,2004,1709.0
cmrr104,2011,2507.0
cmrr104,2018,1861.0
cmrr105,1998,684.0
cmrr105,2004,1795.0
cmrr105,2011,2415.0
cmrr105,2018,2255.0
cmrr106,1998,461.0
cmrr106,2004,993.0
cmrr106,2011,1623.0
cmrr106,2018,1559.0
cmrr107,1998,545.0
cmrr107,2004,1101.0
cmrr107,2011,1123.0
cmrr107,2018,748.0
cmrr108,1998,507.0
cmrr108,2004,899.0
cmrr108,2011,1413.0
cmrr108,2018,1188.0
cmrr109,1998,258.0
cmrr109,2004,520.0
cmrr109,2011,485.0
cmrr109,2018,609.0
cmrr110,1998,469.0
cmrr110,2004,859.0
cmrr110,2011,1282.0
cmrr110,2018,291.0
codr101,2007,1451.0
codr101,2010,1573.0
codr101,2013,2048.0
codr101,2018,3474.0
codr102,2007,441.0
codr102,2010,815.0
codr102,2013,821.0
codr102,2018,1574.0
codr103,2007,1412.0
codr103,2010,1326.0
codr103,2013,2807.0
codr103,2018,2600.0
codr104,2007,1262.0
codr104,2010,1415.0
codr104,2013,2324.0
codr104,2018,1243.0
codr105,2007,1225.0
codr105,2010,1528.0
codr105,2013,1947.0
codr105,2018,2437.0
codr106,2007,331.0
codr106,2010,972.0
codr106,2013,1440.0
codr106,2018,1555.0
codr107,2007,444.0
codr107,2010,820.0
codr107,2013,1322.0
codr107,2018,1318.0
codr108,2007,320.0
codr108,2010,362.0
codr108,2013,650.0
codr108,2018,241.0
codr109,2007,1064.0
codr109,2010,2181.0
codr109,2013,1854.0
codr109,2018,3114.0
codr110,2007,1069.0
codr110,2010,997.0
codr110,2013,1759.0
codr110,2018,1220.0
codr111,2007,932.0
codr111,2010,802.0
codr111,2013,1090.0
codr111,2018,1475.0
cogr201,2005,272.0
cogr201,2011,321.0
cogr201,2015,310.0
cogr202,2005,560.0
cogr202,2011,584.0
cogr202,2015,599.0
cogr203,2005,224.0
cogr203,2011,215.0
cogr203,2015,228.0
cogr204,2005,742.0
cogr204,2011,1095.0
cogr204,2015,733.0
cogr205,2005,302.0
cogr205,2011,669.0
cogr205,2015,805.0
cogr206,2005,364.0
cogr206,2011,388.0
cogr206,2015,420.0
cogr207,2005,260.0
cogr207,2011,364.0
cogr207,2015,410.0
cogr208,2005,146.0
cogr208,2011,168.0
cogr208,2015,170.0
cogr209,2005,108.0
cogr209,2011,199.0
cogr209,2015,252.0
cogr210,2005,273.0
cogr210,2011,402.0
cogr210,2015,408.0
cogr211,2005,2312.0
cogr211,2011,4293.0
cogr211,2015,5103.0
cogr212,2005,1104.0
cogr212,2011,2825.0
cogr212,2015,3376.0
colr101,1995,1455.0
colr101,2000,1640.0
colr101,2005,5307.0
colr101,2010,7966.0
colr101,2015,6700.0
colr102,1995,860.0
colr102,2000,943.0
colr102,2005,2273.0
colr102,2010,2709.0
colr102,2015,2465.0
colr103,1995,1829.0
colr103,2000,1806.0
colr103,2005,7075.0
colr103,2010,10086.0
colr103,2015,8000.0
colr104,1995,403.0
colr104,2000,427.0
colr104,2005,2088.0
colr104,2010,2366.0
colr104,2015,2001.0
colr105,1995,538.0
colr105,2000,533.0
colr105,2005,1309.0
colr105,2010,1783.0
colr105,2015,1288.0
colr106,1995,385.0
colr106,2000,452.0
colr106,2005,1196.0
colr106,2010,1341.0
colr106,2015,1049.0
colr107,2005,358.0
colr107,2010,321.0
colr107,2015,434.0
colr108,1995,435.0
colr108,2000,505.0
colr108,2005,1205.0
colr108,2010,1542.0
colr108,2015,1340.0
colr109,1995,300.0
colr109,2000,305.0
colr109,2005,891.0
colr109,2010,1137.0
colr109,2015,957.0
colr110,1995,492.0
colr110,2000,668.0
colr110,2005,1309.0
colr110,2010,2020.0
colr110,2015,1668.0
colr111,1995,530.0
colr111,2000,658.0
colr111,2005,2194.0
colr111,2010,3482.0
colr111,2015,2805.0
colr112,1995,99.0
colr112,2000,90.0
colr112,2005,324.0
colr112,2010,426.0
colr112,2015,415.0
colr113,1995,386.0
colr113,2000,508.0
colr113,2005,863.0
colr113,2010,1212.0
colr113,2015,1136.0
colr114,1995,146.0
colr114,2000,142.0
colr114,2005,422.0
colr114,2010,577.0
colr114,2015,781.0
colr115,1995,419.0
colr115,2000,333.0
colr115,2005,1275.0
colr115,2010,1387.0
colr115,2015,1187.0
colr116,1995,145.0
colr116,2000,139.0
colr116,2005,700.0
colr116,2010,891.0
colr116,2015,980.0
colr117,1995,319.0
colr117,2000,338.0
colr117,2005,1769.0
colr117,2010,1834.0
colr117,2015,1659.0
colr118,1995,275.0
colr118,2000,470.0
colr118,2005,1363.0
colr118,2010,1731.0
colr118,2015,1389.0
colr119,1995,163.0
colr119,2000,140.0
colr119,2005,632.0
colr119,2010,765.0
colr119,2015,579.0
colr120,1995,180.0
colr120,2000,196.0
colr120,2005,1029.0
colr120,2010,1186.0
colr120,2015,981.0
colr121,1995,666.0
colr121,2000,746.0
colr121,2005,1972.0
colr121,2010,2892.0
colr121,2015,2117.0
colr122,1995,359.0
colr122,2000,159.0
colr122,2005,794.0
colr122,2010,1033.0
colr122,2015,839.0
colr123,1995,374.0
colr123,2000,482.0
colr123,2005,1242.0
colr123,2010,1818.0
colr123,2015,1397.0
colr124,1995,1115.0
colr124,2000,1258.0
colr124,2005,4410.0
colr124,2010,5540.0
colr124,2015,4739.0
colr125,2005,130.0
colr125,2010,180.0
colr125,2015,261.0
colr126,2005,151.0
colr126,2010,364.0
colr126,2015,351.0
colr127,2005,107.0
colr127,2010,364.0
colr127,2015,314.0
colr128,2005,79.0
colr128,2010,77.0
colr128,2015,80.0
colr129,2005,26.0
colr129,2010,108.0
colr129,2015,64.0
colr130,2005,6.0
colr130,2010,27.0
colr130,2015,40.0
colr131,2005,27.0
colr131,2010,47.0
colr131,2015,58.0
colr132,2005,6.0
colr132,2010,19.0
colr132,2015,38.0
colr133,2005,14.0
colr133,2010,68.0
colr133,2015,31.0
comr101,1996,1792.0
comr101,2012,2757.0
comr102,1996,200.0
comr102,2012,352.0
comr103,1996,951.0
comr103,2012,2344.0
cpvr101,2013,127.0
cpvr102,2013,208.0
cpvr103,2013,302.0
cpvr104,2013,366.0
cpvr105,2013,96.0
crir101,2011,1975.0
crir101,2018,1319.0
crir102,2011,1199.0
crir102,2018,812.0
crir103,2011,649.0
crir103,2018,504.0
crir104,2011,598.0
crir104,2018,412.0
crir105,2011,397.0
crir105,2018,355.0
crir106,2011,734.0
crir106,2018,413.0
crir107,2011,482.0
crir107,2018,354.0
cubr101,2011,665.0
cubr101,2019,645.0
cubr102,2011,749.0
cubr102,2019,936.0
cubr103,2011,1980.0
cubr103,2019,1743.0
cubr104,2011,424.0
cubr104,2019,999.0
cubr105,2011,983.0
cubr105,2019,1080.0
cubr106,2011,342.0
cubr106,2019,515.0
cubr107,2011,420.0
cubr107,2019,606.0
cubr108,2011,257.0
cubr108,2019,541.0
cubr109,2011,724.0
cubr109,2019,1167.0
cubr110,2011,502.0
cubr110,2019,512.0
cubr111,2011,982.0
cubr111,2019,1063.0
cubr112,2011,743.0
cubr112,2019,833.0
cubr113,2011,1126.0
cubr113,2019,967.0
cubr114,2011,438.0
cubr114,2019,461.0
cubr115,2011,76.0
cubr115,2019,93.0
djir101,2006,6193.0
djir102,2006,1154.0
domr101,1996,3177.0
domr101,2002,9022.0
domr101,2007,11223.0
domr101,2013,4088.0
domr101,2019,10740.0
domr102,1996,1335.0
domr102,2002,3127.0
domr102,2007,3390.0
domr102,2013,965.0
domr102,2019,3252.0
domr103,1996,1440.0
domr103,2002,5217.0
domr103,2007,5382.0
domr103,2013,1845.0
domr103,2019,4959.0
domr104,1996,710.0
domr104,2002,2130.0
domr104,2007,2314.0
domr104,2013,791.0
domr104,2019,1992.0
domr105,1996,442.0
domr105,2002,1050.0
domr105,2007,1273.0
domr105,2013,410.0
domr105,2019,1076.0
domr106,1996,1079.0
domr106,2002,2967.0
domr106,2007,3068.0
domr106,2013,1229.0
domr106,2019,3980.0
domr107,1996,281.0
domr107,2002,924.0
domr107,2007,1009.0
domr107,2013,635.0
domr107,2019,987.0
domr108,1996,496.0
domr108,2002,1374.0
domr108,2007,1756.0
domr108,2013,629.0
domr108,2019,1397.0
domr109,1996,716.0
domr109,2002,2455.0
domr109,2007,2740.0
domr109,2013,936.0
domr109,2019,2273.0
dzar101,2002,5706.0
dzar101,2013,15821.0
dzar101,2019,16009.0
dzar102,2002,2715.0
dzar102,2013,6874.0
dzar102,2019,7157.0
dzar103,2002,3208.0
dzar103,2013,7299.0
dzar103,2019,8051.0
dzar104,2002,1147.0
dzar104,2013,2972.0
dzar104,2019,3373.0
dzar105,2002,2345.0
dzar105,2013,6309.0
dzar105,2019,6590.0
dzar106,2002,886.0
dzar106,2013,2607.0
dzar106,2019,2367.0
dzar107,2002,1120.0
dzar107,2013,4183.0
dzar107,2019,4187.0
ecur101,2007,1104.0
ecur101,2011,957.0
ecur102,2007,1051.0
ecur102,2011,857.0
ecur103,2007,428.0
ecur103,2011,260.0
egyr101,1995,3247.0
egyr101,2000,3017.0
egyr101,2005,3746.0
egyr101,2008,3215.0
egyr101,2014,3402.0
egyr102,1995,1699.0
egyr102,2000,1591.0
egyr102,2005,1801.0
egyr102,2008,1686.0
egyr102,2014,1623.0
egyr103,1995,215.0
egyr103,2000,225.0
egyr103,2005,259.0
egyr103,2008,238.0
egyr103,2014,153.0
egyr104,1995,146.0
egyr104,2000,191.0
egyr104,2005,231.0
egyr104,2008,205.0
egyr104,2014,29.0
egyr105,1995,295.0
egyr105,2000,348.0
egyr105,2005,381.0
egyr105,2008,353.0
egyr105,2014,573.0
egyr106,1995,1748.0
egyr106,2000,1765.0
egyr106,2005,2015.0
egyr106,2008,1699.0
egyr106,2014,2474.0
egyr107,1995,1631.0
egyr107,2000,1606.0
egyr107,2005,2104.0
egyr107,2008,1662.0
egyr107,2014,2886.0
egyr108,1995,1401.0
egyr108,2000,1205.0
egyr108,2005,1863.0
egyr108,2008,1520.0
egyr108,2014,1594.0
egyr109,1995,716.0
egyr109,2000,859.0
egyr109,2005,1055.0
egyr109,2008,1003.0
egyr109,2014,1282.0
egyr110,1995,1113.0
egyr110,2000,1566.0
egyr110,2005,1978.0
egyr110,2008,1528.0
egyr110,2014,2202.0
egyr111,1995,943.0
egyr111,2000,1075.0
egyr111,2005,1280.0
egyr111,2008,1307.0
egyr111,2014,1657.0
egyr112,1995,1370.0
egyr112,2000,1588.0
egyr112,2005,1633.0
egyr112,2008,1726.0
egyr112,2014,2862.0
egyr113,1995,244.0
egyr113,2000,199.0
egyr113,2005,377.0
egyr113,2008,327.0
egyr113,2014,254.0
egyr114,1995,1657.0
egyr114,2000,2079.0
egyr114,2005,2989.0
egyr114,2008,2204.0
egyr114,2014,3158.0
egyr115,1995,650.0
egyr115,2000,562.0
egyr115,2005,877.0
egyr115,2008,747.0
egyr115,2014,1060.0
egyr116,1995,535.0
egyr116,2000,697.0
egyr116,2005,951.0
egyr116,2008,764.0
egyr116,2014,1009.0
egyr117,1995,1231.0
egyr117,2000,1117.0
egyr117,2005,1788.0
egyr117,2008,1343.0
egyr117,2014,1803.0
egyr118,1995,853.0
egyr118,2000,1235.0
egyr118,2005,1260.0
egyr118,2008,1268.0
egyr118,2014,1655.0
egyr119,1995,967.0
egyr119,2000,1126.0
egyr119,2005,1791.0
egyr119,2008,1168.0
egyr119,2014,1579.0
egyr120,1995,943.0
egyr120,2000,960.0
egyr120,2005,1458.0
egyr120,2008,1110.0
egyr120,2014,1450.0
egyr121,1995,338.0
egyr121,2000,356.0
egyr121,2005,439.0
egyr121,2008,398.0
egyr121,2014,595.0
egyr122,1995,187.0
egyr122,2000,312.0
egyr122,2005,330.0
egyr122,2008,357.0
egyr122,2014,284.0
erir101,1995,143.0
erir101,2002,322.0
erir102,1995,1111.0
erir102,2002,2546.0
erir103,1995,563.0
erir103,2002,1210.0
erir104,1995,620.0
erir104,2002,1294.0
erir105,1995,1079.0
erir105,2002,1918.0
erir106,1995,1332.0
erir106,2002,2769.0
ethr101,2000,846.0
ethr101,2005,915.0
ethr101,2011,1085.0
ethr101,2016,1058.0
ethr102,2000,198.0
ethr102,2005,160.0
ethr102,2011,139.0
ethr102,2016,123.0
ethr103,2000,3971.0
ethr103,2005,3755.0
ethr103,2011,4581.0
ethr103,2016,4150.0
ethr104,2000,5761.0
ethr104,2005,5176.0
ethr104,2011,6444.0
ethr104,2016,6091.0
ethr105,2000,211.0
ethr105,2005,556.0
ethr105,2011,332.0
ethr105,2016,406.0
ethr106,2000,164.0
ethr106,2005,127.0
ethr106,2011,183.0
ethr106,2016,164.0
ethr107,2000,3246.0
ethr107,2005,3072.0
ethr107,2011,3086.0
ethr107,2016,3396.0
ethr108,2000,40.0
ethr108,2005,47.0
ethr108,2011,71.0
ethr108,2016,45.0
ethr109,2000,37.0
ethr109,2005,40.0
ethr109,2011,52.0
ethr109,2016,41.0
ethr110,2000,568.0
ethr110,2005,686.0
ethr110,2011,849.0
ethr110,2016,800.0
ethr111,2000,71.0
ethr111,2005,71.0
ethr111,2011,72.0
ethr111,2016,92.0
fjir101,2007,4888.0
fjir102,2007,3209.0
fjir103,2007,807.0
fjir104,2007,1663.0
fjir105,2007,1191.0
fjir106,2007,1958.0
fjir107,2007,2316.0
fjir108,2007,7514.0
fjir109,2007,1901.0
fjir110,2007,905.0
gabr101,2000,402.0
gabr101,2012,1082.0
gabr102,2000,733.0
gabr102,2012,712.0
gabr103,2000,335.0
gabr103,2012,282.0
gabr104,2000,437.0
gabr104,2012,514.0
gabr105,2000,238.0
gabr105,2012,221.0
gabr106,2000,347.0
gabr106,2012,287.0
gabr107,2000,321.0
gabr107,2012,318.0
gabr108,2000,150.0
gabr108,2012,117.0
gabr109,2000,622.0
gabr109,2012,567.0
gabr110,2000,4055.0
gabr110,2012,5831.0
geor102,2005,1357.0
geor102,2018,1399.0
geor103,2005,551.0
geor103,2018,426.0
geor104,2005,2695.0
geor104,2018,2116.0
geor105,2005,1374.0
geor105,2018,1115.0
geor106,2005,1688.0
geor106,2018,1592.0
geor107,2005,483.0
geor107,2018,361.0
geor108,2005,1547.0
geor108,2018,1252.0
geor109,2005,747.0
geor109,2018,537.0
geor110,2005,1096.0
geor110,2018,1053.0
geor111,2005,3398.0
geor111,2018,4565.0
ghar101,1998,606.0
ghar101,2003,485.0
ghar101,2006,548.0
ghar101,2008,1042.0
ghar101,2011,1176.0
ghar101,2014,988.0
ghar101,2017,1204.0
ghar102,1998,415.0
ghar102,2003,377.0
ghar102,2006,393.0
ghar102,2008,915.0
ghar102,2011,1123.0
ghar102,2014,832.0
ghar102,2017,1024.0
ghar103,1998,817.0
ghar103,2003,805.0
ghar103,2006,979.0
ghar103,2008,1719.0
ghar103,2011,2387.0
ghar103,2014,2060.0
ghar103,2017,1518.0
ghar104,1998,557.0
ghar104,2003,484.0
ghar104,2006,431.0
ghar104,2008,907.0
ghar104,2011,1058.0
ghar104,2014,752.0
ghar104,2017,944.0
ghar105,1998,638.0
ghar105,2003,588.0
ghar105,2006,666.0
ghar105,2008,1063.0
ghar105,2011,1388.0
ghar105,2014,914.0
ghar105,2017,1521.0
ghar106,1998,705.0
ghar106,2003,1004.0
ghar106,2006,877.0
ghar106,2008,1848.0
ghar106,2011,2259.0
ghar106,2014,1689.0
ghar106,2017,2742.0
ghar107,1998,393.0
ghar107,2003,525.0
ghar107,2006,496.0
ghar107,2008,911.0
ghar107,2011,1036.0
ghar107,2014,788.0
ghar107,2017,1050.0
ghar108,1998,275.0
ghar108,2003,586.0
ghar108,2006,713.0
ghar108,2008,1078.0
ghar108,2011,970.0
ghar108,2014,851.0
ghar108,2017,1142.0
ghar109,1998,152.0
ghar109,2003,163.0
ghar109,2006,128.0
ghar109,2008,254.0
ghar109,2011,324.0
ghar109,2014,255.0
ghar109,2017,288.0
ghar110,1998,259.0
ghar110,2003,335.0
ghar110,2006,239.0
ghar110,2008,578.0
ghar110,2011,478.0
ghar110,2014,391.0
ghar110,2017,414.0
ginr101,2005,868.0
ginr101,2012,1040.0
ginr101,2018,1005.0
ginr102,2005,1378.0
ginr102,2012,1964.0
ginr102,2018,1810.0
ginr103,2005,588.0
ginr103,2012,714.0
ginr103,2018,805.0
ginr104,2005,906.0
ginr104,2012,1179.0
ginr104,2018,1248.0
ginr105,2005,962.0
ginr105,2012,1262.0
ginr105,2018,1342.0
ginr106,2005,591.0
ginr106,2012,665.0
ginr106,2018,755.0
ginr107,2005,499.0
ginr107,2012,565.0
ginr107,2018,706.0
ginr108,2005,1733.0
ginr108,2012,1477.0
ginr108,2018,1606.0
gmbr101,2000,1379.0
gmbr101,2006,424.0
gmbr101,2013,275.0
gmbr101,2018,203.0
gmbr101,2020,206.0
gmbr102,2000,893.0
gmbr102,2006,2953.0
gmbr102,2013,2347.0
gmbr102,2018,2871.0
gmbr102,2020,2485.0
gmbr103,2000,703.0
gmbr103,2006,2538.0
gmbr103,2013,4134.0
gmbr103,2018,5124.0
gmbr103,2020,4752.0
gmbr104,2000,697.0
gmbr104,2006,479.0
gmbr104,2013,472.0
gmbr104,2018,424.0
gmbr104,2020,394.0
gmbr105,2000,632.0
gmbr105,2006,974.0
gmbr105,2013,1079.0
gmbr105,2018,1077.0
gmbr105,2020,985.0
gmbr106,2000,721.0
gmbr106,2006,548.0
gmbr106,2013,544.0
gmbr106,2018,424.0
gmbr106,2020,442.0
gmbr107,2000,768.0
gmbr107,2006,697.0
gmbr107,2013,795.0
gmbr107,2018,740.0
gmbr107,2020,555.0
gmbr108,2000,544.0
gmbr108,2006,1069.0
gmbr108,2013,1099.0
gmbr108,2018,1032.0
gmbr108,2020,881.0
gnbr101,2006,411.0
gnbr101,2014,687.0
gnbr101,2019,601.0
gnbr102,2006,237.0
gnbr102,2014,385.0
gnbr102,2019,530.0
gnbr103,2006,1322.0
gnbr103,2014,1472.0
gnbr103,2019,1330.0
gnbr104,2006,578.0
gnbr104,2014,607.0
gnbr104,2019,786.0
gnbr105,2006,240.0
gnbr105,2014,234.0
gnbr105,2019,202.0
gnbr106,2006,958.0
gnbr106,2014,1086.0
gnbr106,2019,1849.0
gnbr107,2006,980.0
gnbr107,2014,1062.0
gnbr107,2019,1674.0
gnbr108,2006,1209.0
gnbr108,2014,1079.0
gnbr108,2019,1144.0
gnbr109,2006,2159.0
gnbr109,2014,3541.0
gnbr109,2019,2824.0
gnqr101,2000,966.0
gnqr102,2000,590.0
gnqr103,2000,823.0
gnqr104,2000,1286.0
gnqr105,2000,550.0
gtmr101,1995,4155.0
gtmr101,1999,2234.0
gtmr101,2007,304.0
gtmr101,2012,523.0
gtmr101,2015,5454.0
gtmr102,1995,853.0
gtmr102,1999,429.0
gtmr102,2007,101.0
gtmr102,2012,173.0
gtmr102,2015,2011.0
gtmr103,1995,1116.0
gtmr103,1999,568.0
gtmr103,2007,170.0
gtmr103,2012,165.0
gtmr103,2015,2107.0
gtmr104,1995,1143.0
gtmr104,1999,546.0
gtmr104,2007,107.0
gtmr104,2012,207.0
gtmr104,2015,2018.0
gtmr105,1995,1412.0
gtmr105,1999,711.0
gtmr105,2007,210.0
gtmr105,2012,279.0
gtmr105,2015,2765.0
gtmr106,1995,2685.0
gtmr106,1999,1327.0
gtmr106,2007,323.0
gtmr106,2012,450.0
gtmr106,2015,5597.0
gtmr107,1995,1294.0
gtmr107,1999,632.0
gtmr107,2007,132.0
gtmr107,2012,252.0
gtmr107,2015,2925.0
gtmr108,1999,179.0
gtmr108,2007,28.0
gtmr108,2012,66.0
gtmr108,2015,892.0
guyr101,2006,133.0
guyr101,2009,185.0
guyr101,2014,75.0
guyr101,2019,134.0
guyr102,2006,390.0
guyr102,2009,325.0
guyr102,2014,313.0
guyr102,2019,420.0
guyr103,2006,734.0
guyr103,2009,683.0
guyr103,2014,852.0
guyr103,2019,1279.0
guyr104,2006,2218.0
guyr104,2009,2282.0
guyr104,2014,2366.0
guyr104,2019,2848.0
guyr105,2006,318.0
guyr105,2009,399.0
guyr105,2014,354.0
guyr105,2019,397.0
guyr106,2006,873.0
guyr106,2009,943.0
guyr106,2014,790.0
guyr106,2019,995.0
guyr107,2006,98.0
guyr107,2009,107.0
guyr107,2014,76.0
guyr107,2019,113.0
guyr108,2006,57.0
guyr108,2009,91.0
guyr108,2014,47.0
guyr108,2019,38.0
guyr109,2006,120.0
guyr109,2009,91.0
guyr109,2014,135.0
guyr109,2019,180.0
guyr110,2006,263.0
guyr110,2009,260.0
guyr110,2014,217.0
guyr110,2019,276.0
hndr101,2005,1020.0
hndr101,2011,1227.0
hndr101,2019,1002.0
hndr102,2005,643.0
hndr102,2011,862.0
hndr102,2019,721.0
hndr103,2005,1211.0
hndr103,2011,1549.0
hndr103,2019,1274.0
hndr104,2005,861.0
hndr104,2011,1121.0
hndr104,2019,925.0
hndr105,2005,4112.0
hndr105,2011,4412.0
hndr105,2019,3945.0
hndr106,2005,1231.0
hndr106,2011,1361.0
hndr106,2019,1266.0
hndr107,2005,1237.0
hndr107,2011,1403.0
hndr107,2019,1265.0
hndr108,2005,4072.0
hndr108,2011,4792.0
hndr108,2019,3993.0
hndr109,2011,230.0
hndr109,2019,162.0
hndr110,2005,543.0
hndr110,2011,587.0
hndr110,2019,602.0
hndr111,2011,184.0
hndr111,2019,187.0
hndr112,2005,513.0
hndr112,2011,603.0
hndr112,2019,522.0
hndr113,2005,780.0
hndr113,2011,922.0
hndr113,2019,850.0
hndr114,2005,363.0
hndr114,2011,463.0
hndr114,2019,418.0
hndr115,2005,1294.0
hndr115,2011,1435.0
hndr115,2019,1304.0
hndr116,2005,1227.0
hndr116,2011,1326.0
hndr116,2019,1162.0
hndr117,2005,451.0
hndr117,2011,551.0
hndr117,2019,513.0
hndr118,2005,1439.0
hndr118,2011,1739.0
hndr118,2019,1428.0
htir101,1994,1823.0
htir101,2000,4152.0
htir101,2005,3891.0
htir101,2012,5449.0
htir101,2017,5328.0
htir102,1994,356.0
htir102,2000,486.0
htir102,2005,578.0
htir102,2012,749.0
htir102,2017,815.0
htir103,1994,553.0
htir103,2000,874.0
htir103,2005,992.0
htir103,2012,1392.0
htir103,2017,1484.0
htir104,1994,200.0
htir104,2000,374.0
htir104,2005,339.0
htir104,2012,465.0
htir104,2017,465.0
htir105,1994,773.0
htir105,2000,1706.0
htir105,2005,1735.0
htir105,2012,2266.0
htir105,2017,1963.0
htir106,1994,355.0
htir106,2000,871.0
htir106,2005,803.0
htir106,2012,887.0
htir106,2017,964.0
htir107,1994,436.0
htir107,2000,827.0
htir107,2005,806.0
htir107,2012,1195.0
htir107,2017,1182.0
htir108,1994,384.0
htir108,2000,646.0
htir108,2005,764.0
htir108,2012,1163.0
htir108,2017,1219.0
htir109,1994,218.0
htir109,2000,383.0
htir109,2005,564.0
htir109,2012,645.0
htir109,2017,694.0
htir110,2012,543.0
idnr101,1997,786.0
idnr101,2007,796.0
idnr101,2012,1005.0
idnr101,2017,1015.0
idnr102,1997,2203.0
idnr102,2003,3089.0
idnr102,2007,2492.0
idnr102,2012,2604.0
idnr102,2017,2871.0
idnr103,1997,823.0
idnr103,2003,1052.0
idnr103,2007,953.0
idnr103,2012,1060.0
idnr103,2017,1114.0
idnr104,1997,732.0
idnr104,2003,907.0
idnr104,2007,809.0
idnr104,2012,1604.0
idnr104,2017,1768.0
idnr105,1997,570.0
idnr105,2003,522.0
idnr105,2007,523.0
idnr105,2012,736.0
idnr105,2017,790.0
idnr106,1997,1340.0
idnr106,2003,1098.0
idnr106,2007,1495.0
idnr106,2012,1759.0
idnr106,2017,1786.0
idnr107,1997,272.0
idnr107,2003,225.0
idnr107,2007,340.0
idnr107,2012,392.0
idnr107,2017,439.0
idnr108,1997,1342.0
idnr108,2003,1415.0
idnr108,2007,1718.0
idnr108,2012,1838.0
idnr108,2017,1936.0
idnr109,2003,219.0
idnr109,2007,559.0
idnr109,2012,315.0
idnr109,2017,331.0
idnr110,1997,1850.0
idnr110,2003,1595.0
idnr110,2007,2498.0
idnr110,2012,2328.0
idnr110,2017,2320.0
idnr111,1997,8430.0
idnr111,2003,8465.0
idnr111,2007,9013.0
idnr111,2012,10408.0
idnr111,2017,11323.0
idnr112,1997,6901.0
idnr112,2003,6307.0
idnr112,2007,8862.0
idnr112,2012,7616.0
idnr112,2017,8300.0
idnr113,1997,800.0
idnr113,2003,681.0
idnr113,2007,1083.0
idnr113,2012,910.0
idnr113,2017,1045.0
idnr114,1997,8085.0
idnr114,2003,7878.0
idnr114,2007,9585.0
idnr114,2012,9596.0
idnr114,2017,9671.0
idnr115,2003,2022.0
idnr115,2007,2006.0
idnr115,2012,2493.0
idnr115,2017,2534.0
idnr116,1997,705.0
idnr116,2003,700.0
idnr116,2007,978.0
idnr116,2012,1078.0
idnr116,2017,1226.0
idnr117,1997,708.0
idnr117,2003,733.0
idnr117,2007,1046.0
idnr117,2012,1033.0
idnr117,2017,1061.0
idnr118,1997,740.0
idnr118,2003,722.0
idnr118,2007,933.0
idnr118,2012,995.0
idnr118,2017,1019.0
idnr119,1997,178.0
idnr120,1997,758.0
idnr120,2003,753.0
idnr120,2007,1060.0
idnr120,2012,965.0
idnr120,2017,1083.0
idnr121,1997,362.0
idnr121,2003,396.0
idnr121,2007,451.0
idnr121,2012,531.0
idnr121,2017,502.0
idnr122,1997,570.0
idnr122,2003,673.0
idnr122,2007,829.0
idnr122,2012,866.0
idnr122,2017,935.0
idnr123,1997,527.0
idnr123,2003,706.0
idnr123,2007,745.0
idnr123,2012,818.0
idnr123,2017,799.0
idnr124,1997,576.0
idnr124,2003,451.0
idnr124,2007,670.0
idnr124,2012,598.0
idnr124,2017,557.0
idnr125,1997,400.0
idnr125,2003,460.0
idnr125,2007,582.0
idnr125,2012,624.0
idnr125,2017,649.0
idnr126,1997,1543.0
idnr126,2003,1801.0
idnr126,2007,1975.0
idnr126,2012,1915.0
idnr126,2017,1997.0
idnr127,1997,267.0
idnr127,2003,299.0
idnr127,2007,395.0
idnr127,2012,459.0
idnr127,2017,499.0
idnr128,2003,203.0
idnr128,2007,233.0
idnr128,2012,242.0
idnr128,2017,260.0
idnr129,1997,383.0
idnr129,2007,516.0
idnr129,2012,539.0
idnr129,2017,566.0
idnr130,1997,361.0
idnr130,2007,508.0
idnr130,2012,712.0
idnr130,2017,799.0
indr101,1992,9878.0
indr101,1999,11998.0
indr101,2006,11124.0
indr101,2012,4628.0
indr101,2016,38247.0
indr102,1992,3380.0
indr102,1999,3549.0
indr102,2006,3857.0
indr102,2012,1704.0
indr102,2016,20375.0
indr103,1992,14355.0
indr103,1999,13854.0
indr103,2006,12997.0
indr103,2012,3524.0
indr103,2016,58759.0
indr104,1992,186.0
indr104,1999,231.0
indr104,2006,236.0
indr104,2012,203.0
indr104,2016,1105.0
indr105,1992,6595.0
indr105,1999,7478.0
indr105,2006,7681.0
indr105,2012,3247.0
indr105,2016,43615.0
indr106,1992,2839.0
indr106,1999,2949.0
indr106,2006,2863.0
indr106,2012,1171.0
indr106,2016,20741.0
indr107,1992,737.0
indr107,1999,894.0
indr107,2006,866.0
indr107,2012,331.0
indr107,2016,4741.0
indr108,1992,569.0
indr108,1999,1366.0
indr108,2006,1449.0
indr108,2012,798.0
indr108,2016,8381.0
indr109,1992,7302.0
indr109,1999,8083.0
indr109,2006,8773.0
indr109,2012,3473.0
indr109,2016,45521.0
indr110,1992,4396.0
indr110,1999,5035.0
indr110,2006,4079.0
indr110,2012,1831.0
indr110,2016,27914.0
indr111,1992,10961.0
indr111,1999,11228.0
indr111,2006,12119.0
indr111,2012,3046.0
indr111,2016,54893.0
indr112,1992,12696.0
indr112,1999,14839.0
indr112,2006,15254.0
indr112,2012,6009.0
indr112,2016,91487.0
indr113,1992,306.0
indr113,1999,313.0
indr113,2006,292.0
indr113,2012,144.0
indr113,2016,1484.0
indr114,1992,267.0
indr114,1999,279.0
indr114,2006,334.0
indr114,2012,148.0
indr114,2016,1677.0
indr115,1992,106.0
indr115,1999,126.0
indr115,2006,122.0
indr115,2012,61.0
indr115,2016,708.0
indr116,1992,174.0
indr116,1999,234.0
indr116,2006,195.0
indr116,2012,129.0
indr116,2016,986.0
indr117,1992,4935.0
indr117,1999,5732.0
indr117,2006,5507.0
indr117,2012,2183.0
indr117,2016,29867.0
indr118,1992,3317.0
indr118,1999,3712.0
indr118,2006,3994.0
indr118,2012,1553.0
indr118,2016,21371.0
indr119,1992,7330.0
indr119,1999,7307.0
indr119,2006,7851.0
indr119,2012,3128.0
indr119,2016,44246.0
indr120,1999,72.0
indr120,2006,95.0
indr120,2012,35.0
indr120,2016,395.0
indr121,1992,7902.0
indr121,1999,10041.0
indr121,2006,8580.0
indr121,2012,3918.0
indr121,2016,60412.0
indr122,1992,11170.0
indr122,1999,12524.0
indr122,2006,12036.0
indr122,2012,4873.0
indr122,2016,68974.0
indr123,1992,22918.0
indr123,1999,21794.0
indr123,2006,22326.0
indr123,2012,7955.0
indr123,2016,117923.0
indr124,1992,1596.0
indr124,1999,2066.0
indr124,2006,2061.0
indr124,2012,1105.0
indr124,2016,14300.0
indr125,1992,124.0
indr125,1999,154.0
indr125,2006,154.0
indr125,2012,65.0
indr125,2016,725.0
indr126,1992,421.0
indr126,1999,539.0
indr126,2006,513.0
indr126,2012,216.0
indr126,2016,2665.0
indr127,2012,811.0
indr127,2016,6640.0
indr128,2012,2393.0
indr128,2016,21079.0
indr129,2012,1669.0
indr129,2016,19008.0
indr130,2016,28068.0
indr131,2012,3.0
indr131,2016,760.0
indr132,2012,59.0
indr132,2016,237.0
indr133,2012,105.0
indr133,2016,879.0
indr134,2016,162.0
indr135,2016,56.0
indr136,2016,277.0
irnr101,2006,8705.0
irnr101,2011,6403.0
irnr102,2006,16541.0
irnr102,2011,12021.0
irnr103,2006,19894.0
irnr103,2011,14900.0
irnr104,2006,24009.0
irnr104,2011,17450.0
irnr105,2006,17601.0
irnr105,2011,13500.0
irnr106,2006,11804.0
irnr106,2011,8908.0
irnr107,2006,25336.0
irnr107,2011,19038.0
irnr108,2006,27726.0
irnr108,2011,20936.0
irnr109,2006,15987.0
irnr109,2011,12196.0
irnr110,2006,33907.0
irnr110,2011,25828.0
irnr111,2006,31390.0
irnr111,2011,23159.0
irnr112,2006,11372.0
irnr112,2011,8443.0
irnr113,2006,8906.0
irnr113,2011,6627.0
irnr114,2006,10755.0
irnr114,2011,7838.0
irnr115,2006,5171.0
irnr115,2011,4007.0
irnr116,2006,10525.0
irnr116,2011,7716.0
irnr117,2006,3324.0
irnr117,2011,2503.0
irnr118,2006,3633.0
irnr118,2011,2743.0
irnr119,2006,5800.0
irnr119,2011,3980.0
irnr120,2006,5864.0
irnr120,2011,4467.0
irnr121,2006,3992.0
irnr121,2011,2837.0
irnr122,2006,6612.0
irnr122,2011,4878.0
irnr123,2006,8070.0
irnr123,2011,6183.0
irnr124,2006,36182.0
irnr124,2011,70758.0
irnr125,2006,7455.0
irnr125,2011,5441.0
irnr126,2006,6631.0
irnr126,2011,5136.0
irnr127,2006,7513.0
irnr127,2011,5610.0
irnr128,2006,9642.0
irnr128,2011,7573.0
irnr129,2006,4558.0
irnr129,2011,3515.0
irnr130,2006,3619.0
irnr130,2011,2608.0
irqr101,2006,812.0
irqr101,2011,2105.0
irqr101,2018,1119.0
irqr102,2006,2666.0
irqr102,2011,4631.0
irqr102,2018,2791.0
irqr103,2006,1656.0
irqr103,2011,3780.0
irqr103,2018,1862.0
irqr104,2006,825.0
irqr104,2011,2503.0
irqr104,2018,1387.0
irqr105,2006,1100.0
irqr105,2011,3154.0
irqr105,2018,2533.0
irqr106,2006,1382.0
irqr106,2011,2252.0
irqr106,2018,1804.0
irqr107,2006,1430.0
irqr107,2011,2284.0
irqr107,2018,1249.0
irqr108,2006,6476.0
irqr108,2011,12075.0
irqr108,2018,5553.0
irqr109,2006,1705.0
irqr109,2011,2983.0
irqr109,2018,1464.0
irqr110,2006,819.0
irqr110,2011,1708.0
irqr110,2018,903.0
irqr111,2006,1013.0
irqr111,2011,1796.0
irqr111,2018,1106.0
irqr112,2006,1295.0
irqr112,2011,2132.0
irqr112,2018,970.0
irqr113,2006,1002.0
irqr113,2011,2100.0
irqr113,2018,1177.0
irqr114,2006,924.0
irqr114,2011,1812.0
irqr114,2018,943.0
irqr115,2006,637.0
irqr115,2011,1101.0
irqr115,2018,959.0
irqr116,2006,1423.0
irqr116,2011,2977.0
irqr116,2018,1972.0
irqr117,2006,773.0
irqr117,2011,1562.0
irqr117,2018,1174.0
irqr118,2006,1710.0
irqr118,2011,4352.0
irqr118,2018,2395.0
jamr101,2005,1110.0
jamr101,2011,1351.0
jamr102,2005,479.0
jamr102,2011,583.0
jamr103,2005,1095.0
jamr103,2011,1386.0
jamr104,2005,403.0
jamr104,2011,466.0
jamr105,2005,631.0
jamr105,2011,761.0
jamr106,2005,707.0
jamr106,2011,898.0
jorr101,2002,4813.0
jorr101,2007,8757.0
jorr101,2012,8428.0
jorr101,2017,10466.0
jorr102,2002,746.0
jorr102,2007,1423.0
jorr102,2012,1487.0
jorr102,2017,1513.0
jorr103,2002,1662.0
jorr103,2007,3071.0
jorr103,2012,2920.0
jorr103,2017,3457.0
jorr104,2002,307.0
jorr104,2007,517.0
jorr104,2012,588.0
jorr104,2017,574.0
jorr105,2002,2068.0
jorr105,2007,3877.0
jorr105,2012,3858.0
jorr105,2017,4574.0
jorr106,2002,383.0
jorr106,2007,935.0
jorr106,2012,973.0
jorr106,2017,1304.0
jorr107,2002,325.0
jorr107,2007,604.0
jorr107,2012,569.0
jorr107,2017,691.0
jorr108,2002,265.0
jorr108,2007,465.0
jorr108,2012,461.0
jorr108,2017,510.0
jorr109,2002,450.0
jorr109,2007,892.0
jorr109,2012,856.0
jorr109,2017,930.0
jorr110,2002,157.0
jorr110,2007,304.0
jorr110,2012,300.0
jorr110,2017,323.0
jorr111,2002,225.0
jorr111,2007,378.0
jorr111,2012,355.0
jorr111,2017,420.0
jorr112,2002,250.0
jorr112,2007,473.0
jorr112,2012,456.0
jorr112,2017,577.0
kazr101,1995,254.0
kazr101,1999,283.0
kazr101,2006,1181.0
kazr101,2010,1427.0
kazr101,2015,1386.0
kazr102,1995,1679.0
kazr102,1999,1941.0
kazr102,2006,5034.0
kazr102,2010,5996.0
kazr102,2015,6024.0
kazr103,1995,559.0
kazr103,1999,752.0
kazr103,2006,2183.0
kazr103,2010,2462.0
kazr103,2015,3144.0
kazr104,1995,370.0
kazr104,1999,468.0
kazr104,2006,1560.0
kazr104,2010,1484.0
kazr104,2015,1506.0
kazr105,1995,1264.0
kazr105,1999,1340.0
kazr105,2006,4028.0
kazr105,2010,4029.0
kazr105,2015,4434.0
kazr106,1995,249.0
kazr106,1999,746.0
kazr106,2006,1662.0
kazr106,2010,1575.0
kazr106,2015,1394.0
kenr101,1993,671.0
kenr101,1998,971.0
kenr101,2003,945.0
kenr101,2008,759.0
kenr101,2014,4099.0
kenr102,1993,1069.0
kenr102,1998,933.0
kenr102,2003,1228.0
kenr102,2008,977.0
kenr102,2014,4388.0
kenr103,1993,733.0
kenr103,1998,611.0
kenr103,2003,659.0
kenr103,2008,662.0
kenr103,2014,3397.0
kenr104,1993,1240.0
kenr104,1998,1307.0
kenr104,2003,1272.0
kenr104,2008,1356.0
kenr104,2014,5002.0
kenr105,1993,981.0
kenr105,1998,1439.0
kenr105,2003,1095.0
kenr105,2008,1204.0
kenr105,2014,3765.0
kenr106,1993,1637.0
kenr106,1998,1731.0
kenr106,2003,1831.0
kenr106,2008,2080.0
kenr106,2014,8283.0
kenr107,1993,958.0
kenr107,1998,789.0
kenr107,2003,796.0
kenr107,2008,865.0
kenr107,2014,3137.0
kenr108,2003,184.0
kenr108,2008,179.0
kenr108,2014,701.0
kgzr101,1997,610.0
kgzr101,2006,1021.0
kgzr101,2012,1365.0
kgzr101,2014,1128.0
kgzr101,2018,1531.0
kgzr102,1997,433.0
kgzr102,2006,497.0
kgzr102,2012,846.0
kgzr102,2014,655.0
kgzr102,2018,639.0
kgzr103,1997,842.0
kgzr103,2006,988.0
kgzr103,2012,1777.0
kgzr103,2014,1578.0
kgzr103,2018,1258.0
kgzr104,1997,169.0
kgzr104,2006,261.0
kgzr104,2012,446.0
kgzr104,2014,356.0
kgzr104,2018,333.0
kgzr105,1997,744.0
kgzr105,2006,1265.0
kgzr105,2012,1629.0
kgzr105,2014,1511.0
kgzr105,2018,1297.0
kgzr106,1997,1416.0
kgzr106,2006,1551.0
kgzr106,2012,2136.0
kgzr106,2014,1916.0
kgzr106,2018,1804.0
kgzr107,1997,247.0
kgzr107,2006,311.0
kgzr107,2012,449.0
kgzr107,2014,388.0
kgzr107,2018,368.0
kgzr108,2006,513.0
kgzr108,2012,681.0
kgzr108,2014,629.0
kgzr108,2018,571.0
khmr101,2000,628.0
khmr101,2005,650.0
khmr101,2010,824.0
khmr101,2014,829.0
khmr102,2000,1842.0
khmr102,2005,2217.0
khmr102,2010,2341.0
khmr102,2014,2585.0
khmr103,2000,471.0
khmr103,2005,565.0
khmr103,2010,770.0
khmr103,2014,660.0
khmr104,2000,648.0
khmr104,2005,797.0
khmr104,2010,1117.0
khmr104,2014,1259.0
khmr105,2000,670.0
khmr105,2005,796.0
khmr105,2010,1016.0
khmr105,2014,935.0
khmr106,2000,1356.0
khmr106,2005,1737.0
khmr106,2010,1857.0
khmr106,2014,1623.0
khmr107,2000,148.0
khmr107,2005,146.0
khmr107,2010,182.0
khmr107,2014,111.0
khmr108,2000,1388.0
khmr108,2005,1746.0
khmr108,2010,2161.0
khmr108,2014,2098.0
khmr109,2000,1164.0
khmr109,2005,1388.0
khmr109,2010,1510.0
khmr109,2014,1299.0
khmr110,2000,367.0
khmr110,2005,449.0
khmr110,2010,606.0
khmr110,2014,737.0
khmr111,2000,598.0
khmr111,2005,660.0
khmr111,2010,759.0
khmr111,2014,782.0
khmr112,2000,1004.0
khmr112,2005,1140.0
khmr112,2010,1312.0
khmr112,2014,1246.0
khmr113,2000,1008.0
khmr113,2005,1267.0
khmr113,2010,1429.0
khmr113,2014,1553.0
khmr114,2000,841.0
khmr114,2005,993.0
khmr114,2010,1205.0
khmr114,2014,1216.0
khmr115,2000,564.0
khmr115,2005,692.0
khmr115,2010,888.0
khmr115,2014,1041.0
khmr116,2000,162.0
khmr116,2005,270.0
khmr116,2010,281.0
khmr116,2014,420.0
khmr117,2000,882.0
khmr117,2005,1221.0
khmr117,2010,1454.0
khmr117,2014,1522.0
kirr101,2018,2526.0
kirr102,2018,765.0
kirr103,2018,324.0
kirr104,2018,687.0
kirr105,2018,363.0
ksvr101,2014,709.0
ksvr101,2020,825.0
ksvr102,2014,760.0
ksvr102,2020,864.0
ksvr103,2014,1017.0
ksvr103,2020,1086.0
ksvr104,2014,718.0
ksvr104,2020,757.0
ksvr105,2014,1202.0
ksvr105,2020,1204.0
ksvr106,2014,1897.0
ksvr106,2020,2531.0
ksvr107,2014,782.0
ksvr107,2020,881.0
kwtr101,2014,349.0
kwtr102,2014,103.0
kwtr103,2014,53.0
laor101,2012,3592.0
laor101,2017,3985.0
laor102,2012,797.0
laor102,2017,914.0
laor103,2012,705.0
laor103,2017,806.0
laor104,2012,1197.0
laor104,2017,1470.0
laor105,2012,693.0
laor105,2017,828.0
laor106,2012,1704.0
laor106,2017,2056.0
laor107,2012,1188.0
laor107,2017,1272.0
laor108,2012,1718.0
laor108,2017,1940.0
laor109,2012,968.0
laor109,2017,1166.0
laor110,2012,1898.0
laor110,2017,2377.0
laor111,2012,1029.0
laor111,2017,1254.0
laor112,2012,1263.0
laor112,2017,1698.0
laor113,2012,3736.0
laor113,2017,3798.0
laor114,2012,1522.0
laor114,2017,1666.0
laor115,2012,382.0
laor115,2017,464.0
laor116,2012,2226.0
laor116,2017,2713.0
laor117,2012,420.0
laor117,2017,559.0
lbnr101,2013,61.0
lbnr102,2013,220.0
lbnr103,2013,118.0
lbnr104,2013,65.0
lbnr105,2013,95.0
lbrr101,2013,286.0
lbrr101,2019,295.0
lbrr102,2013,1122.0
lbrr102,2019,857.0
lbrr103,2013,238.0
lbrr103,2019,159.0
lbrr104,2013,603.0
lbrr104,2019,502.0
lbrr105,2013,499.0
lbrr105,2019,323.0
lbrr106,2013,243.0
lbrr106,2019,218.0
lbrr107,2013,284.0
lbrr107,2019,163.0
lbrr108,2013,548.0
lbrr108,2019,723.0
lbrr109,2013,813.0
lbrr109,2019,504.0
lbrr110,2013,317.0
lbrr110,2019,272.0
lbrr111,2013,3738.0
lbrr111,2019,3404.0
lbrr112,2013,1302.0
lbrr112,2019,1358.0
lbrr113,2013,172.0
lbrr113,2019,139.0
lbrr114,2013,158.0
lbrr114,2019,122.0
lbrr115,2013,289.0
lbrr115,2019,244.0
lbrr201,2007,2080.0
lbrr201,2013,3409.0
lbrr202,2007,581.0
lbrr202,2013,1022.0
lbrr203,2007,1135.0
lbrr203,2013,1745.0
lbrr204,2007,507.0
lbrr204,2013,705.0
lbrr205,2007,469.0
lbrr205,2013,760.0
lbrr206,2007,2538.0
lbrr206,2013,2972.0
lbyr101,2014,167.0
lbyr102,2014,363.0
lbyr103,2014,42.0
lcar101,2012,299.0
lcar102,2012,1290.0
lsor101,2004,684.0
lsor101,2010,606.0
lsor101,2014,609.0
lsor101,2018,562.0
lsor102,2004,1328.0
lsor102,2010,1701.0
lsor102,2014,1543.0
lsor102,2018,1301.0
lsor103,2004,1069.0
lsor103,2010,1451.0
lsor103,2014,1242.0
lsor103,2018,1154.0
lsor104,2004,2463.0
lsor104,2010,2556.0
lsor104,2014,2401.0
lsor104,2018,2576.0
lsor105,2004,1083.0
lsor105,2010,1080.0
lsor105,2014,933.0
lsor105,2018,877.0
lsor106,2004,956.0
lsor106,2010,1035.0
lsor106,2014,1100.0
lsor106,2018,681.0
lsor107,2004,613.0
lsor107,2010,561.0
lsor107,2014,592.0
lsor107,2018,420.0
lsor108,2004,350.0
lsor108,2010,400.0
lsor108,2014,321.0
lsor108,2018,331.0
lsor109,2004,502.0
lsor109,2010,535.0
lsor109,2014,556.0
lsor109,2018,450.0
lsor110,2004,624.0
lsor110,2010,854.0
lsor110,2014,738.0
lsor110,2018,580.0
marr101,1992,2017.0
marr101,2003,3727.0
marr101,2014,274.0
marr102,1992,1187.0
marr102,2003,1939.0
marr102,2014,138.0
marr103,1992,2843.0
marr103,2003,4244.0
marr103,2014,210.0
marr104,1992,568.0
marr104,2003,1101.0
marr104,2014,91.0
marr105,1992,743.0
marr105,2003,1273.0
marr105,2014,96.0
marr106,1992,1085.0
marr106,2003,2736.0
marr106,2014,112.0
marr107,1992,977.0
marr107,2003,1854.0
marr107,2014,215.0
mdar101,2005,3268.0
mdar101,2012,2965.0
mdar102,2005,2744.0
mdar102,2012,2984.0
mdar103,2005,2045.0
mdar103,2012,1883.0
mdar104,2005,2325.0
mdar104,2012,1896.0
mdgr101,2009,2996.0
mdgr101,2018,2886.0
mdgr102,2009,1578.0
mdgr102,2018,1496.0
mdgr103,2009,740.0
mdgr103,2018,685.0
mdgr104,2009,494.0
mdgr104,2018,505.0
mdgr105,2009,840.0
mdgr105,2018,897.0
mdgr106,2009,569.0
mdgr106,2018,552.0
mdgr107,2009,796.0
mdgr107,2018,879.0
mdgr108,2009,332.0
mdgr108,2018,235.0
mdgr109,2009,476.0
mdgr109,2018,626.0
mdgr110,2009,1057.0
mdgr110,2018,1026.0
mdgr111,2009,997.0
mdgr111,2018,764.0
mdgr112,2009,996.0
mdgr112,2018,916.0
mdgr113,2009,619.0
mdgr113,2018,543.0
mdgr114,2009,923.0
mdgr114,2018,960.0
mdgr115,2009,237.0
mdgr115,2018,254.0
mdgr116,2009,183.0
mdgr116,2018,181.0
mdgr117,2009,929.0
mdgr117,2018,1162.0
mdgr118,2009,417.0
mdgr118,2018,512.0
mdgr119,2009,483.0
mdgr119,2018,522.0
mdgr120,2009,448.0
mdgr120,2018,574.0
mdgr121,2009,427.0
mdgr121,2018,663.0
mdgr122,2009,801.0
mdgr122,2018,673.0
mdgr201,1992,1759.0
mdgr201,1997,2286.0
mdgr201,2004,2811.0
mdgr201,2009,5808.0
mdgr201,2018,5571.0
mdgr202,1992,1270.0
mdgr202,1997,1345.0
mdgr202,2004,1509.0
mdgr202,2009,3012.0
mdgr202,2018,3189.0
mdgr203,1992,798.0
mdgr203,1997,959.0
mdgr203,2004,1223.0
mdgr203,2009,3050.0
mdgr203,2018,2705.0
mdgr204,1992,817.0
mdgr204,1997,923.0
mdgr204,2004,1109.0
mdgr204,2009,1962.0
mdgr204,2018,1938.0
mdgr205,1992,756.0
mdgr205,1997,1032.0
mdgr205,2004,1023.0
mdgr205,2009,2276.0
mdgr205,2018,2769.0
mdgr206,1992,392.0
mdgr206,1997,470.0
mdgr206,2004,649.0
mdgr206,2009,1228.0
mdgr206,2018,1335.0
mdvr101,2009,3734.0
mdvr101,2017,4037.0
mdvr102,2009,1500.0
mdvr102,2017,880.0
mdvr103,2009,1400.0
mdvr103,2017,867.0
mdvr104,2009,929.0
mdvr104,2017,621.0
mdvr105,2009,1192.0
mdvr105,2017,996.0
mdvr106,2009,1509.0
mdvr106,2017,1222.0
mexr101,2000,2228.0
mexr101,2010,3305.0
mexr101,2015,3123.0
mexr102,2000,6995.0
mexr102,2010,10319.0
mexr102,2015,8909.0
mexr103,2000,1253.0
mexr103,2010,1942.0
mexr103,2015,1847.0
mexr104,2000,1965.0
mexr104,2010,2446.0
mexr104,2015,2247.0
mexr105,2000,6265.0
mexr105,2010,8230.0
mexr105,2015,7556.0
mexr106,2000,1354.0
mexr106,2010,2050.0
mexr106,2015,1818.0
mexr107,2000,8890.0
mexr107,2010,12431.0
mexr107,2015,11353.0
mexr108,2000,8170.0
mexr108,2010,9617.0
mexr108,2015,8894.0
mexr109,2000,25372.0
mexr109,2010,29291.0
mexr109,2015,25068.0
mexr110,2000,3643.0
mexr110,2010,4353.0
mexr110,2015,4238.0
mexr111,2000,10849.0
mexr111,2010,15508.0
mexr111,2015,13471.0
mexr112,2000,6843.0
mexr112,2010,8866.0
mexr112,2015,7848.0
mexr113,2000,5577.0
mexr113,2010,7689.0
mexr113,2015,6853.0
mexr114,2000,16081.0
mexr114,2010,20757.0
mexr114,2015,19905.0
mexr115,2000,34596.0
mexr115,2010,43737.0
mexr115,2015,41222.0
mexr116,2000,9179.0
mexr116,2010,12130.0
mexr116,2015,11010.0
mexr117,2000,4017.0
mexr117,2010,5282.0
mexr117,2015,4906.0
mexr118,2000,2440.0
mexr118,2010,3234.0
mexr118,2015,3046.0
mexr119,2000,10975.0
mexr119,2010,14837.0
mexr119,2015,13499.0
mexr120,2000,8017.0
mexr120,2010,10269.0
mexr120,2015,9241.0
mexr121,2000,12432.0
mexr121,2010,16052.0
mexr121,2015,13968.0
mexr122,2000,3279.0
mexr122,2010,4960.0
mexr122,2015,5032.0
mexr123,2000,2628.0
mexr123,2010,3889.0
mexr123,2015,3850.0
mexr124,2000,5748.0
mexr124,2010,7199.0
mexr124,2015,6470.0
mexr125,2000,6876.0
mexr125,2010,8359.0
mexr125,2015,7411.0
mexr126,2000,6248.0
mexr126,2010,7896.0
mexr126,2015,7061.0
mexr127,2000,4837.0
mexr127,2010,6652.0
mexr127,2015,6026.0
mexr128,2000,7437.0
mexr128,2010,9591.0
mexr128,2015,8379.0
mexr129,2000,2376.0
mexr129,2010,3267.0
mexr129,2015,3058.0
mexr130,2000,17780.0
mexr130,2010,21875.0
mexr130,2015,20153.0
mexr131,2000,4601.0
mexr131,2010,5872.0
mexr131,2015,5382.0
mexr132,2000,3178.0
mexr132,2010,4260.0
mexr132,2015,3865.0
mexr201,2000,51705.0
mexr201,2010,66475.0
mexr201,2015,2413.0
mexr202,2000,49958.0
mexr202,2010,67891.0
mexr202,2015,2442.0
mexr203,2000,41779.0
mexr203,2010,55335.0
mexr203,2015,1676.0
mexr204,2000,59967.0
mexr204,2010,73028.0
mexr204,2015,2566.0
mexr205,2000,48720.0
mexr205,2010,63433.0
mexr205,2015,2369.0
mkdr101,2005,2658.0
mkdr101,2011,1607.0
mkdr101,2019,1942.0
mkdr102,2005,931.0
mkdr102,2011,747.0
mkdr102,2019,694.0
mkdr103,2005,484.0
mkdr103,2011,419.0
mkdr103,2019,378.0
mkdr104,2005,665.0
mkdr104,2011,532.0
mkdr104,2019,490.0
mkdr105,2005,1255.0
mkdr105,2011,475.0
mkdr105,2019,402.0
mkdr106,2005,653.0
mkdr106,2011,505.0
mkdr106,2019,353.0
mkdr107,2005,1503.0
mkdr107,2011,730.0
mkdr107,2019,644.0
mkdr108,2005,1080.0
mkdr108,2011,507.0
mkdr108,2019,447.0
mlir101,1995,1524.0
mlir101,2001,1616.0
mlir101,2006,1749.0
mlir101,2013,1470.0
mlir101,2018,1304.0
mlir102,1995,1579.0
mlir102,2001,2013.0
mlir102,2006,2224.0
mlir102,2013,2375.0
mlir102,2018,2130.0
mlir103,1995,1712.0
mlir103,2001,2334.0
mlir103,2006,2270.0
mlir103,2013,2495.0
mlir103,2018,1737.0
mlir104,1995,1864.0
mlir104,2001,2484.0
mlir104,2006,2387.0
mlir104,2013,2205.0
mlir104,2018,1795.0
mlir105,1995,1777.0
mlir105,2001,2010.0
mlir105,2006,2291.0
mlir105,2013,1407.0
mlir105,2018,1201.0
mlir106,1995,58.0
mlir106,2001,422.0
mlir106,2006,739.0
mlir106,2018,399.0
mlir107,1995,112.0
mlir107,2001,272.0
mlir107,2006,678.0
mlir107,2018,310.0
mlir108,1995,1324.0
mlir108,2001,2088.0
mlir108,2006,2118.0
mlir108,2013,1468.0
mlir108,2018,1831.0
mmrr101,2000,863.0
mmrr101,2016,477.0
mmrr102,2000,177.0
mmrr102,2016,74.0
mmrr103,2000,962.0
mmrr103,2016,377.0
mmrr104,2000,323.0
mmrr104,2016,131.0
mmrr105,2000,3779.0
mmrr105,2016,1649.0
mmrr106,2000,896.0
mmrr106,2016,353.0
mmrr107,2000,3779.0
mmrr107,2016,1559.0
mmrr108,2000,3261.0
mmrr108,2016,1234.0
mmrr109,2000,4795.0
mmrr109,2016,2179.0
mmrr110,2000,1725.0
mmrr110,2016,535.0
mmrr111,2000,1733.0
mmrr111,2016,856.0
mmrr112,2000,4388.0
mmrr112,2016,2187.0
mmrr113,2000,3538.0
mmrr113,2016,1721.0
mmrr114,2000,5073.0
mmrr114,2016,2158.0
mner101,2005,736.0
mner101,2013,1458.0
mner101,2018,926.0
mner102,2005,1373.0
mner102,2013,2299.0
mner102,2018,2511.0
mner103,2005,877.0
mner103,2013,1154.0
mner103,2018,1124.0
mngr101,2005,1065.0
mngr101,2010,1369.0
mngr101,2018,1643.0
mngr102,2005,1493.0
mngr102,2010,2192.0
mngr102,2018,2553.0
mngr103,2005,1073.0
mngr103,2010,1856.0
mngr103,2018,2203.0
mngr104,2005,510.0
mngr104,2010,814.0
mngr104,2018,1031.0
mngr105,2005,2351.0
mngr105,2010,4197.0
mngr105,2018,6789.0
mozr101,1997,450.0
mozr101,2003,591.0
mozr101,2011,679.0
mozr102,1997,678.0
mozr102,2003,1239.0
mozr102,2011,1056.0
mozr103,1997,1641.0
mozr103,2003,2647.0
mozr103,2011,1937.0
mozr104,1997,1523.0
mozr104,2003,2079.0
mozr104,2011,2211.0
mozr105,1997,360.0
mozr105,2003,1050.0
mozr105,2011,1459.0
mozr106,1997,426.0
mozr106,2003,807.0
mozr106,2011,691.0
mozr107,1997,1062.0
mozr107,2003,913.0
mozr107,2011,1081.0
mozr108,1997,704.0
mozr108,2003,865.0
mozr108,2011,552.0
mozr109,1997,639.0
mozr109,2003,441.0
mozr109,2011,439.0
mozr110,1997,566.0
mozr110,2003,945.0
mozr110,2011,862.0
mozr111,1997,466.0
mozr111,2003,930.0
mozr111,2011,736.0
mrtr101,2001,711.0
mrtr101,2007,1192.0
mrtr101,2011,1235.0
mrtr101,2015,1479.0
mrtr102,2001,734.0
mrtr102,2007,965.0
mrtr102,2011,947.0
mrtr102,2015,1172.0
mrtr103,2001,594.0
mrtr103,2007,933.0
mrtr103,2011,1072.0
mrtr103,2015,1064.0
mrtr104,2001,631.0
mrtr104,2007,935.0
mrtr104,2011,971.0
mrtr104,2015,1055.0
mrtr105,2001,663.0
mrtr105,2007,686.0
mrtr105,2011,997.0
mrtr105,2015,887.0
mrtr106,2001,2846.0
mrtr106,2007,5054.0
mrtr106,2011,4904.0
mrtr106,2015,5021.0
mrtr107,2001,169.0
mrtr107,2007,283.0
mrtr107,2011,292.0
mrtr107,2015,66.0
mrtr108,2001,361.0
mrtr108,2007,588.0
mrtr108,2011,545.0
mrtr108,2015,627.0
mrtr109,2001,167.0
mrtr109,2007,331.0
mrtr109,2011,285.0
mrtr109,2015,69.0
mrtr110,2001,369.0
mrtr110,2007,586.0
mrtr110,2011,762.0
mrtr110,2015,916.0
mrtr111,2001,114.0
mrtr111,2007,257.0
mrtr111,2011,242.0
mrtr111,2015,87.0
mrtr112,2001,22.0
mrtr112,2007,36.0
mrtr112,2015,25.0
musr101,2013,540.0
musr102,2013,596.0
musr103,2013,36.0
mwir101,1992,403.0
mwir101,2000,1328.0
mwir101,2004,1147.0
mwir101,2010,2185.0
mwir101,2016,1761.0
mwir101,2020,1763.0
mwir102,1992,222.0
mwir102,2000,532.0
mwir102,2004,565.0
mwir102,2010,1379.0
mwir102,2016,1024.0
mwir102,2020,1058.0
mwir103,1992,363.0
mwir103,2000,485.0
mwir103,2004,431.0
mwir103,2010,665.0
mwir103,2016,774.0
mwir103,2020,679.0
mwir104,1992,250.0
mwir104,2000,675.0
mwir104,2004,617.0
mwir104,2010,1297.0
mwir104,2016,1252.0
mwir104,2020,1034.0
mwir105,1992,323.0
mwir105,2000,615.0
mwir105,2004,811.0
mwir105,2010,1263.0
mwir105,2016,1539.0
mwir105,2020,1227.0
mwir106,1992,174.0
mwir106,2000,308.0
mwir106,2004,330.0
mwir106,2010,674.0
mwir106,2016,629.0
mwir106,2020,672.0
mwir107,1992,381.0
mwir107,2000,624.0
mwir107,2004,599.0
mwir107,2010,972.0
mwir107,2016,971.0
mwir107,2020,988.0
mwir108,1992,278.0
mwir108,2000,786.0
mwir108,2004,620.0
mwir108,2010,1210.0
mwir108,2016,1237.0
mwir108,2020,849.0
mwir109,1992,650.0
mwir109,2000,2092.0
mwir109,2004,2024.0
mwir109,2010,3056.0
mwir109,2016,3987.0
mwir109,2020,4190.0
mwir110,1992,319.0
mwir110,2000,535.0
mwir110,2004,485.0
mwir110,2010,759.0
mwir110,2016,940.0
mwir110,2020,696.0
mwir111,1992,280.0
mwir111,2000,865.0
mwir111,2004,776.0
mwir111,2010,1396.0
mwir111,2016,1431.0
mwir111,2020,1331.0
mwir112,1992,993.0
mwir112,2000,2676.0
mwir112,2004,2346.0
mwir112,2010,5247.0
mwir112,2016,4579.0
mwir112,2020,4537.0
mwir113,1992,565.0
mwir113,2000,1915.0
mwir113,2004,1800.0
mwir113,2010,3166.0
mwir113,2016,3095.0
mwir113,2020,2744.0
mysr101,2000,14576.0
mysr102,2000,8056.0
mysr103,2000,5769.0
mysr104,2000,3130.0
mysr105,2000,4562.0
mysr106,2000,6419.0
mysr107,2000,7274.0
mysr108,2000,10696.0
mysr109,2000,1007.0
mysr110,2000,22338.0
mysr111,2000,4169.0
mysr112,2000,12232.0
mysr113,2000,10244.0
mysr114,2000,7454.0
mysr115,2000,370.0
mysr201,2011,79.0
mysr202,2011,82.0
mysr203,2011,189.0
mysr204,2011,104.0
mysr205,2011,103.0
namr101,2000,305.0
namr101,2006,481.0
namr101,2013,517.0
namr102,2000,481.0
namr102,2006,1013.0
namr102,2013,994.0
namr103,2000,307.0
namr103,2006,370.0
namr103,2013,392.0
namr104,2000,306.0
namr104,2006,448.0
namr104,2013,405.0
namr105,2000,1346.0
namr105,2006,2356.0
namr105,2013,2336.0
namr106,2000,247.0
namr106,2006,286.0
namr106,2013,311.0
namr107,2000,572.0
namr107,2006,690.0
namr107,2013,737.0
namr108,2000,479.0
namr108,2006,775.0
namr108,2013,773.0
namr109,2000,238.0
namr109,2006,520.0
namr109,2013,344.0
namr110,2000,567.0
namr110,2006,735.0
namr110,2013,817.0
namr111,2000,570.0
namr111,2006,575.0
namr111,2013,730.0
namr112,2000,506.0
namr112,2006,712.0
namr112,2013,770.0
namr113,2000,814.0
namr113,2006,682.0
namr113,2013,652.0
namr201,1992,1975.0
namr202,1992,780.0
namr203,1992,795.0
namr204,1992,1742.0
nerr101,1998,122.0
nerr101,2006,225.0
nerr101,2012,258.0
nerr102,1998,90.0
nerr102,2006,244.0
nerr102,2012,322.0
nerr103,1998,850.0
nerr103,2006,1050.0
nerr103,2012,1212.0
nerr104,1998,1476.0
nerr104,2006,1717.0
nerr104,2012,2181.0
nerr105,1998,1694.0
nerr105,2006,1925.0
nerr105,2012,2248.0
nerr106,1998,1063.0
nerr106,2006,1378.0
nerr106,2012,2182.0
nerr107,1998,1567.0
nerr107,2006,1846.0
nerr107,2012,2210.0
ngar101,1999,591.0
ngar101,2003,439.0
ngar101,2008,1016.0
ngar101,2013,921.0
ngar101,2018,979.0
ngar102,1999,193.0
ngar102,2003,224.0
ngar102,2008,1122.0
ngar102,2013,1087.0
ngar102,2018,1314.0
ngar103,1999,193.0
ngar103,2003,438.0
ngar103,2008,965.0
ngar103,2013,1064.0
ngar103,2018,1358.0
ngar104,1999,216.0
ngar104,2003,148.0
ngar104,2008,851.0
ngar104,2013,749.0
ngar104,2018,614.0
ngar105,1999,332.0
ngar105,2003,260.0
ngar105,2008,893.0
ngar105,2013,1391.0
ngar105,2018,1232.0
ngar106,1999,150.0
ngar106,2003,336.0
ngar106,2008,906.0
ngar106,2013,1605.0
ngar106,2018,1382.0
ngar107,1999,121.0
ngar107,2003,185.0
ngar107,2008,704.0
ngar107,2013,765.0
ngar107,2018,631.0
ngar108,1999,134.0
ngar108,2003,158.0
ngar108,2008,695.0
ngar108,2013,769.0
ngar108,2018,937.0
ngar109,1999,174.0
ngar109,2003,187.0
ngar109,2008,1064.0
ngar109,2013,981.0
ngar109,2018,1046.0
ngar110,1999,320.0
ngar110,2003,361.0
ngar110,2008,1414.0
ngar110,2013,2095.0
ngar110,2018,2164.0
ngar111,1999,501.0
ngar111,2003,519.0
ngar111,2008,2097.0
ngar111,2013,3146.0
ngar111,2018,2478.0
ngar112,1999,251.0
ngar112,2003,313.0
ngar112,2008,1206.0
ngar112,2013,1373.0
ngar112,2018,2117.0
ngar113,1999,156.0
ngar113,2003,76.0
ngar113,2008,613.0
ngar113,2013,597.0
ngar113,2018,716.0
ngar114,1999,425.0
ngar114,2003,415.0
ngar114,2008,2863.0
ngar114,2013,2268.0
ngar114,2018,3165.0
ngar115,1999,256.0
ngar115,2003,313.0
ngar115,2008,789.0
ngar115,2013,1697.0
ngar115,2018,1415.0
ngar116,1999,242.0
ngar116,2003,163.0
ngar116,2008,980.0
ngar116,2013,944.0
ngar116,2018,1040.0
ngar117,1999,159.0
ngar117,2003,131.0
ngar117,2008,828.0
ngar117,2013,880.0
ngar117,2018,770.0
ngar118,1999,435.0
ngar118,2003,246.0
ngar118,2008,1488.0
ngar118,2013,1566.0
ngar118,2018,1589.0
ngar119,1999,271.0
ngar119,2003,192.0
ngar119,2008,728.0
ngar119,2013,790.0
ngar119,2018,905.0
ngar120,1999,224.0
ngar120,2003,464.0
ngar120,2008,1666.0
ngar120,2013,1427.0
ngar120,2018,1467.0
ngar121,1999,151.0
ngar121,2003,229.0
ngar121,2008,809.0
ngar121,2013,1029.0
ngar121,2018,960.0
ngar122,1999,145.0
ngar122,2003,75.0
ngar122,2008,752.0
ngar122,2013,601.0
ngar122,2018,679.0
ngar123,1999,209.0
ngar123,2003,270.0
ngar123,2008,1034.0
ngar123,2013,920.0
ngar123,2018,1141.0
ngar124,1999,94.0
ngar124,2003,133.0
ngar124,2008,753.0
ngar124,2013,855.0
ngar124,2018,747.0
ngar125,1999,181.0
ngar125,2003,193.0
ngar125,2008,919.0
ngar125,2013,1211.0
ngar125,2018,1309.0
ngar126,1999,137.0
ngar126,2003,213.0
ngar126,2008,752.0
ngar126,2013,1240.0
ngar126,2018,1002.0
ngar127,1999,324.0
ngar127,2003,296.0
ngar127,2008,868.0
ngar127,2013,784.0
ngar127,2018,561.0
ngar128,1999,235.0
ngar128,2003,93.0
ngar128,2008,900.0
ngar128,2013,782.0
ngar128,2018,1072.0
ngar129,1999,168.0
ngar129,2003,201.0
ngar129,2008,515.0
ngar129,2013,698.0
ngar129,2018,785.0
ngar130,1999,174.0
ngar130,2003,163.0
ngar130,2008,505.0
ngar130,2013,870.0
ngar130,2018,1370.0
ngar131,1999,68.0
ngar131,2003,35.0
ngar131,2008,423.0
ngar131,2013,345.0
ngar131,2018,385.0
ngar132,1999,134.0
ngar132,2003,51.0
ngar132,2008,414.0
ngar132,2013,793.0
ngar132,2018,699.0
ngar133,1999,148.0
ngar133,2003,95.0
ngar133,2008,696.0
ngar133,2013,334.0
ngar133,2018,532.0
ngar134,1999,107.0
ngar134,2003,179.0
ngar134,2008,460.0
ngar134,2013,538.0
ngar134,2018,718.0
ngar135,1999,100.0
ngar135,2003,99.0
ngar135,2008,454.0
ngar135,2013,707.0
ngar135,2018,696.0
ngar136,1999,190.0
ngar136,2003,294.0
ngar136,2008,695.0
ngar136,2013,1073.0
ngar136,2018,1264.0
ngar137,1999,66.0
ngar137,2003,18.0
ngar137,2008,413.0
ngar137,2013,402.0
ngar137,2018,305.0
nicr101,1998,8373.0
nicr101,2001,7887.0
nicr101,2007,598.0
nicr101,2012,1182.0
nicr102,1998,4081.0
nicr102,2001,4331.0
nicr102,2007,543.0
nicr102,2012,620.0
nicr103,1998,1256.0
nicr103,2001,1582.0
nicr103,2007,168.0
nicr103,2012,245.0
nplr101,1996,2599.0
nplr101,2001,2709.0
nplr101,2006,2178.0
nplr101,2011,2816.0
nplr101,2016,2785.0
nplr102,1996,3692.0
nplr102,2001,3470.0
nplr102,2006,3530.0
nplr102,2011,4101.0
nplr102,2016,4528.0
nplr103,1996,1801.0
nplr103,2001,1990.0
nplr103,2006,1791.0
nplr103,2011,2311.0
nplr103,2016,2316.0
nplr104,1996,1452.0
nplr104,2001,1328.0
nplr104,2006,1047.0
nplr104,2011,1309.0
nplr104,2016,1347.0
nplr105,1996,860.0
nplr105,2001,932.0
nplr105,2006,1195.0
nplr105,2011,988.0
nplr105,2016,912.0
pakr101,1991,6141.0
pakr101,2007,7738.0
pakr101,2012,12424.0
pakr101,2018,10667.0
pakr102,1991,2673.0
pakr102,2007,3730.0
pakr102,2012,5534.0
pakr102,2018,4947.0
pakr103,1991,1405.0
pakr103,2007,1865.0
pakr103,2012,2769.0
pakr103,2018,2591.0
pakr104,1991,405.0
pakr104,2007,710.0
pakr104,2012,940.0
pakr104,2018,1089.0
pakr105,1991,1107.0
pakr105,2007,1908.0
pakr105,2012,136.0
pakr105,2018,207.0
pakr106,2012,156.0
pakr106,2018,1590.0
pakr107,2018,2457.0
pakr108,2018,329.0
panr101,2013,317.0
panr102,2013,713.0
panr103,2013,710.0
panr104,2013,1296.0
panr105,2013,133.0
panr106,2013,371.0
panr107,2013,319.0
panr108,2013,5516.0
panr109,2013,706.0
panr110,2013,74.0
panr111,2013,26.0
panr112,2013,284.0
panr201,2007,495.0
panr201,2012,763.0
panr202,2007,308.0
panr202,2012,490.0
panr203,2007,309.0
panr203,2012,445.0
panr204,2007,294.0
panr204,2012,409.0
perr101,1996,7823.0
perr101,2000,8207.0
perr101,2004,3359.0
perr101,2006,3585.0
perr101,2008,5048.0
perr101,2009,6416.0
perr101,2010,6258.0
perr101,2011,5963.0
perr101,2012,6334.0
perr102,1996,2966.0
perr102,2000,2909.0
perr102,2004,1382.0
perr102,2006,1436.0
perr102,2008,1902.0
perr102,2009,2715.0
perr102,2010,2605.0
perr102,2011,2368.0
perr102,2012,2690.0
perr103,1996,3835.0
perr103,2000,3776.0
perr103,2004,1557.0
perr103,2006,1968.0
perr103,2008,2788.0
perr103,2009,3518.0
perr103,2010,3685.0
perr103,2011,3486.0
perr103,2012,3434.0
perr104,1996,3691.0
perr104,2000,3883.0
perr104,2004,1695.0
perr104,2006,1888.0
perr104,2008,2825.0
perr104,2009,3608.0
perr104,2010,3654.0
perr104,2011,3593.0
perr104,2012,3475.0
perr105,1996,13843.0
perr105,2000,14107.0
perr105,2004,5643.0
perr105,2006,6159.0
perr105,2008,8260.0
perr105,2009,11604.0
perr105,2010,11306.0
perr105,2011,10929.0
perr105,2012,11795.0
perr106,1996,3437.0
perr106,2000,3308.0
perr106,2004,1474.0
perr106,2006,1540.0
perr106,2008,2123.0
perr106,2009,2912.0
perr106,2010,2877.0
perr106,2011,2853.0
perr106,2012,2893.0
phlr101,1998,940.0
phlr101,2003,2438.0
phlr101,2008,2567.0
phlr101,2013,3042.0
phlr101,2017,5309.0
phlr102,1998,637.0
phlr102,2003,257.0
phlr102,2008,317.0
phlr102,2013,373.0
phlr102,2017,672.0
phlr103,1998,1768.0
phlr103,2003,882.0
phlr103,2008,855.0
phlr103,2013,1053.0
phlr103,2017,1875.0
phlr104,1998,2375.0
phlr104,2003,555.0
phlr104,2008,534.0
phlr104,2013,760.0
phlr104,2017,1250.0
phlr105,1998,891.0
phlr105,2003,1772.0
phlr105,2008,1819.0
phlr105,2013,2272.0
phlr105,2017,3361.0
phlr106,1998,1332.0
phlr106,2003,2149.0
phlr106,2008,2154.0
phlr106,2013,2773.0
phlr106,2017,5034.0
phlr107,1998,1244.0
phlr107,2003,432.0
phlr107,2008,435.0
phlr107,2013,483.0
phlr107,2017,869.0
phlr108,1998,766.0
phlr108,2003,878.0
phlr108,2008,935.0
phlr108,2013,995.0
phlr108,2017,1922.0
phlr109,1998,605.0
phlr109,2003,1224.0
phlr109,2008,1333.0
phlr109,2013,1434.0
phlr109,2017,2335.0
phlr110,1998,555.0
phlr110,2003,1306.0
phlr110,2008,1133.0
phlr110,2013,1398.0
phlr110,2017,2229.0
phlr111,1998,1126.0
phlr111,2003,758.0
phlr111,2008,648.0
phlr111,2013,777.0
phlr111,2017,1449.0
phlr112,1998,549.0
phlr112,2003,602.0
phlr112,2008,649.0
phlr112,2013,764.0
phlr112,2017,1089.0
phlr113,1998,2750.0
phlr113,2003,691.0
phlr113,2008,719.0
phlr113,2013,907.0
phlr113,2017,1424.0
phlr114,1998,281.0
phlr114,2003,806.0
phlr114,2008,773.0
phlr114,2013,1017.0
phlr114,2017,2050.0
phlr115,1998,415.0
phlr115,2003,683.0
phlr115,2008,639.0
phlr115,2013,957.0
phlr115,2017,1571.0
phlr116,1998,385.0
phlr116,2003,437.0
phlr116,2008,402.0
phlr116,2013,521.0
phlr116,2017,914.0
phlr117,2003,486.0
phlr117,2008,545.0
phlr117,2013,439.0
phlr117,2017,932.0
pngr101,2017,445.0
pngr102,2017,340.0
pngr103,2017,732.0
pngr104,2017,672.0
pngr105,2017,1078.0
pngr106,2017,543.0
pngr107,2017,1328.0
pngr108,2017,833.0
pngr109,2017,883.0
pngr110,2017,1267.0
pngr111,2017,1675.0
pngr112,2017,2138.0
pngr113,2017,1305.0
pngr114,2017,1106.0
pngr115,2017,698.0
pngr116,2017,187.0
pngr117,2017,510.0
pngr118,2017,619.0
pngr119,2017,721.0
pngr120,2017,731.0
pngr121,2017,935.0
pngr122,2017,757.0
pryr101,2002,23751.0
pryr101,2007,168.0
pryr101,2012,415.0
pryr102,2002,27069.0
pryr102,2007,247.0
pryr102,2012,492.0
pryr103,2002,14256.0
pryr103,2007,115.0
pryr103,2012,231.0
pryr104,2002,14915.0
pryr104,2007,123.0
pryr104,2012,267.0
pryr105,2002,48227.0
pryr105,2007,408.0
pryr105,2012,715.0
pser101,2010,4675.0
pser101,2014,3249.0
pser101,2019,2932.0
pser102,2010,2028.0
pser102,2014,1427.0
pser102,2019,1226.0
pser103,2010,1880.0
pser103,2014,1273.0
pser103,2019,1100.0
pser104,2010,3628.0
pser104,2014,2524.0
pser104,2019,2297.0
pser105,2010,3391.0
pser105,2014,2902.0
pser105,2019,2484.0
pser106,2010,2964.0
pser106,2014,2498.0
pser106,2019,2040.0
qatr101,2012,3028.0
qatr102,2012,2093.0
qatr103,2012,405.0
qatr104,2012,341.0
qatr105,2012,213.0
qatr106,2012,29.0
qatr107,2012,77.0
rwar101,1992,1201.0
rwar101,2000,474.0
rwar101,2005,966.0
rwar101,2010,1452.0
rwar101,2015,1609.0
rwar101,2020,1750.0
rwar102,1992,2054.0
rwar102,2000,1827.0
rwar102,2005,2337.0
rwar102,2010,2615.0
rwar102,2015,2705.0
rwar102,2020,2573.0
rwar103,1992,1481.0
rwar103,2000,1888.0
rwar103,2005,2144.0
rwar103,2010,2530.0
rwar103,2015,2510.0
rwar103,2020,2401.0
rwar104,1992,1076.0
rwar104,2000,1579.0
rwar104,2005,1581.0
rwar104,2010,1843.0
rwar104,2015,1799.0
rwar104,2020,1777.0
rwar105,1992,543.0
rwar105,2000,1901.0
rwar105,2005,1895.0
rwar105,2010,2717.0
rwar105,2015,2837.0
rwar105,2020,3050.0
saur101,2011,215.0
saur102,2011,186.0
saur103,2011,125.0
saur104,2011,134.0
saur105,2011,17.0
sdnr101,2000,905.0
sdnr101,2008,5646.0
sdnr101,2010,389.0
sdnr101,2014,572.0
sdnr102,2000,1338.0
sdnr102,2008,9275.0
sdnr102,2010,777.0
sdnr102,2014,1049.0
sdnr103,2000,1142.0
sdnr103,2008,12573.0
sdnr103,2010,578.0
sdnr103,2014,724.0
sdnr104,2000,1340.0
sdnr104,2008,11508.0
sdnr104,2010,1142.0
sdnr104,2014,970.0
sdnr105,2000,1712.0
sdnr105,2008,7785.0
sdnr105,2010,827.0
sdnr105,2014,1140.0
sdnr106,2000,4536.0
sdnr106,2008,48782.0
sdnr106,2010,3382.0
sdnr106,2014,3639.0
sdnr107,2000,4825.0
sdnr107,2008,23942.0
sdnr107,2010,2678.0
sdnr107,2014,3483.0
sdnr108,2000,1804.0
sdnr108,2008,12146.0
sdnr108,2010,961.0
sdnr108,2014,1165.0
sdnr109,2000,1487.0
sdnr109,2008,7882.0
sdnr109,2010,762.0
sdnr109,2014,895.0
sdnr110,2000,613.0
sdnr110,2008,5142.0
sdnr110,2010,602.0
sdnr110,2014,855.0
sdnr111,2000,2049.0
sdnr111,2008,18001.0
sdnr111,2010,1596.0
sdnr111,2014,1437.0
sdnr112,2000,2190.0
sdnr112,2008,8266.0
sdnr112,2010,692.0
sdnr112,2014,1794.0
sdnr113,2000,1658.0
sdnr113,2008,13306.0
sdnr113,2010,988.0
sdnr113,2014,1529.0
sdnr114,2000,1680.0
sdnr114,2008,5811.0
sdnr114,2010,627.0
sdnr114,2014,514.0
sdnr115,2000,2792.0
sdnr115,2008,21714.0
sdnr115,2010,1953.0
sdnr115,2014,2433.0
senr101,1992,1455.0
senr101,2005,3994.0
senr101,2011,4458.0
senr101,2012,2116.0
senr101,2014,2020.0
senr101,2015,2042.0
senr101,2016,2042.0
senr101,2017,4523.0
senr101,2018,2322.0
senr101,2019,1917.0
senr102,1992,279.0
senr102,2005,628.0
senr102,2011,632.0
senr102,2012,394.0
senr102,2014,293.0
senr102,2015,388.0
senr102,2016,388.0
senr102,2017,638.0
senr102,2018,310.0
senr102,2019,311.0
senr103,1992,513.0
senr103,2005,1126.0
senr103,2011,1347.0
senr103,2012,694.0
senr103,2014,457.0
senr103,2015,608.0
senr103,2016,608.0
senr103,2017,1317.0
senr103,2018,795.0
senr103,2019,763.0
senr104,1992,568.0
senr104,2005,1240.0
senr104,2011,1506.0
senr104,2012,965.0
senr104,2014,949.0
senr104,2015,657.0
senr104,2016,657.0
senr104,2017,1361.0
senr104,2018,264.0
senr104,2019,760.0
senr105,1992,379.0
senr105,2005,892.0
senr105,2011,914.0
senr105,2012,472.0
senr105,2014,360.0
senr105,2015,377.0
senr105,2016,377.0
senr105,2017,817.0
senr105,2018,75.0
senr105,2019,412.0
senr106,1992,690.0
senr106,2005,1367.0
senr106,2011,1496.0
senr106,2012,770.0
senr106,2014,834.0
senr106,2015,796.0
senr106,2016,796.0
senr106,2017,1339.0
senr106,2018,346.0
senr106,2019,793.0
senr107,1992,776.0
senr107,2005,1781.0
senr107,2011,1944.0
senr107,2012,1181.0
senr107,2014,1078.0
senr107,2015,1056.0
senr107,2016,1056.0
senr107,2017,2060.0
senr107,2018,1027.0
senr107,2019,972.0
senr108,1992,397.0
senr108,2005,685.0
senr108,2011,961.0
senr108,2012,548.0
senr108,2014,345.0
senr108,2015,392.0
senr108,2016,392.0
senr108,2017,799.0
senr108,2018,461.0
senr108,2019,379.0
senr109,1992,441.0
senr109,2005,708.0
senr109,2011,683.0
senr109,2012,385.0
senr109,2014,297.0
senr109,2015,364.0
senr109,2016,364.0
senr109,2017,714.0
senr109,2018,398.0
senr109,2019,370.0
senr110,1992,483.0
senr110,2005,1081.0
senr110,2011,1109.0
senr110,2012,603.0
senr110,2014,489.0
senr110,2015,598.0
senr110,2016,598.0
senr110,2017,1063.0
senr110,2018,321.0
senr110,2019,529.0
sler101,2008,725.0
sler101,2013,1232.0
sler101,2017,1375.0
sler101,2019,1513.0
sler102,2008,547.0
sler102,2013,618.0
sler102,2017,613.0
sler102,2019,899.0
sler103,2008,489.0
sler103,2013,715.0
sler103,2017,729.0
sler103,2019,811.0
sler104,2008,859.0
sler104,2013,1633.0
sler104,2017,1335.0
sler104,2019,1115.0
sler105,2008,689.0
sler105,2013,1389.0
sler105,2017,936.0
sler105,2019,1190.0
sler106,2008,423.0
sler106,2013,1043.0
sler106,2017,1017.0
sler106,2019,772.0
sler107,2008,686.0
sler107,2013,1737.0
sler107,2017,1638.0
sler107,2019,1469.0
sler108,2008,590.0
sler108,2013,856.0
sler108,2017,1078.0
sler108,2019,920.0
sler109,2008,803.0
sler109,2013,1182.0
sler109,2017,1227.0
sler109,2019,1208.0
sler110,2008,391.0
sler110,2013,644.0
sler110,2017,427.0
sler110,2019,488.0
sler111,2008,336.0
sler111,2013,886.0
sler111,2017,741.0
sler111,2019,717.0
sler112,2008,381.0
sler112,2013,620.0
sler112,2017,649.0
sler112,2019,477.0
sler113,2008,382.0
sler113,2013,455.0
sler113,2017,1247.0
sler113,2019,1295.0
sler114,2008,1435.0
sler114,2013,2388.0
sler114,2017,3318.0
sler114,2019,2340.0
slvr101,2007,416.0
slvr101,2012,457.0
slvr101,2014,2836.0
slvr102,2007,605.0
slvr102,2012,890.0
slvr102,2014,6428.0
slvr103,2007,81.0
slvr103,2012,213.0
slvr103,2014,1591.0
slvr104,2007,313.0
slvr104,2012,420.0
slvr104,2014,2542.0
somr101,2006,684.0
somr101,2011,2621.0
somr102,2006,283.0
somr102,2011,902.0
somr103,2006,179.0
somr103,2011,602.0
somr104,2006,123.0
somr104,2011,278.0
somr105,2006,213.0
somr105,2011,835.0
somr106,2006,238.0
somr106,2011,1519.0
somr107,2006,113.0
somr107,2011,933.0
somr108,2006,269.0
somr108,2011,2056.0
somr109,2006,264.0
somr110,2006,539.0
somr111,2006,267.0
somr112,2006,194.0
somr113,2006,275.0
somr114,2006,494.0
somr115,2006,760.0
somr116,2006,785.0
somr117,2006,282.0
somr118,2006,371.0
srbr101,2005,1997.0
srbr101,2010,1567.0
srbr101,2014,1629.0
srbr101,2019,1511.0
srbr102,2005,2852.0
srbr102,2010,2038.0
srbr102,2014,1937.0
srbr102,2019,1929.0
srbr103,2005,2909.0
srbr103,2010,2251.0
srbr103,2014,2023.0
srbr103,2019,1974.0
srbr104,2005,2553.0
srbr104,2010,2024.0
srbr104,2014,1761.0
srbr104,2019,1639.0
ssdr101,2008,12637.0
ssdr101,2010,1054.0
ssdr102,2008,18851.0
ssdr102,2010,1164.0
ssdr103,2008,5781.0
ssdr103,2010,527.0
ssdr104,2008,12168.0
ssdr104,2010,1378.0
ssdr105,2008,8577.0
ssdr105,2010,816.0
ssdr106,2008,4434.0
ssdr106,2010,396.0
ssdr107,2008,8336.0
ssdr107,2010,692.0
ssdr108,2008,8702.0
ssdr108,2010,826.0
ssdr109,2008,15065.0
ssdr109,2010,1490.0
ssdr110,2008,9739.0
ssdr110,2010,985.0
stpr101,2000,481.0
stpr101,2009,1590.0
stpr101,2014,1750.0
stpr101,2019,1690.0
stpr102,2000,1849.0
stpr102,2009,404.0
stpr102,2014,389.0
stpr102,2019,464.0
stpr103,2000,117.0
stpr103,2009,651.0
stpr103,2014,525.0
stpr103,2019,664.0
stpr104,2000,135.0
stpr104,2009,150.0
stpr104,2014,114.0
stpr104,2019,130.0
surr101,2006,2409.0
surr101,2010,3475.0
surr101,2018,3641.0
surr102,2006,1346.0
surr102,2010,1654.0
surr102,2018,3098.0
surr103,2006,739.0
surr103,2010,950.0
surr103,2018,1106.0
surr104,2006,632.0
surr104,2010,632.0
surr104,2018,946.0
surr105,2006,333.0
surr105,2010,363.0
surr105,2018,522.0
swzr101,2000,1244.0
swzr101,2006,1178.0
swzr101,2010,1100.0
swzr101,2014,1170.0
swzr102,2000,1381.0
swzr102,2006,1328.0
swzr102,2010,1355.0
swzr102,2014,1674.0
swzr103,2000,833.0
swzr103,2006,797.0
swzr103,2010,774.0
swzr103,2014,644.0
swzr104,2000,981.0
swzr104,2006,873.0
swzr104,2010,731.0
swzr104,2014,844.0
syrr101,2006,2905.0
syrr102,2006,3786.0
syrr103,2006,2434.0
syrr104,2006,2117.0
syrr105,2006,1375.0
syrr106,2006,1465.0
syrr107,2006,1639.0
syrr108,2006,6247.0
syrr109,2006,1089.0
syrr110,2006,1276.0
syrr111,2006,1638.0
syrr112,2006,464.0
syrr113,2006,1205.0
syrr114,2006,150.0
tcar101,2019,113.0
tcar102,2019,3.0
tcar103,2019,27.0
tcar104,2019,4.0
tcar105,2019,32.0
tcar106,2019,999.0
tcdr101,1997,898.0
tcdr101,2004,636.0
tcdr101,2010,2496.0
tcdr101,2015,1949.0
tcdr101,2019,1883.0
tcdr102,1997,703.0
tcdr102,2004,654.0
tcdr102,2010,1766.0
tcdr102,2015,1898.0
tcdr102,2019,2025.0
tcdr103,1997,770.0
tcdr103,2004,671.0
tcdr103,2010,1949.0
tcdr103,2015,2039.0
tcdr103,2019,2072.0
tcdr104,1997,778.0
tcdr104,2004,479.0
tcdr104,2010,1998.0
tcdr104,2015,1542.0
tcdr104,2019,2359.0
tcdr105,1997,884.0
tcdr105,2004,658.0
tcdr105,2010,1746.0
tcdr105,2015,1850.0
tcdr105,2019,1981.0
tcdr106,1997,816.0
tcdr106,2004,521.0
tcdr106,2010,1990.0
tcdr106,2015,1983.0
tcdr106,2019,2766.0
tcdr107,1997,1352.0
tcdr107,2004,1105.0
tcdr107,2010,2733.0
tcdr107,2015,3631.0
tcdr107,2019,4087.0
tcdr108,1997,779.0
tcdr108,2004,793.0
tcdr108,2010,1860.0
tcdr108,2015,2290.0
tcdr108,2019,2070.0
tgor101,1998,1436.0
tgor101,2006,1303.0
tgor101,2014,1479.0
tgor101,2017,2111.0
tgor102,1998,1877.0
tgor102,2006,1985.0
tgor102,2014,2789.0
tgor102,2017,1100.0
tgor103,1998,2072.0
tgor103,2006,1355.0
tgor103,2014,2116.0
tgor103,2017,1838.0
tgor104,1998,849.0
tgor104,2006,606.0
tgor104,2014,913.0
tgor104,2017,755.0
tgor105,1998,1042.0
tgor105,2006,784.0
tgor105,2014,1092.0
tgor105,2017,863.0
tgor106,1998,703.0
tgor106,2006,589.0
tgor106,2014,867.0
tgor106,2017,835.0
thar101,2006,6698.0
thar101,2012,3163.0
thar101,2017,4506.0
thar101,2019,5394.0
thar102,2006,9721.0
thar102,2012,6630.0
thar102,2017,9683.0
thar102,2019,10500.0
thar103,2006,8395.0
thar103,2012,4261.0
thar103,2017,5317.0
thar103,2019,6402.0
thar104,2006,14869.0
thar104,2012,8837.0
thar104,2017,8118.0
thar104,2019,9547.0
thar105,2006,5787.0
thar105,2012,3315.0
thar105,2017,4064.0
thar105,2019,4850.0
tjkr101,2000,370.0
tjkr101,2005,847.0
tjkr101,2012,884.0
tjkr101,2017,1074.0
tjkr102,2000,2101.0
tjkr102,2005,3307.0
tjkr102,2012,3322.0
tjkr102,2017,4535.0
tjkr103,2000,1827.0
tjkr103,2005,3322.0
tjkr103,2012,3097.0
tjkr103,2017,3707.0
tjkr104,2000,1556.0
tjkr104,2005,2246.0
tjkr104,2012,2450.0
tjkr104,2017,2880.0
tjkr105,2000,185.0
tjkr105,2005,298.0
tjkr105,2012,238.0
tjkr105,2017,295.0
tkmr101,2006,755.0
tkmr101,2015,1066.0
tkmr101,2019,1208.0
tkmr102,2006,1065.0
tkmr102,2015,1135.0
tkmr102,2019,1171.0
tkmr103,2006,575.0
tkmr103,2015,628.0
tkmr103,2019,645.0
tkmr104,2006,1466.0
tkmr104,2015,2071.0
tkmr104,2019,1846.0
tkmr105,2006,1495.0
tkmr105,2015,1656.0
tkmr105,2019,2006.0
tkmr106,2006,1680.0
tkmr106,2015,2197.0
tkmr106,2019,2544.0
tlsr101,2009,645.0
tlsr101,2016,587.0
tlsr102,2009,835.0
tlsr102,2016,718.0
tlsr103,2009,1632.0
tlsr103,2016,1673.0
tlsr104,2009,1459.0
tlsr104,2016,1090.0
tlsr105,2009,918.0
tlsr105,2016,913.0
tlsr106,2009,2729.0
tlsr106,2016,3383.0
tlsr107,2009,1665.0
tlsr107,2016,1333.0
tlsr108,2009,958.0
tlsr108,2016,690.0
tlsr109,2009,916.0
tlsr109,2016,968.0
tlsr110,2009,670.0
tlsr110,2016,691.0
tlsr111,2009,696.0
tlsr111,2016,755.0
tlsr112,2009,927.0
tlsr112,2016,921.0
tlsr113,2009,1025.0
tlsr113,2016,901.0
tonr101,2019,2345.0
tonr102,2019,502.0
tonr103,2019,230.0
tonr104,2019,176.0
tonr105,2019,44.0
ttor101,2006,1513.0
ttor101,2011,1445.0
ttor102,2006,473.0
ttor102,2011,471.0
ttor103,2006,2493.0
ttor103,2011,2461.0
ttor104,2006,1696.0
ttor104,2011,1743.0
ttor105,2006,217.0
ttor105,2011,248.0
tunr101,2012,3198.0
tunr101,2018,3610.0
tunr102,2012,1853.0
tunr102,2018,2094.0
tunr103,2012,1385.0
tunr103,2018,1532.0
tunr104,2012,1503.0
tunr104,2018,1768.0
tunr105,2012,2742.0
tunr105,2018,3340.0
tunr106,2012,650.0
tunr106,2018,842.0
tunr107,2012,1103.0
tunr107,2018,1261.0
turr101,1993,1584.0
turr101,1998,1905.0
turr101,2003,2575.0
turr101,2008,2810.0
turr101,2013,3138.0
turr102,1993,473.0
turr102,1998,470.0
turr102,2003,654.0
turr102,2008,663.0
turr102,2013,654.0
turr103,1993,1790.0
turr103,1998,1652.0
turr103,2003,2036.0
turr103,2008,2042.0
turr103,2013,1943.0
turr104,1993,969.0
turr104,1998,913.0
turr104,2003,1316.0
turr104,2008,1384.0
turr104,2013,1450.0
turr105,1993,1103.0
turr105,1998,1011.0
turr105,2003,1351.0
turr105,2008,1296.0
turr105,2013,1593.0
turr106,1993,1460.0
turr106,1998,1260.0
turr106,2003,1818.0
turr106,2008,1660.0
turr106,2013,1795.0
turr107,1993,596.0
turr107,1998,746.0
turr107,2003,827.0
turr107,2008,694.0
turr107,2013,707.0
turr108,1993,872.0
turr108,1998,780.0
turr108,2003,967.0
turr108,2008,891.0
turr108,2013,920.0
turr109,1993,490.0
turr109,1998,427.0
turr109,2003,573.0
turr109,2008,417.0
turr109,2013,557.0
turr110,1993,384.0
turr110,1998,336.0
turr110,2003,487.0
turr110,2008,373.0
turr110,2013,440.0
turr111,1993,380.0
turr111,1998,446.0
turr111,2003,711.0
turr111,2008,597.0
turr111,2013,664.0
turr112,1993,995.0
turr112,1998,867.0
turr112,2003,1087.0
turr112,2008,1092.0
turr112,2013,1226.0
tuvr101,2019,59.0
tuvr102,2019,53.0
tuvr103,2019,69.0
tuvr104,2019,63.0
tuvr105,2019,119.0
tuvr106,2019,66.0
tuvr107,2019,833.0
tzar201,1992,692.0
tzar201,1996,352.0
tzar201,1999,197.0
tzar201,2004,4855.0
tzar201,2010,494.0
tzar201,2015,597.0
tzar202,1992,602.0
tzar202,1996,588.0
tzar202,1999,428.0
tzar202,2004,6639.0
tzar202,2010,688.0
tzar202,2015,926.0
tzar203,1992,515.0
tzar203,1996,422.0
tzar203,1999,219.0
tzar203,2004,4452.0
tzar203,2010,417.0
tzar203,2015,447.0
tzar204,1992,486.0
tzar204,1996,424.0
tzar204,1999,183.0
tzar204,2004,3993.0
tzar204,2010,545.0
tzar204,2015,636.0
tzar205,1992,475.0
tzar205,1996,411.0
tzar205,1999,211.0
tzar205,2004,5353.0
tzar205,2010,559.0
tzar205,2015,701.0
tzar206,1992,184.0
tzar206,1996,171.0
tzar206,1999,121.0
tzar206,2004,2850.0
tzar206,2010,292.0
tzar206,2015,309.0
tzar207,1992,634.0
tzar207,1996,659.0
tzar207,1999,246.0
tzar207,2004,10074.0
tzar207,2010,833.0
tzar207,2015,1454.0
tzar208,1992,247.0
tzar208,1996,224.0
tzar208,1999,94.0
tzar208,2004,2567.0
tzar208,2010,213.0
tzar208,2015,311.0
tzar209,1992,432.0
tzar209,1996,376.0
tzar209,1999,193.0
tzar209,2004,3718.0
tzar209,2010,429.0
tzar209,2015,453.0
tzar210,1992,306.0
tzar210,1996,305.0
tzar210,1999,95.0
tzar210,2004,3341.0
tzar210,2010,380.0
tzar210,2015,387.0
tzar211,1992,478.0
tzar211,1996,415.0
tzar211,1999,159.0
tzar211,2004,3783.0
tzar211,2010,461.0
tzar211,2015,490.0
tzar212,1992,477.0
tzar212,1996,502.0
tzar212,1999,251.0
tzar212,2004,6381.0
tzar212,2010,595.0
tzar212,2015,820.0
tzar213,1992,349.0
tzar213,1996,291.0
tzar213,1999,115.0
tzar213,2004,3386.0
tzar213,2010,318.0
tzar213,2015,431.0
tzar214,1992,330.0
tzar214,1996,243.0
tzar214,1999,109.0
tzar214,2004,5071.0
tzar214,2010,470.0
tzar214,2015,680.0
tzar215,1992,214.0
tzar215,1996,250.0
tzar215,1999,109.0
tzar215,2004,3135.0
tzar215,2010,293.0
tzar215,2015,391.0
tzar216,1992,356.0
tzar216,1996,337.0
tzar216,1999,96.0
tzar216,2004,4461.0
tzar216,2010,404.0
tzar216,2015,511.0
tzar217,1992,806.0
tzar217,1996,629.0
tzar217,1999,306.0
tzar217,2004,8178.0
tzar217,2010,774.0
tzar217,2015,966.0
tzar218,1992,625.0
tzar218,1996,500.0
tzar218,1999,187.0
tzar218,2004,5174.0
tzar218,2010,543.0
tzar218,2015,622.0
tzar219,1992,633.0
tzar219,1996,631.0
tzar219,1999,297.0
tzar219,2004,9349.0
tzar219,2010,789.0
tzar219,2015,1298.0
tzar220,1992,354.0
tzar220,1996,250.0
tzar220,1999,162.0
tzar220,2004,3544.0
tzar220,2010,339.0
tzar220,2015,476.0
tzar221,1992,38.0
tzar221,1996,34.0
tzar221,1999,24.0
tzar221,2004,468.0
tzar221,2010,45.0
tzar221,2015,64.0
tzar222,1992,36.0
tzar222,1996,30.0
tzar222,1999,6.0
tzar222,2004,291.0
tzar222,2010,30.0
tzar222,2015,35.0
tzar223,1992,78.0
tzar223,1996,85.0
tzar223,1999,30.0
tzar223,2004,1470.0
tzar223,2010,124.0
tzar223,2015,179.0
tzar224,1992,71.0
tzar224,1996,55.0
tzar224,1999,23.0
tzar224,2004,488.0
tzar224,2010,52.0
tzar224,2015,61.0
tzar225,1992,36.0
tzar225,1996,43.0
tzar225,1999,16.0
tzar225,2004,431.0
tzar225,2010,51.0
tzar225,2015,56.0
ugar101,2006,835.0
ugar101,2011,935.0
ugar101,2016,2202.0
ugar102,2006,748.0
ugar102,2011,862.0
ugar102,2016,1905.0
ugar103,2006,630.0
ugar103,2011,746.0
ugar103,2016,878.0
ugar104,2006,718.0
ugar104,2011,724.0
ugar104,2016,1554.0
ugar105,2006,1138.0
ugar105,2011,1148.0
ugar105,2016,2932.0
ugar106,2006,1192.0
ugar106,2011,981.0
ugar106,2016,2176.0
ugar107,2006,424.0
ugar107,2011,512.0
ugar107,2016,1049.0
ugar108,2006,1318.0
ugar108,2011,1145.0
ugar108,2016,2252.0
ugar109,2006,975.0
ugar109,2011,962.0
ugar109,2016,2031.0
ugar201,1995,1823.0
ugar201,2001,2137.0
ugar202,1995,1678.0
ugar202,2001,1938.0
ugar203,1995,1385.0
ugar203,2001,1050.0
ugar204,1995,1932.0
ugar204,2001,1733.0
ukrr101,2005,948.0
ukrr101,2007,2241.0
ukrr101,2012,1853.0
ukrr102,2005,695.0
ukrr102,2007,1418.0
ukrr102,2012,1143.0
ukrr103,2005,1473.0
ukrr103,2007,3967.0
ukrr103,2012,3265.0
ukrr104,2005,928.0
ukrr104,2007,1844.0
ukrr104,2012,1552.0
ukrr105,2005,1147.0
ukrr105,2007,2730.0
ukrr105,2012,2517.0
uryr101,2007,494.0
uryr101,2012,823.0
uryr101,2013,1581.0
uryr102,2007,95.0
uryr102,2012,192.0
uryr102,2013,288.0
uryr103,2007,224.0
uryr103,2012,461.0
uryr103,2013,453.0
uryr104,2007,81.0
uryr104,2012,166.0
uryr104,2013,299.0
uryr105,2007,91.0
uryr105,2012,100.0
uryr105,2013,140.0
uryr106,2007,93.0
uryr106,2012,110.0
uryr106,2013,154.0
uryr107,2007,121.0
uryr107,2012,230.0
uryr107,2013,232.0
uzbr101,1996,572.0
uzbr101,2006,1668.0
uzbr102,1996,854.0
uzbr102,2006,3120.0
uzbr103,1996,839.0
uzbr103,2006,2600.0
uzbr104,1996,288.0
uzbr104,2006,2120.0
uzbr105,1996,1384.0
uzbr105,2006,4342.0
uzbr106,1996,920.0
uzbr106,2006,1039.0
venr101,2001,23869.0
venr102,2001,731.0
venr103,2001,14883.0
venr104,2001,3857.0
venr105,2001,18232.0
venr106,2001,7115.0
venr107,2001,13941.0
venr108,2001,23497.0
venr109,2001,3040.0
venr110,2001,1051.0
venr111,2001,9205.0
venr112,2001,7195.0
venr113,2001,18738.0
venr114,2001,8652.0
venr115,2001,28952.0
venr116,2001,8418.0
venr117,2001,4611.0
venr118,2001,8249.0
venr119,2001,9242.0
venr120,2001,12002.0
venr121,2001,7156.0
venr122,2001,6021.0
venr123,2001,35123.0
venr124,2001,3902.0
venr201,2013,261.0
venr202,2013,202.0
venr203,2013,153.0
venr204,2013,175.0
venr205,2013,139.0
venr206,2013,238.0
venr207,2013,85.0
venr208,2013,169.0
vnmr101,1997,2098.0
vnmr101,2002,2191.0
vnmr101,2006,2479.0
vnmr101,2010,3001.0
vnmr101,2014,3037.0
vnmr102,1997,1337.0
vnmr102,2002,1444.0
vnmr102,2006,1528.0
vnmr102,2010,2257.0
vnmr102,2014,1663.0
vnmr103,1997,1712.0
vnmr103,2002,1659.0
vnmr103,2006,2225.0
vnmr103,2010,2942.0
vnmr103,2014,2601.0
vnmr104,1997,252.0
vnmr104,2002,276.0
vnmr104,2006,360.0
vnmr104,2010,743.0
vnmr104,2014,710.0
vnmr105,1997,1352.0
vnmr105,2002,1378.0
vnmr105,2006,1719.0
vnmr105,2010,2329.0
vnmr105,2014,2108.0
vnmr106,1997,1639.0
vnmr106,2002,1729.0
vnmr106,2006,2342.0
vnmr106,2010,2774.0
vnmr106,2014,2398.0
vutr101,2007,305.0
vutr102,2007,370.0
vutr103,2007,491.0
vutr104,2007,319.0
vutr105,2007,369.0
vutr106,2007,119.0
vutr107,2007,607.0
vutr108,2007,170.0
wsmr101,2019,1037.0
wsmr102,2019,1830.0
wsmr103,2019,1189.0
wsmr104,2019,1192.0
yemr101,1991,2319.0
yemr101,1997,1688.0
yemr101,2006,639.0
yemr101,2013,2797.0
yemr102,1991,2069.0
yemr102,1997,1533.0
yemr102,2006,614.0
yemr102,2013,3129.0
yemr103,1991,2602.0
yemr103,1997,2776.0
yemr103,2006,784.0
yemr103,2013,3925.0
yemr104,1991,1596.0
yemr104,1997,1635.0
yemr104,2006,714.0
yemr104,2013,3225.0
yemr105,1991,2070.0
yemr105,1997,2058.0
yemr105,2006,712.0
yemr105,2013,3443.0
yemr106,1991,1237.0
yemr106,1997,1501.0
yemr106,2006,534.0
yemr106,2013,2653.0
yemr107,1991,1715.0
yemr107,1997,2136.0
yemr107,2006,647.0
yemr107,2013,3191.0
yemr108,1991,2190.0
yemr108,1997,1248.0
yemr108,2006,693.0
yemr108,2013,3943.0
zafr101,1998,1424.0
zafr101,2011,33683.0
zafr101,2016,1217.0
zafr102,1998,1618.0
zafr102,2011,29201.0
zafr102,2016,1149.0
zafr103,1998,268.0
zafr103,2011,5897.0
zafr103,2016,208.0
zafr104,1998,830.0
zafr104,2011,14551.0
zafr104,2016,481.0
zafr105,1998,2363.0
zafr105,2011,46883.0
zafr105,2016,1702.0
zafr106,1998,1029.0
zafr106,2011,20146.0
zafr106,2016,751.0
zafr107,1998,2596.0
zafr107,2011,76727.0
zafr107,2016,3064.0
zafr108,1998,730.0
zafr108,2011,20060.0
zafr108,2016,829.0
zafr109,1998,917.0
zafr109,2011,22907.0
zafr109,2016,865.0
zmbr101,1996,774.0
zmbr101,2002,589.0
zmbr101,2007,679.0
zmbr101,2014,1450.0
zmbr101,2018,1104.0
zmbr102,1996,1581.0
zmbr102,2002,1570.0
zmbr102,2007,1325.0
zmbr102,2014,2780.0
zmbr102,2018,1982.0
zmbr103,1996,1119.0
zmbr103,2002,973.0
zmbr103,2007,996.0
zmbr103,2014,1917.0
zmbr103,2018,1628.0
zmbr104,1996,683.0
zmbr104,2002,595.0
zmbr104,2007,503.0
zmbr104,2014,1025.0
zmbr104,2018,941.0
zmbr105,1996,1394.0
zmbr105,2002,1162.0
zmbr105,2007,1138.0
zmbr105,2014,3124.0
zmbr105,2018,2303.0
zmbr106,1996,1001.0
zmbr106,2002,1035.0
zmbr106,2007,1001.0
zmbr106,2014,2065.0
zmbr106,2018,1670.0
zmbr107,1996,292.0
zmbr107,2002,358.0
zmbr107,2007,368.0
zmbr107,2014,683.0
zmbr107,2018,608.0
zmbr108,1996,828.0
zmbr108,2002,810.0
zmbr108,2007,666.0
zmbr108,2014,1960.0
zmbr108,2018,1503.0
zmbr109,1996,599.0
zmbr109,2002,644.0
zmbr109,2007,388.0
zmbr109,2014,933.0
zmbr109,2018,719.0
zwer101,1994,709.0
zwer101,1999,852.0
zwer101,2006,959.0
zwer101,2011,1190.0
zwer101,2015,1179.0
zwer101,2019,1109.0
zwer102,1994,482.0
zwer102,1999,531.0
zwer102,2006,886.0
zwer102,2011,877.0
zwer102,2015,949.0
zwer102,2019,951.0
zwer103,1994,534.0
zwer103,1999,521.0
zwer103,2006,723.0
zwer103,2011,856.0
zwer103,2015,982.0
zwer103,2019,1055.0
zwer104,1994,720.0
zwer104,1999,635.0
zwer104,2006,878.0
zwer104,2011,1010.0
zwer104,2015,1129.0
zwer104,2019,1344.0
zwer105,1994,326.0
zwer105,1999,307.0
zwer105,2006,550.0
zwer105,2011,426.0
zwer105,2015,442.0
zwer105,2019,407.0
zwer106,1994,252.0
zwer106,1999,254.0
zwer106,2006,360.0
zwer106,2011,412.0
zwer106,2015,378.0
zwer106,2019,438.0
zwer107,1994,740.0
zwer107,1999,677.0
zwer107,2006,1131.0
zwer107,2011,1117.0
zwer107,2015,1099.0
zwer107,2019,899.0
zwer108,1994,538.0
zwer108,1999,563.0
zwer108,2006,859.0
zwer108,2011,784.0
zwer108,2015,931.0
zwer108,2019,949.0
zwer109,1994,1231.0
zwer109,1999,1312.0
zwer109,2006,1593.0
zwer109,2011,1625.0
zwer109,2015,1597.0
zwer109,2019,1703.0
zwer110,1994,447.0
zwer110,1999,496.0
zwer110,2006,637.0
zwer110,2011,462.0
zwer110,2015,476.0
zwer110,2019,519.0
