subnat,year,nlprimaryg
afgr101,2010,763.0
afgr101,2015,1803.0
afgr102,2010,195.0
afgr102,2015,270.0
afgr103,2010,719.0
afgr103,2015,933.0
afgr104,2010,749.0
afgr104,2015,1695.0
afgr105,2010,820.0
afgr105,2015,1430.0
afgr106,2010,783.0
afgr106,2015,1617.0
afgr107,2010,610.0
afgr107,2015,1117.0
afgr108,2010,727.0
afgr108,2015,1426.0
agor201,2016,71.0
agor202,2016,72.0
agor203,2016,215.0
agor204,2016,1187.0
agor205,2016,58.0
agor206,2016,349.0
agor207,2016,175.0
agor208,2016,132.0
agor209,2016,369.0
agor210,2016,302.0
agor211,2016,215.0
agor212,2016,95.0
agor213,2016,81.0
agor214,2016,63.0
agor215,2016,379.0
agor216,2016,160.0
agor217,2016,66.0
agor218,2016,48.0
albr201,2005,34.0
albr201,2009,23.0
albr201,2017,45.0
albr202,2005,31.0
albr202,2009,61.0
albr202,2017,49.0
albr203,2005,44.0
albr203,2009,49.0
albr203,2017,83.0
albr204,2005,62.0
albr204,2009,78.0
albr204,2017,88.0
albr205,2005,51.0
albr205,2009,74.0
albr205,2017,118.0
albr206,2005,14.0
albr206,2009,20.0
albr206,2017,21.0
albr207,2005,33.0
albr207,2009,40.0
albr207,2017,73.0
albr208,2005,51.0
albr208,2009,28.0
albr208,2017,30.0
albr209,2005,22.0
albr209,2009,30.0
albr209,2017,44.0
albr210,2005,36.0
albr210,2009,76.0
albr210,2017,51.0
albr211,2005,76.0
albr211,2009,131.0
albr211,2017,250.0
albr212,2005,28.0
albr212,2009,33.0
albr212,2017,47.0
argr101,2011,757.0
argr101,2020,70.0
argr102,2011,313.0
argr102,2020,16.0
argr103,2011,239.0
argr103,2020,20.0
argr104,2011,144.0
argr104,2020,7.0
argr105,2011,681.0
argr105,2020,38.0
argr106,2011,115.0
argr106,2020,9.0
armr101,2000,34.0
armr101,2010,14.0
armr101,2016,36.0
armr102,2000,85.0
armr102,2010,27.0
armr102,2016,59.0
armr103,2000,58.0
armr103,2010,30.0
armr103,2016,41.0
armr104,2000,54.0
armr104,2010,17.0
armr104,2016,49.0
armr105,2000,46.0
armr105,2010,27.0
armr105,2016,25.0
armr106,2000,31.0
armr106,2010,46.0
armr106,2016,70.0
armr107,2000,66.0
armr107,2010,34.0
armr107,2016,47.0
armr108,2000,26.0
armr108,2010,8.0
armr108,2016,16.0
armr109,2000,13.0
armr109,2010,12.0
armr109,2016,11.0
armr110,2000,35.0
armr110,2010,14.0
armr110,2016,32.0
armr111,2000,163.0
armr111,2010,141.0
armr111,2016,168.0
azer101,2006,175.0
azer102,2006,44.0
azer103,2006,75.0
azer104,2006,46.0
azer105,2006,53.0
azer106,2006,37.0
azer107,2006,170.0
azer108,2006,17.0
azer109,2006,24.0
bdir101,2005,648.0
bdir101,2010,684.0
bdir101,2017,1225.0
bdir102,2005,311.0
bdir102,2010,317.0
bdir102,2017,627.0
bdir103,2005,123.0
bdir103,2010,246.0
bdir103,2017,499.0
bdir104,2005,409.0
bdir104,2010,508.0
bdir104,2017,824.0
bdir105,2005,387.0
bdir105,2010,403.0
bdir105,2017,855.0
benr101,1996,242.0
benr101,2001,223.0
benr101,2006,643.0
benr101,2011,789.0
benr101,2018,600.0
benr102,1996,238.0
benr102,2001,280.0
benr102,2006,766.0
benr102,2011,937.0
benr102,2018,576.0
benr103,1996,356.0
benr103,2001,317.0
benr103,2006,914.0
benr103,2011,792.0
benr103,2018,1060.0
benr104,1996,213.0
benr104,2001,195.0
benr104,2006,780.0
benr104,2011,646.0
benr104,2018,486.0
benr105,1996,232.0
benr105,2001,262.0
benr105,2006,799.0
benr105,2011,855.0
benr105,2018,568.0
benr106,1996,189.0
benr106,2001,338.0
benr106,2006,892.0
benr106,2011,787.0
benr106,2018,557.0
bfar101,1998,195.0
bfar101,2003,278.0
bfar101,2010,516.0
bfar102,1998,37.0
bfar102,2003,114.0
bfar102,2010,176.0
bfar103,1998,104.0
bfar103,2003,254.0
bfar103,2010,371.0
bfar104,1998,125.0
bfar104,2003,250.0
bfar104,2010,333.0
bfar105,1998,206.0
bfar105,2003,284.0
bfar105,2010,352.0
bfar106,1998,140.0
bfar106,2003,272.0
bfar106,2010,333.0
bfar107,1998,71.0
bfar107,2003,200.0
bfar107,2010,208.0
bfar108,1998,172.0
bfar108,2003,291.0
bfar108,2010,450.0
bfar109,1998,147.0
bfar109,2003,323.0
bfar109,2010,432.0
bfar110,1998,186.0
bfar110,2003,325.0
bfar110,2010,340.0
bfar111,1998,96.0
bfar111,2003,178.0
bfar111,2010,211.0
bfar112,1998,70.0
bfar112,2003,200.0
bfar112,2010,342.0
bfar113,1998,45.0
bfar113,2003,192.0
bfar113,2010,186.0
bgdr201,1996,84.0
bgdr201,2004,86.0
bgdr201,2011,111.0
bgdr201,2014,98.0
bgdr201,2019,198.0
bgdr202,1996,55.0
bgdr202,2004,64.0
bgdr202,2011,87.0
bgdr202,2014,86.0
bgdr202,2019,222.0
bgdr203,1996,80.0
bgdr203,2004,89.0
bgdr203,2011,169.0
bgdr203,2014,169.0
bgdr203,2019,418.0
bgdr204,1996,57.0
bgdr204,2004,39.0
bgdr204,2011,68.0
bgdr204,2014,64.0
bgdr204,2019,162.0
bgdr205,1996,22.0
bgdr205,2004,27.0
bgdr205,2011,37.0
bgdr205,2014,43.0
bgdr205,2019,76.0
bgdr206,1996,114.0
bgdr206,2004,134.0
bgdr206,2011,154.0
bgdr206,2014,135.0
bgdr206,2019,316.0
bgdr207,1996,231.0
bgdr207,2004,161.0
bgdr207,2011,229.0
bgdr207,2014,200.0
bgdr207,2019,576.0
bgdr208,1996,85.0
bgdr208,2004,97.0
bgdr208,2011,217.0
bgdr208,2014,185.0
bgdr208,2019,485.0
bgdr209,1996,110.0
bgdr209,2004,79.0
bgdr209,2011,194.0
bgdr209,2014,156.0
bgdr209,2019,404.0
bgdr210,1996,118.0
bgdr210,2004,140.0
bgdr210,2011,228.0
bgdr210,2014,176.0
bgdr210,2019,324.0
bgdr211,1996,174.0
bgdr211,2004,168.0
bgdr211,2011,269.0
bgdr211,2014,259.0
bgdr211,2019,538.0
bgdr212,1996,72.0
bgdr212,2004,85.0
bgdr212,2011,50.0
bgdr212,2014,118.0
bgdr212,2019,220.0
bgdr213,1996,109.0
bgdr213,2004,78.0
bgdr213,2011,179.0
bgdr213,2014,93.0
bgdr213,2019,259.0
bgdr214,1996,77.0
bgdr214,2004,66.0
bgdr214,2011,106.0
bgdr214,2014,121.0
bgdr214,2019,266.0
bgdr215,1996,64.0
bgdr215,2004,68.0
bgdr215,2011,79.0
bgdr215,2014,68.0
bgdr215,2019,215.0
bgdr216,1996,78.0
bgdr216,2004,61.0
bgdr216,2011,118.0
bgdr216,2014,76.0
bgdr216,2019,276.0
bgdr217,1996,62.0
bgdr217,2004,64.0
bgdr217,2011,83.0
bgdr217,2014,86.0
bgdr217,2019,331.0
bgdr218,1996,76.0
bgdr218,2004,73.0
bgdr218,2011,150.0
bgdr218,2014,91.0
bgdr218,2019,328.0
bgdr219,1996,86.0
bgdr219,2004,102.0
bgdr219,2011,164.0
bgdr219,2014,102.0
bgdr219,2019,313.0
bgdr220,1996,126.0
bgdr220,2004,105.0
bgdr220,2011,144.0
bgdr220,2014,126.0
bgdr220,2019,340.0
bgdr221,1996,98.0
bgdr221,2004,95.0
bgdr221,2011,140.0
bgdr221,2014,106.0
bgdr221,2019,279.0
bgdr222,1996,70.0
bgdr222,2004,115.0
bgdr222,2011,120.0
bgdr222,2014,131.0
bgdr222,2019,297.0
bgdr223,1996,59.0
bgdr223,2004,66.0
bgdr223,2011,108.0
bgdr223,2014,151.0
bgdr223,2019,293.0
bihr101,2006,35.0
bihr101,2011,42.0
bihr102,2006,48.0
bihr102,2011,43.0
bihr103,2006,77.0
bihr103,2011,106.0
bihr104,2006,36.0
bihr104,2011,32.0
bihr105,2006,99.0
bihr105,2011,103.0
blrr101,2005,55.0
blrr101,2012,58.0
blrr101,2019,51.0
blrr102,2005,30.0
blrr102,2012,39.0
blrr102,2019,46.0
blrr103,2005,46.0
blrr103,2012,56.0
blrr103,2019,50.0
blrr104,2005,46.0
blrr104,2012,23.0
blrr104,2019,44.0
blrr105,2005,91.0
blrr105,2012,102.0
blrr105,2019,151.0
blrr106,2005,36.0
blrr106,2012,25.0
blrr106,2019,34.0
blzr101,2006,72.0
blzr101,2011,168.0
blzr102,2006,92.0
blzr102,2011,141.0
blzr103,2006,67.0
blzr103,2011,79.0
blzr104,2006,85.0
blzr104,2011,185.0
bolr101,1998,175.0
bolr101,2003,273.0
bolr101,2008,213.0
bolr102,1998,620.0
bolr102,2003,877.0
bolr102,2008,882.0
bolr103,1998,352.0
bolr103,2003,680.0
bolr103,2008,641.0
bolr104,1998,116.0
bolr104,2003,147.0
bolr104,2008,186.0
bolr105,1998,239.0
bolr105,2003,331.0
bolr105,2008,388.0
bolr106,1998,105.0
bolr106,2003,153.0
bolr106,2008,129.0
bolr107,1998,498.0
bolr107,2003,793.0
bolr107,2008,637.0
bolr108,1998,125.0
bolr108,2003,141.0
bolr108,2008,118.0
bolr109,1998,16.0
bolr109,2003,16.0
bolr109,2008,23.0
brar101,1996,9.0
brar101,2000,288.0
brar101,2010,180.0
brar102,1996,6.0
brar102,2000,99.0
brar102,2010,104.0
brar103,1996,25.0
brar103,2000,687.0
brar103,2010,544.0
brar104,1996,1.0
brar104,2000,83.0
brar104,2010,58.0
brar105,1996,49.0
brar105,2000,1371.0
brar105,2010,1139.0
brar106,1996,5.0
brar106,2000,94.0
brar106,2010,111.0
brar107,1996,15.0
brar107,2000,231.0
brar107,2010,207.0
brar108,1996,92.0
brar108,2000,1225.0
brar108,2010,995.0
brar109,1996,48.0
brar109,2000,565.0
brar109,2010,397.0
brar110,1996,95.0
brar110,2000,1425.0
brar110,2010,1078.0
brar111,1996,32.0
brar111,2000,535.0
brar111,2010,336.0
brar112,1996,51.0
brar112,2000,627.0
brar112,2010,462.0
brar113,1996,96.0
brar113,2000,1361.0
brar113,2010,1151.0
brar114,1996,39.0
brar114,2000,564.0
brar114,2010,489.0
brar115,1996,26.0
brar115,2000,333.0
brar115,2010,259.0
brar116,1996,133.0
brar116,2000,2495.0
brar116,2010,1783.0
brar117,1996,183.0
brar117,2000,2916.0
brar117,2010,2067.0
brar118,1996,48.0
brar118,2000,513.0
brar118,2010,422.0
brar119,1996,131.0
brar119,2000,2058.0
brar119,2010,1585.0
brar120,1996,300.0
brar120,2000,5364.0
brar120,2010,4216.0
brar121,1996,105.0
brar121,2000,1591.0
brar121,2010,1114.0
brar122,1996,62.0
brar122,2000,941.0
brar122,2010,641.0
brar123,1996,132.0
brar123,2000,1571.0
brar123,2010,1036.0
brar124,1996,22.0
brar124,2000,375.0
brar124,2010,323.0
brar125,1996,32.0
brar125,2000,536.0
brar125,2010,358.0
brar126,1996,50.0
brar126,2000,823.0
brar126,2010,655.0
brar127,1996,22.0
brar127,2000,331.0
brar127,2010,255.0
brbr101,2012,45.0
brbr102,2012,34.0
brbr103,2012,30.0
brbr104,2012,34.0
btnr101,2010,55.0
btnr102,2010,212.0
btnr103,2010,81.0
btnr104,2010,16.0
btnr105,2010,41.0
btnr106,2010,47.0
btnr107,2010,155.0
btnr108,2010,111.0
btnr109,2010,76.0
btnr110,2010,75.0
btnr111,2010,148.0
btnr112,2010,277.0
btnr113,2010,123.0
btnr114,2010,234.0
btnr115,2010,221.0
btnr116,2010,66.0
btnr117,2010,48.0
btnr118,2010,70.0
btnr119,2010,91.0
btnr120,2010,50.0
bwar101,2000,380.0
bwar101,2001,2279.0
bwar101,2011,2132.0
bwar102,2000,20.0
bwar102,2001,113.0
bwar102,2011,147.0
bwar103,2000,21.0
bwar103,2001,174.0
bwar103,2011,175.0
bwar104,2000,52.0
bwar104,2001,265.0
bwar104,2011,302.0
bwar105,2000,126.0
bwar105,2001,912.0
bwar105,2011,903.0
bwar106,2000,107.0
bwar106,2001,463.0
bwar106,2011,496.0
bwar107,2000,86.0
bwar107,2001,488.0
bwar107,2011,552.0
bwar108,2000,119.0
bwar108,2001,808.0
bwar108,2011,714.0
bwar109,2000,141.0
bwar109,2001,789.0
bwar109,2011,733.0
bwar110,2000,2.0
bwar110,2001,59.0
bwar110,2011,73.0
cafr101,1994,311.0
cafr101,2006,516.0
cafr101,2010,607.0
cafr101,2019,772.0
cafr102,1994,255.0
cafr102,2006,591.0
cafr102,2010,535.0
cafr102,2019,425.0
cafr103,1994,295.0
cafr103,2006,529.0
cafr103,2010,579.0
cafr103,2019,660.0
cafr104,1994,151.0
cafr104,2006,287.0
cafr104,2010,201.0
cafr104,2019,74.0
cafr105,1994,159.0
cafr105,2006,326.0
cafr105,2010,290.0
cafr105,2019,274.0
cafr106,1994,312.0
cafr106,2006,379.0
cafr106,2010,443.0
cafr106,2019,269.0
civr101,1994,153.0
civr101,1999,44.0
civr101,2005,145.0
civr101,2011,193.0
civr102,1994,72.0
civr102,1999,23.0
civr102,2005,31.0
civr102,2011,62.0
civr103,1994,155.0
civr103,1999,29.0
civr103,2005,50.0
civr103,2011,207.0
civr104,1994,312.0
civr104,1999,88.0
civr104,2005,121.0
civr104,2011,383.0
civr105,1994,154.0
civr105,1999,45.0
civr105,2005,50.0
civr105,2011,149.0
civr106,1994,114.0
civr106,1999,39.0
civr106,2005,71.0
civr106,2011,103.0
civr107,1994,107.0
civr107,1999,52.0
civr107,2005,28.0
civr107,2011,121.0
civr108,1994,228.0
civr108,1999,74.0
civr108,2005,98.0
civr108,2011,313.0
civr109,1994,636.0
civr109,1999,193.0
civr109,2005,404.0
civr109,2011,579.0
civr110,1994,134.0
civr110,1999,25.0
civr110,2005,67.0
civr110,2011,197.0
cmrr101,1998,60.0
cmrr101,2004,111.0
cmrr101,2011,160.0
cmrr101,2018,174.0
cmrr102,1998,204.0
cmrr102,2004,336.0
cmrr102,2011,470.0
cmrr102,2018,557.0
cmrr103,1998,89.0
cmrr103,2004,127.0
cmrr103,2011,192.0
cmrr103,2018,204.0
cmrr104,1998,214.0
cmrr104,2004,508.0
cmrr104,2011,812.0
cmrr104,2018,607.0
cmrr105,1998,107.0
cmrr105,2004,246.0
cmrr105,2011,318.0
cmrr105,2018,320.0
cmrr106,1998,148.0
cmrr106,2004,287.0
cmrr106,2011,478.0
cmrr106,2018,484.0
cmrr107,1998,156.0
cmrr107,2004,265.0
cmrr107,2011,284.0
cmrr107,2018,195.0
cmrr108,1998,150.0
cmrr108,2004,274.0
cmrr108,2011,407.0
cmrr108,2018,314.0
cmrr109,1998,35.0
cmrr109,2004,97.0
cmrr109,2011,92.0
cmrr109,2018,110.0
cmrr110,1998,87.0
cmrr110,2004,144.0
cmrr110,2011,225.0
cmrr110,2018,35.0
codr101,2007,229.0
codr101,2010,313.0
codr101,2013,365.0
codr101,2018,466.0
codr102,2007,76.0
codr102,2010,185.0
codr102,2013,195.0
codr102,2018,253.0
codr103,2007,286.0
codr103,2010,292.0
codr103,2013,846.0
codr103,2018,380.0
codr104,2007,303.0
codr104,2010,303.0
codr104,2013,726.0
codr104,2018,204.0
codr105,2007,252.0
codr105,2010,312.0
codr105,2013,554.0
codr105,2018,425.0
codr106,2007,101.0
codr106,2010,291.0
codr106,2013,476.0
codr106,2018,313.0
codr107,2007,113.0
codr107,2010,209.0
codr107,2013,403.0
codr107,2018,324.0
codr108,2007,81.0
codr108,2010,91.0
codr108,2013,176.0
codr108,2018,45.0
codr109,2007,240.0
codr109,2010,482.0
codr109,2013,525.0
codr109,2018,555.0
codr110,2007,314.0
codr110,2010,283.0
codr110,2013,544.0
codr110,2018,265.0
codr111,2007,200.0
codr111,2010,166.0
codr111,2013,352.0
codr111,2018,247.0
cogr201,2005,57.0
cogr201,2011,48.0
cogr201,2015,50.0
cogr202,2005,113.0
cogr202,2011,134.0
cogr202,2015,107.0
cogr203,2005,34.0
cogr203,2011,45.0
cogr203,2015,42.0
cogr204,2005,164.0
cogr204,2011,271.0
cogr204,2015,185.0
cogr205,2005,72.0
cogr205,2011,168.0
cogr205,2015,175.0
cogr206,2005,84.0
cogr206,2011,112.0
cogr206,2015,86.0
cogr207,2005,59.0
cogr207,2011,82.0
cogr207,2015,83.0
cogr208,2005,38.0
cogr208,2011,48.0
cogr208,2015,39.0
cogr209,2005,20.0
cogr209,2011,45.0
cogr209,2015,47.0
cogr210,2005,74.0
cogr210,2011,108.0
cogr210,2015,100.0
cogr211,2005,366.0
cogr211,2011,641.0
cogr211,2015,774.0
cogr212,2005,173.0
cogr212,2011,456.0
cogr212,2015,515.0
colr101,1995,188.0
colr101,2000,181.0
colr101,2005,545.0
colr101,2010,708.0
colr101,2015,477.0
colr102,1995,101.0
colr102,2000,86.0
colr102,2005,226.0
colr102,2010,261.0
colr102,2015,201.0
colr103,1995,197.0
colr103,2000,182.0
colr103,2005,691.0
colr103,2010,784.0
colr103,2015,568.0
colr104,1995,56.0
colr104,2000,46.0
colr104,2005,235.0
colr104,2010,246.0
colr104,2015,195.0
colr105,1995,68.0
colr105,2000,76.0
colr105,2005,163.0
colr105,2010,179.0
colr105,2015,123.0
colr106,1995,62.0
colr106,2000,38.0
colr106,2005,109.0
colr106,2010,107.0
colr106,2015,61.0
colr107,2005,59.0
colr107,2010,34.0
colr107,2015,51.0
colr108,1995,59.0
colr108,2000,71.0
colr108,2005,163.0
colr108,2010,147.0
colr108,2015,109.0
colr109,1995,42.0
colr109,2000,42.0
colr109,2005,131.0
colr109,2010,148.0
colr109,2015,97.0
colr110,1995,73.0
colr110,2000,72.0
colr110,2005,149.0
colr110,2010,238.0
colr110,2015,173.0
colr111,1995,58.0
colr111,2000,71.0
colr111,2005,285.0
colr111,2010,380.0
colr111,2015,228.0
colr112,1995,28.0
colr112,2000,12.0
colr112,2005,57.0
colr112,2010,67.0
colr112,2015,57.0
colr113,1995,66.0
colr113,2000,57.0
colr113,2005,129.0
colr113,2010,151.0
colr113,2015,102.0
colr114,1995,23.0
colr114,2000,18.0
colr114,2005,66.0
colr114,2010,107.0
colr114,2015,117.0
colr115,1995,56.0
colr115,2000,38.0
colr115,2005,153.0
colr115,2010,189.0
colr115,2015,130.0
colr116,1995,16.0
colr116,2000,10.0
colr116,2005,85.0
colr116,2010,116.0
colr116,2015,129.0
colr117,1995,41.0
colr117,2000,37.0
colr117,2005,178.0
colr117,2010,202.0
colr117,2015,141.0
colr118,1995,32.0
colr118,2000,76.0
colr118,2005,159.0
colr118,2010,201.0
colr118,2015,126.0
colr119,1995,21.0
colr119,2000,15.0
colr119,2005,59.0
colr119,2010,67.0
colr119,2015,39.0
colr120,1995,18.0
colr120,2000,15.0
colr120,2005,100.0
colr120,2010,125.0
colr120,2015,77.0
colr121,1995,96.0
colr121,2000,85.0
colr121,2005,198.0
colr121,2010,261.0
colr121,2015,156.0
colr122,1995,57.0
colr122,2000,21.0
colr122,2005,88.0
colr122,2010,109.0
colr122,2015,82.0
colr123,1995,60.0
colr123,2000,65.0
colr123,2005,164.0
colr123,2010,176.0
colr123,2015,109.0
colr124,1995,146.0
colr124,2000,139.0
colr124,2005,450.0
colr124,2010,469.0
colr124,2015,377.0
colr125,2005,21.0
colr125,2010,25.0
colr125,2015,24.0
colr126,2005,17.0
colr126,2010,52.0
colr126,2015,40.0
colr127,2005,12.0
colr127,2010,51.0
colr127,2015,30.0
colr128,2005,9.0
colr128,2010,7.0
colr128,2015,7.0
colr129,2005,3.0
colr129,2010,16.0
colr129,2015,8.0
colr130,2005,1.0
colr130,2010,4.0
colr130,2015,4.0
colr131,2005,6.0
colr131,2010,6.0
colr131,2015,8.0
colr132,2005,1.0
colr132,2010,3.0
colr132,2015,6.0
colr133,2005,3.0
colr133,2010,8.0
colr133,2015,3.0
comr101,1996,324.0
comr101,2012,407.0
comr102,1996,55.0
comr102,2012,84.0
comr103,1996,335.0
comr103,2012,570.0
crir101,2011,157.0
crir101,2018,76.0
crir102,2011,79.0
crir102,2018,52.0
crir103,2011,40.0
crir103,2018,31.0
crir104,2011,25.0
crir104,2018,22.0
crir105,2011,38.0
crir105,2018,27.0
crir106,2011,59.0
crir106,2018,36.0
crir107,2011,50.0
crir107,2018,28.0
cubr101,2019,18.0
cubr102,2019,37.0
cubr103,2019,85.0
cubr104,2019,20.0
cubr105,2019,28.0
cubr106,2019,14.0
cubr107,2019,43.0
cubr108,2019,35.0
cubr109,2019,74.0
cubr110,2019,25.0
cubr111,2019,38.0
cubr112,2019,40.0
cubr113,2019,48.0
cubr114,2019,31.0
cubr115,2019,6.0
djir101,2006,771.0
djir102,2006,183.0
domr101,1996,414.0
domr101,2002,192.0
domr101,2007,130.0
domr101,2013,481.0
domr101,2019,1036.0
domr102,1996,207.0
domr102,2002,85.0
domr102,2007,42.0
domr102,2013,101.0
domr102,2019,291.0
domr103,1996,170.0
domr103,2002,69.0
domr103,2007,35.0
domr103,2013,133.0
domr103,2019,336.0
domr104,1996,105.0
domr104,2002,34.0
domr104,2007,15.0
domr104,2013,65.0
domr104,2019,158.0
domr105,1996,85.0
domr105,2002,63.0
domr105,2007,15.0
domr105,2013,47.0
domr105,2019,112.0
domr106,1996,171.0
domr106,2002,92.0
domr106,2007,59.0
domr106,2013,110.0
domr106,2019,342.0
domr107,1996,53.0
domr107,2002,53.0
domr107,2007,10.0
domr107,2013,82.0
domr107,2019,87.0
domr108,1996,67.0
domr108,2002,22.0
domr108,2007,17.0
domr108,2013,42.0
domr108,2019,100.0
domr109,1996,89.0
domr109,2002,35.0
domr109,2007,23.0
domr109,2013,73.0
domr109,2019,184.0
dzar101,2002,489.0
dzar101,2013,1165.0
dzar101,2019,1425.0
dzar102,2002,244.0
dzar102,2013,460.0
dzar102,2019,550.0
dzar103,2002,297.0
dzar103,2013,563.0
dzar103,2019,669.0
dzar104,2002,199.0
dzar104,2013,329.0
dzar104,2019,351.0
dzar105,2002,234.0
dzar105,2013,533.0
dzar105,2019,573.0
dzar106,2002,120.0
dzar106,2013,220.0
dzar106,2019,226.0
dzar107,2002,177.0
dzar107,2013,441.0
dzar107,2019,480.0
egyr101,1995,360.0
egyr101,2000,254.0
egyr101,2005,379.0
egyr101,2008,286.0
egyr101,2014,300.0
egyr102,1995,180.0
egyr102,2000,173.0
egyr102,2005,161.0
egyr102,2008,142.0
egyr102,2014,149.0
egyr103,1995,23.0
egyr103,2000,18.0
egyr103,2005,25.0
egyr103,2008,18.0
egyr103,2014,12.0
egyr104,1995,20.0
egyr104,2000,19.0
egyr104,2005,29.0
egyr104,2008,23.0
egyr104,2014,3.0
egyr105,1995,40.0
egyr105,2000,37.0
egyr105,2005,43.0
egyr105,2008,46.0
egyr105,2014,77.0
egyr106,1995,237.0
egyr106,2000,201.0
egyr106,2005,207.0
egyr106,2008,193.0
egyr106,2014,259.0
egyr107,1995,272.0
egyr107,2000,225.0
egyr107,2005,240.0
egyr107,2008,199.0
egyr107,2014,351.0
egyr108,1995,213.0
egyr108,2000,131.0
egyr108,2005,217.0
egyr108,2008,170.0
egyr108,2014,177.0
egyr109,1995,106.0
egyr109,2000,125.0
egyr109,2005,108.0
egyr109,2008,92.0
egyr109,2014,147.0
egyr110,1995,150.0
egyr110,2000,165.0
egyr110,2005,245.0
egyr110,2008,157.0
egyr110,2014,234.0
egyr111,1995,145.0
egyr111,2000,140.0
egyr111,2005,160.0
egyr111,2008,141.0
egyr111,2014,170.0
egyr112,1995,218.0
egyr112,2000,181.0
egyr112,2005,167.0
egyr112,2008,182.0
egyr112,2014,298.0
egyr113,1995,31.0
egyr113,2000,25.0
egyr113,2005,45.0
egyr113,2008,26.0
egyr113,2014,26.0
egyr114,1995,281.0
egyr114,2000,237.0
egyr114,2005,355.0
egyr114,2008,230.0
egyr114,2014,376.0
egyr115,1995,108.0
egyr115,2000,101.0
egyr115,2005,125.0
egyr115,2008,119.0
egyr115,2014,151.0
egyr116,1995,108.0
egyr116,2000,90.0
egyr116,2005,133.0
egyr116,2008,103.0
egyr116,2014,143.0
egyr117,1995,230.0
egyr117,2000,161.0
egyr117,2005,229.0
egyr117,2008,215.0
egyr117,2014,219.0
egyr118,1995,160.0
egyr118,2000,195.0
egyr118,2005,167.0
egyr118,2008,163.0
egyr118,2014,203.0
egyr119,1995,179.0
egyr119,2000,145.0
egyr119,2005,267.0
egyr119,2008,152.0
egyr119,2014,204.0
egyr120,1995,192.0
egyr120,2000,142.0
egyr120,2005,179.0
egyr120,2008,134.0
egyr120,2014,170.0
egyr121,1995,58.0
egyr121,2000,47.0
egyr121,2005,55.0
egyr121,2008,41.0
egyr121,2014,73.0
egyr122,1995,32.0
egyr122,2000,43.0
egyr122,2005,42.0
egyr122,2008,46.0
egyr122,2014,39.0
erir101,1995,34.0
erir101,2002,63.0
erir102,1995,254.0
erir102,2002,374.0
erir103,1995,155.0
erir103,2002,297.0
erir104,1995,169.0
erir104,2002,334.0
erir105,1995,242.0
erir105,2002,449.0
erir106,1995,398.0
erir106,2002,747.0
ethr101,2000,215.0
ethr101,2005,205.0
ethr101,2011,271.0
ethr101,2016,223.0
ethr102,2000,34.0
ethr102,2005,43.0
ethr102,2011,42.0
ethr102,2016,37.0
ethr103,2000,931.0
ethr103,2005,880.0
ethr103,2011,938.0
ethr103,2016,820.0
ethr104,2000,1162.0
ethr104,2005,1390.0
ethr104,2011,1664.0
ethr104,2016,1751.0
ethr105,2000,48.0
ethr105,2005,198.0
ethr105,2011,120.0
ethr105,2016,177.0
ethr106,2000,37.0
ethr106,2005,37.0
ethr106,2011,43.0
ethr106,2016,48.0
ethr107,2000,729.0
ethr107,2005,933.0
ethr107,2011,1080.0
ethr107,2016,1003.0
ethr108,2000,8.0
ethr108,2005,10.0
ethr108,2011,14.0
ethr108,2016,11.0
ethr109,2000,6.0
ethr109,2005,7.0
ethr109,2011,10.0
ethr109,2016,10.0
ethr110,2000,61.0
ethr110,2005,66.0
ethr110,2011,76.0
ethr110,2016,55.0
ethr111,2000,11.0
ethr111,2005,12.0
ethr111,2011,15.0
ethr111,2016,17.0
fjir101,2007,456.0
fjir102,2007,272.0
fjir103,2007,75.0
fjir104,2007,165.0
fjir105,2007,139.0
fjir106,2007,208.0
fjir107,2007,179.0
fjir108,2007,549.0
fjir109,2007,191.0
fjir110,2007,104.0
gabr101,2000,86.0
gabr101,2012,176.0
gabr102,2000,144.0
gabr102,2012,184.0
gabr103,2000,61.0
gabr103,2012,66.0
gabr104,2000,108.0
gabr104,2012,101.0
gabr105,2000,46.0
gabr105,2012,48.0
gabr106,2000,83.0
gabr106,2012,69.0
gabr107,2000,58.0
gabr107,2012,72.0
gabr108,2000,11.0
gabr108,2012,23.0
gabr109,2000,116.0
gabr109,2012,95.0
gabr110,2000,675.0
gabr110,2012,893.0
geor102,2005,69.0
geor102,2018,96.0
geor103,2005,19.0
geor103,2018,22.0
geor104,2005,115.0
geor104,2018,95.0
geor105,2005,73.0
geor105,2018,57.0
geor106,2005,99.0
geor106,2018,96.0
geor107,2005,18.0
geor107,2018,22.0
geor108,2005,62.0
geor108,2018,67.0
geor109,2005,42.0
geor109,2018,28.0
geor110,2005,59.0
geor110,2018,62.0
geor111,2005,161.0
geor111,2018,358.0
ghar101,1998,141.0
ghar101,2003,101.0
ghar101,2006,111.0
ghar101,2008,205.0
ghar101,2011,222.0
ghar101,2014,181.0
ghar101,2017,289.0
ghar102,1998,118.0
ghar102,2003,104.0
ghar102,2006,104.0
ghar102,2008,207.0
ghar102,2011,234.0
ghar102,2014,204.0
ghar102,2017,255.0
ghar103,1998,114.0
ghar103,2003,133.0
ghar103,2006,117.0
ghar103,2008,209.0
ghar103,2011,298.0
ghar103,2014,281.0
ghar103,2017,258.0
ghar104,1998,113.0
ghar104,2003,116.0
ghar104,2006,98.0
ghar104,2008,187.0
ghar104,2011,229.0
ghar104,2014,156.0
ghar104,2017,227.0
ghar105,1998,144.0
ghar105,2003,120.0
ghar105,2006,106.0
ghar105,2008,231.0
ghar105,2011,308.0
ghar105,2014,173.0
ghar105,2017,275.0
ghar106,1998,148.0
ghar106,2003,248.0
ghar106,2006,160.0
ghar106,2008,364.0
ghar106,2011,385.0
ghar106,2014,319.0
ghar106,2017,635.0
ghar107,1998,88.0
ghar107,2003,115.0
ghar107,2006,102.0
ghar107,2008,197.0
ghar107,2011,247.0
ghar107,2014,145.0
ghar107,2017,228.0
ghar108,1998,68.0
ghar108,2003,152.0
ghar108,2006,187.0
ghar108,2008,246.0
ghar108,2011,254.0
ghar108,2014,199.0
ghar108,2017,271.0
ghar109,1998,31.0
ghar109,2003,45.0
ghar109,2006,34.0
ghar109,2008,62.0
ghar109,2011,79.0
ghar109,2014,70.0
ghar109,2017,57.0
ghar110,1998,63.0
ghar110,2003,82.0
ghar110,2006,53.0
ghar110,2008,135.0
ghar110,2011,119.0
ghar110,2014,74.0
ghar110,2017,83.0
ginr101,2005,269.0
ginr101,2012,263.0
ginr101,2018,261.0
ginr102,2005,243.0
ginr102,2012,318.0
ginr102,2018,361.0
ginr103,2005,198.0
ginr103,2012,230.0
ginr103,2018,270.0
ginr104,2005,307.0
ginr104,2012,358.0
ginr104,2018,413.0
ginr105,2005,302.0
ginr105,2012,384.0
ginr105,2018,382.0
ginr106,2005,252.0
ginr106,2012,229.0
ginr106,2018,273.0
ginr107,2005,126.0
ginr107,2012,204.0
ginr107,2018,231.0
ginr108,2005,533.0
ginr108,2012,435.0
ginr108,2018,460.0
gmbr101,2000,195.0
gmbr101,2006,50.0
gmbr101,2013,36.0
gmbr101,2018,27.0
gmbr101,2020,26.0
gmbr102,2000,171.0
gmbr102,2006,450.0
gmbr102,2013,450.0
gmbr102,2018,461.0
gmbr102,2020,399.0
gmbr103,2000,180.0
gmbr103,2006,536.0
gmbr103,2013,818.0
gmbr103,2018,1002.0
gmbr103,2020,1073.0
gmbr104,2000,200.0
gmbr104,2006,161.0
gmbr104,2013,145.0
gmbr104,2018,123.0
gmbr104,2020,118.0
gmbr105,2000,174.0
gmbr105,2006,297.0
gmbr105,2013,322.0
gmbr105,2018,239.0
gmbr105,2020,351.0
gmbr106,2000,217.0
gmbr106,2006,179.0
gmbr106,2013,193.0
gmbr106,2018,94.0
gmbr106,2020,166.0
gmbr107,2000,208.0
gmbr107,2006,205.0
gmbr107,2013,236.0
gmbr107,2018,159.0
gmbr107,2020,177.0
gmbr108,2000,182.0
gmbr108,2006,301.0
gmbr108,2013,319.0
gmbr108,2018,313.0
gmbr108,2020,340.0
gnbr101,2006,107.0
gnbr101,2014,168.0
gnbr101,2019,99.0
gnbr102,2006,39.0
gnbr102,2014,97.0
gnbr102,2019,120.0
gnbr103,2006,258.0
gnbr103,2014,349.0
gnbr103,2019,322.0
gnbr104,2006,127.0
gnbr104,2014,158.0
gnbr104,2019,186.0
gnbr105,2006,67.0
gnbr105,2014,47.0
gnbr105,2019,42.0
gnbr106,2006,198.0
gnbr106,2014,268.0
gnbr106,2019,405.0
gnbr107,2006,297.0
gnbr107,2014,264.0
gnbr107,2019,379.0
gnbr108,2006,269.0
gnbr108,2014,211.0
gnbr108,2019,243.0
gnbr109,2006,379.0
gnbr109,2014,564.0
gnbr109,2019,444.0
gnqr101,2000,163.0
gnqr102,2000,99.0
gnqr103,2000,171.0
gnqr104,2000,207.0
gnqr105,2000,114.0
gtmr101,1995,597.0
gtmr101,1999,376.0
gtmr101,2015,601.0
gtmr102,1995,251.0
gtmr102,1999,94.0
gtmr102,2015,394.0
gtmr103,1995,264.0
gtmr103,1999,112.0
gtmr103,2015,333.0
gtmr104,1995,293.0
gtmr104,1999,102.0
gtmr104,2015,339.0
gtmr105,1995,261.0
gtmr105,1999,141.0
gtmr105,2015,414.0
gtmr106,1995,660.0
gtmr106,1999,306.0
gtmr106,2015,949.0
gtmr107,1995,437.0
gtmr107,1999,169.0
gtmr107,2015,605.0
gtmr108,1999,43.0
gtmr108,2015,178.0
guyr101,2006,34.0
guyr101,2009,50.0
guyr101,2014,17.0
guyr101,2019,26.0
guyr102,2006,63.0
guyr102,2009,48.0
guyr102,2014,28.0
guyr102,2019,45.0
guyr103,2006,91.0
guyr103,2009,85.0
guyr103,2014,64.0
guyr103,2019,125.0
guyr104,2006,265.0
guyr104,2009,280.0
guyr104,2014,207.0
guyr104,2019,283.0
guyr105,2006,48.0
guyr105,2009,41.0
guyr105,2014,40.0
guyr105,2019,34.0
guyr106,2006,126.0
guyr106,2009,115.0
guyr106,2014,71.0
guyr106,2019,85.0
guyr107,2006,20.0
guyr107,2009,25.0
guyr107,2014,12.0
guyr107,2019,13.0
guyr108,2006,14.0
guyr108,2009,13.0
guyr108,2014,10.0
guyr108,2019,7.0
guyr109,2006,31.0
guyr109,2009,24.0
guyr109,2014,37.0
guyr109,2019,39.0
guyr110,2006,54.0
guyr110,2009,47.0
guyr110,2014,31.0
guyr110,2019,40.0
hndr101,2005,179.0
hndr101,2011,172.0
hndr101,2019,135.0
hndr102,2005,170.0
hndr102,2011,129.0
hndr102,2019,90.0
hndr103,2005,253.0
hndr103,2011,231.0
hndr103,2019,172.0
hndr104,2005,205.0
hndr104,2011,160.0
hndr104,2019,112.0
hndr105,2005,715.0
hndr105,2011,533.0
hndr105,2019,418.0
hndr106,2005,248.0
hndr106,2011,168.0
hndr106,2019,148.0
hndr107,2005,235.0
hndr107,2011,178.0
hndr107,2019,177.0
hndr108,2005,605.0
hndr108,2011,522.0
hndr108,2019,456.0
hndr109,2011,51.0
hndr109,2019,36.0
hndr110,2005,133.0
hndr110,2011,117.0
hndr110,2019,94.0
hndr111,2011,20.0
hndr111,2019,22.0
hndr112,2005,124.0
hndr112,2011,92.0
hndr112,2019,63.0
hndr113,2005,204.0
hndr113,2011,143.0
hndr113,2019,119.0
hndr114,2005,78.0
hndr114,2011,58.0
hndr114,2019,47.0
hndr115,2005,286.0
hndr115,2011,216.0
hndr115,2019,198.0
hndr116,2005,215.0
hndr116,2011,191.0
hndr116,2019,139.0
hndr117,2005,100.0
hndr117,2011,67.0
hndr117,2019,66.0
hndr118,2005,324.0
hndr118,2011,239.0
hndr118,2019,203.0
htir101,1994,331.0
htir101,2000,767.0
htir101,2005,630.0
htir101,2012,652.0
htir101,2017,774.0
htir102,1994,98.0
htir102,2000,108.0
htir102,2005,120.0
htir102,2012,115.0
htir102,2017,150.0
htir103,1994,137.0
htir103,2000,167.0
htir103,2005,190.0
htir103,2012,213.0
htir103,2017,218.0
htir104,1994,36.0
htir104,2000,79.0
htir104,2005,73.0
htir104,2012,99.0
htir104,2017,85.0
htir105,1994,171.0
htir105,2000,301.0
htir105,2005,314.0
htir105,2012,307.0
htir105,2017,310.0
htir106,1994,85.0
htir106,2000,222.0
htir106,2005,159.0
htir106,2012,184.0
htir106,2017,199.0
htir107,1994,116.0
htir107,2000,176.0
htir107,2005,147.0
htir107,2012,147.0
htir107,2017,177.0
htir108,1994,61.0
htir108,2000,133.0
htir108,2005,137.0
htir108,2012,178.0
htir108,2017,158.0
htir109,1994,71.0
htir109,2000,95.0
htir109,2005,134.0
htir109,2012,111.0
htir109,2017,135.0
htir110,2012,55.0
idnr101,1997,120.0
idnr101,2007,111.0
idnr101,2017,108.0
idnr102,1997,420.0
idnr102,2003,361.0
idnr102,2007,384.0
idnr102,2017,327.0
idnr103,1997,113.0
idnr103,2003,136.0
idnr103,2007,104.0
idnr103,2017,109.0
idnr104,1997,94.0
idnr104,2003,127.0
idnr104,2007,95.0
idnr104,2017,188.0
idnr105,1997,72.0
idnr105,2003,61.0
idnr105,2007,52.0
idnr105,2017,65.0
idnr106,1997,187.0
idnr106,2003,144.0
idnr106,2007,160.0
idnr106,2017,176.0
idnr107,1997,43.0
idnr107,2003,25.0
idnr107,2007,41.0
idnr107,2017,40.0
idnr108,1997,204.0
idnr108,2003,174.0
idnr108,2007,179.0
idnr108,2017,155.0
idnr109,2003,23.0
idnr109,2007,55.0
idnr109,2017,31.0
idnr110,1997,157.0
idnr110,2003,140.0
idnr110,2007,184.0
idnr110,2017,157.0
idnr111,1997,1204.0
idnr111,2003,1087.0
idnr111,2007,801.0
idnr111,2017,957.0
idnr112,1997,811.0
idnr112,2003,651.0
idnr112,2007,763.0
idnr112,2017,644.0
idnr113,1997,61.0
idnr113,2003,48.0
idnr113,2007,83.0
idnr113,2017,53.0
idnr114,1997,654.0
idnr114,2003,657.0
idnr114,2007,780.0
idnr114,2017,645.0
idnr115,2003,253.0
idnr115,2007,255.0
idnr115,2017,195.0
idnr116,1997,59.0
idnr116,2003,69.0
idnr116,2007,79.0
idnr116,2017,97.0
idnr117,1997,112.0
idnr117,2003,107.0
idnr117,2007,122.0
idnr117,2017,104.0
idnr118,1997,112.0
idnr118,2003,125.0
idnr118,2007,153.0
idnr118,2017,133.0
idnr119,1997,42.0
idnr120,1997,107.0
idnr120,2003,82.0
idnr120,2007,105.0
idnr120,2017,112.0
idnr121,1997,63.0
idnr121,2003,56.0
idnr121,2007,43.0
idnr121,2017,43.0
idnr122,1997,79.0
idnr122,2003,77.0
idnr122,2007,85.0
idnr122,2017,85.0
idnr123,1997,53.0
idnr123,2003,80.0
idnr123,2007,92.0
idnr123,2017,87.0
idnr124,1997,60.0
idnr124,2003,49.0
idnr124,2007,62.0
idnr124,2017,37.0
idnr125,1997,56.0
idnr125,2003,63.0
idnr125,2007,70.0
idnr125,2017,62.0
idnr126,1997,207.0
idnr126,2003,231.0
idnr126,2007,240.0
idnr126,2017,188.0
idnr127,1997,46.0
idnr127,2003,50.0
idnr127,2007,57.0
idnr127,2017,65.0
idnr128,2003,27.0
idnr128,2007,30.0
idnr128,2017,23.0
idnr129,1997,73.0
idnr129,2007,75.0
idnr129,2017,70.0
idnr130,1997,56.0
idnr130,2007,78.0
idnr130,2017,110.0
indr101,1992,1442.0
indr101,1999,1429.0
indr101,2006,1116.0
indr101,2012,300.0
indr101,2016,2653.0
indr102,1992,591.0
indr102,1999,536.0
indr102,2006,534.0
indr102,2012,125.0
indr102,2016,2167.0
indr103,1992,2798.0
indr103,1999,2584.0
indr103,2006,2933.0
indr103,2012,700.0
indr103,2016,10624.0
indr104,1992,18.0
indr104,1999,18.0
indr104,2006,15.0
indr104,2012,14.0
indr104,2016,80.0
indr105,1992,856.0
indr105,1999,826.0
indr105,2006,726.0
indr105,2012,212.0
indr105,2016,3512.0
indr106,1992,425.0
indr106,1999,363.0
indr106,2006,351.0
indr106,2012,93.0
indr106,2016,1666.0
indr107,1992,110.0
indr107,1999,103.0
indr107,2006,79.0
indr107,2012,29.0
indr107,2016,369.0
indr108,1992,85.0
indr108,1999,200.0
indr108,2006,168.0
indr108,2012,52.0
indr108,2016,752.0
indr109,1992,1043.0
indr109,1999,961.0
indr109,2006,922.0
indr109,2012,239.0
indr109,2016,3338.0
indr110,1992,441.0
indr110,1999,430.0
indr110,2006,361.0
indr110,2012,119.0
indr110,2016,1705.0
indr111,1992,1646.0
indr111,1999,1854.0
indr111,2006,1970.0
indr111,2012,320.0
indr111,2016,5454.0
indr112,1992,1681.0
indr112,1999,1759.0
indr112,2006,1582.0
indr112,2012,382.0
indr112,2016,6363.0
indr113,1992,48.0
indr113,1999,44.0
indr113,2006,37.0
indr113,2012,11.0
indr113,2016,143.0
indr114,1992,49.0
indr114,1999,52.0
indr114,2006,58.0
indr114,2012,19.0
indr114,2016,253.0
indr115,1992,16.0
indr115,1999,19.0
indr115,2006,16.0
indr115,2012,4.0
indr115,2016,72.0
indr116,1992,29.0
indr116,1999,33.0
indr116,2006,33.0
indr116,2012,3.0
indr116,2016,109.0
indr117,1992,681.0
indr117,1999,703.0
indr117,2006,618.0
indr117,2012,160.0
indr117,2016,2576.0
indr118,1992,437.0
indr118,1999,365.0
indr118,2006,313.0
indr118,2012,105.0
indr118,2016,1306.0
indr119,1992,1221.0
indr119,1999,1240.0
indr119,2006,1318.0
indr119,2012,365.0
indr119,2016,4807.0
indr120,1999,9.0
indr120,2006,10.0
indr120,2012,1.0
indr120,2016,26.0
indr121,1992,863.0
indr121,1999,941.0
indr121,2006,796.0
indr121,2012,228.0
indr121,2016,4198.0
indr122,1992,1524.0
indr122,1999,1645.0
indr122,2006,1364.0
indr122,2012,382.0
indr122,2016,5113.0
indr123,1992,3929.0
indr123,1999,3833.0
indr123,2006,4191.0
indr123,2012,1167.0
indr123,2016,14858.0
indr124,1992,192.0
indr124,1999,233.0
indr124,2006,165.0
indr124,2012,78.0
indr124,2016,1031.0
indr125,1992,26.0
indr125,1999,24.0
indr125,2006,26.0
indr125,2012,5.0
indr125,2016,84.0
indr126,1992,66.0
indr126,1999,60.0
indr126,2006,58.0
indr126,2012,11.0
indr126,2016,201.0
indr127,2012,89.0
indr127,2016,641.0
indr128,2012,251.0
indr128,2016,2645.0
indr129,2012,181.0
indr129,2016,1828.0
indr130,2016,2000.0
indr131,2016,48.0
indr132,2012,2.0
indr132,2016,19.0
indr133,2012,7.0
indr133,2016,65.0
indr134,2016,9.0
indr135,2016,4.0
indr136,2016,20.0
irnr101,2006,590.0
irnr101,2011,403.0
irnr102,2006,889.0
irnr102,2011,556.0
irnr103,2006,1215.0
irnr103,2011,758.0
irnr104,2006,1594.0
irnr104,2011,1000.0
irnr105,2006,1525.0
irnr105,2011,964.0
irnr106,2006,776.0
irnr106,2011,530.0
irnr107,2006,2280.0
irnr107,2011,1546.0
irnr108,2006,1900.0
irnr108,2011,1248.0
irnr109,2006,1504.0
irnr109,2011,992.0
irnr110,2006,3006.0
irnr110,2011,1969.0
irnr111,2006,1998.0
irnr111,2011,1257.0
irnr112,2006,1889.0
irnr112,2011,1214.0
irnr113,2006,666.0
irnr113,2011,464.0
irnr114,2006,754.0
irnr114,2011,473.0
irnr115,2006,379.0
irnr115,2011,295.0
irnr116,2006,791.0
irnr116,2011,490.0
irnr117,2006,249.0
irnr117,2011,153.0
irnr118,2006,337.0
irnr118,2011,250.0
irnr119,2006,419.0
irnr119,2011,304.0
irnr120,2006,401.0
irnr120,2011,290.0
irnr121,2006,258.0
irnr121,2011,165.0
irnr122,2006,436.0
irnr122,2011,366.0
irnr123,2006,795.0
irnr123,2011,576.0
irnr124,2006,2684.0
irnr124,2011,3737.0
irnr125,2006,572.0
irnr125,2011,339.0
irnr126,2006,535.0
irnr126,2011,353.0
irnr127,2006,528.0
irnr127,2011,340.0
irnr128,2006,840.0
irnr128,2011,541.0
irnr129,2006,433.0
irnr129,2011,296.0
irnr130,2006,391.0
irnr130,2011,233.0
irqr101,2006,175.0
irqr101,2011,344.0
irqr101,2018,155.0
irqr102,2006,542.0
irqr102,2011,769.0
irqr102,2018,579.0
irqr103,2006,232.0
irqr103,2011,446.0
irqr103,2018,210.0
irqr104,2006,136.0
irqr104,2011,303.0
irqr104,2018,237.0
irqr105,2006,199.0
irqr105,2011,474.0
irqr105,2018,468.0
irqr106,2006,212.0
irqr106,2011,391.0
irqr106,2018,275.0
irqr107,2006,251.0
irqr107,2011,400.0
irqr107,2018,239.0
irqr108,2006,808.0
irqr108,2011,1724.0
irqr108,2018,891.0
irqr109,2006,280.0
irqr109,2011,538.0
irqr109,2018,267.0
irqr110,2006,130.0
irqr110,2011,314.0
irqr110,2018,174.0
irqr111,2006,196.0
irqr111,2011,347.0
irqr111,2018,164.0
irqr112,2006,222.0
irqr112,2011,391.0
irqr112,2018,175.0
irqr113,2006,156.0
irqr113,2011,427.0
irqr113,2018,208.0
irqr114,2006,183.0
irqr114,2011,337.0
irqr114,2018,157.0
irqr115,2006,148.0
irqr115,2011,215.0
irqr115,2018,252.0
irqr116,2006,267.0
irqr116,2011,594.0
irqr116,2018,324.0
irqr117,2006,159.0
irqr117,2011,331.0
irqr117,2018,264.0
irqr118,2006,291.0
irqr118,2011,800.0
irqr118,2018,474.0
jamr101,2005,109.0
jamr101,2011,144.0
jamr102,2005,53.0
jamr102,2011,57.0
jamr103,2005,101.0
jamr103,2011,123.0
jamr104,2005,47.0
jamr104,2011,50.0
jamr105,2005,70.0
jamr105,2011,87.0
jamr106,2005,83.0
jamr106,2011,68.0
jorr101,2002,787.0
jorr101,2007,993.0
jorr101,2012,1041.0
jorr101,2017,1103.0
jorr102,2002,135.0
jorr102,2007,186.0
jorr102,2012,198.0
jorr102,2017,178.0
jorr103,2002,270.0
jorr103,2007,465.0
jorr103,2012,467.0
jorr103,2017,438.0
jorr104,2002,63.0
jorr104,2007,81.0
jorr104,2012,78.0
jorr104,2017,77.0
jorr105,2002,385.0
jorr105,2007,512.0
jorr105,2012,444.0
jorr105,2017,571.0
jorr106,2002,72.0
jorr106,2007,141.0
jorr106,2012,149.0
jorr106,2017,216.0
jorr107,2002,55.0
jorr107,2007,78.0
jorr107,2012,84.0
jorr107,2017,103.0
jorr108,2002,47.0
jorr108,2007,63.0
jorr108,2012,70.0
jorr108,2017,73.0
jorr109,2002,75.0
jorr109,2007,116.0
jorr109,2012,123.0
jorr109,2017,111.0
jorr110,2002,40.0
jorr110,2007,44.0
jorr110,2012,47.0
jorr110,2017,49.0
jorr111,2002,40.0
jorr111,2007,47.0
jorr111,2012,54.0
jorr111,2017,48.0
jorr112,2002,49.0
jorr112,2007,61.0
jorr112,2012,64.0
jorr112,2017,83.0
kazr101,1995,23.0
kazr101,1999,20.0
kazr101,2006,55.0
kazr101,2010,87.0
kazr101,2015,93.0
kazr102,1995,247.0
kazr102,1999,289.0
kazr102,2006,397.0
kazr102,2010,584.0
kazr102,2015,715.0
kazr103,1995,77.0
kazr103,1999,91.0
kazr103,2006,158.0
kazr103,2010,197.0
kazr103,2015,308.0
kazr104,1995,54.0
kazr104,1999,42.0
kazr104,2006,87.0
kazr104,2010,114.0
kazr104,2015,108.0
kazr105,1995,132.0
kazr105,1999,128.0
kazr105,2006,239.0
kazr105,2010,238.0
kazr105,2015,315.0
kazr106,1995,24.0
kazr106,1999,63.0
kazr106,2006,76.0
kazr106,2010,101.0
kazr106,2015,86.0
kenr101,1993,47.0
kenr101,1998,72.0
kenr101,2003,77.0
kenr101,2008,76.0
kenr101,2014,450.0
kenr102,1993,288.0
kenr102,1998,169.0
kenr102,2003,191.0
kenr102,2008,151.0
kenr102,2014,572.0
kenr103,1993,215.0
kenr103,1998,123.0
kenr103,2003,137.0
kenr103,2008,154.0
kenr103,2014,650.0
kenr104,1993,446.0
kenr104,1998,287.0
kenr104,2003,310.0
kenr104,2008,318.0
kenr104,2014,962.0
kenr105,1993,362.0
kenr105,1998,359.0
kenr105,2003,290.0
kenr105,2008,233.0
kenr105,2014,1068.0
kenr106,1993,540.0
kenr106,1998,448.0
kenr106,2003,451.0
kenr106,2008,580.0
kenr106,2014,1858.0
kenr107,1993,326.0
kenr107,1998,201.0
kenr107,2003,182.0
kenr107,2008,210.0
kenr107,2014,936.0
kenr108,2003,66.0
kenr108,2008,56.0
kenr108,2014,261.0
kgzr101,1997,56.0
kgzr101,2006,69.0
kgzr101,2012,142.0
kgzr101,2014,73.0
kgzr101,2018,128.0
kgzr102,1997,53.0
kgzr102,2006,63.0
kgzr102,2012,94.0
kgzr102,2014,61.0
kgzr102,2018,90.0
kgzr103,1997,104.0
kgzr103,2006,106.0
kgzr103,2012,133.0
kgzr103,2014,172.0
kgzr103,2018,171.0
kgzr104,1997,23.0
kgzr104,2006,26.0
kgzr104,2012,59.0
kgzr104,2014,67.0
kgzr104,2018,46.0
kgzr105,1997,117.0
kgzr105,2006,154.0
kgzr105,2012,208.0
kgzr105,2014,194.0
kgzr105,2018,145.0
kgzr106,1997,224.0
kgzr106,2006,212.0
kgzr106,2012,285.0
kgzr106,2014,255.0
kgzr106,2018,276.0
kgzr107,1997,39.0
kgzr107,2006,34.0
kgzr107,2012,58.0
kgzr107,2014,48.0
kgzr107,2018,52.0
kgzr108,2006,55.0
kgzr108,2012,73.0
kgzr108,2014,81.0
kgzr108,2018,84.0
khmr101,2000,156.0
khmr101,2005,112.0
khmr101,2010,118.0
khmr101,2014,130.0
khmr102,2000,450.0
khmr102,2005,350.0
khmr102,2010,279.0
khmr102,2014,356.0
khmr103,2000,134.0
khmr103,2005,95.0
khmr103,2010,108.0
khmr103,2014,90.0
khmr104,2000,223.0
khmr104,2005,163.0
khmr104,2010,130.0
khmr104,2014,169.0
khmr105,2000,176.0
khmr105,2005,143.0
khmr105,2010,151.0
khmr105,2014,135.0
khmr106,2000,317.0
khmr106,2005,246.0
khmr106,2010,220.0
khmr106,2014,179.0
khmr107,2000,35.0
khmr107,2005,34.0
khmr107,2010,20.0
khmr107,2014,18.0
khmr108,2000,246.0
khmr108,2005,125.0
khmr108,2010,147.0
khmr108,2014,173.0
khmr109,2000,270.0
khmr109,2005,176.0
khmr109,2010,211.0
khmr109,2014,153.0
khmr110,2000,116.0
khmr110,2005,86.0
khmr110,2010,78.0
khmr110,2014,117.0
khmr111,2000,151.0
khmr111,2005,108.0
khmr111,2010,90.0
khmr111,2014,91.0
khmr112,2000,270.0
khmr112,2005,176.0
khmr112,2010,174.0
khmr112,2014,142.0
khmr113,2000,227.0
khmr113,2005,154.0
khmr113,2010,167.0
khmr113,2014,225.0
khmr114,2000,265.0
khmr114,2005,158.0
khmr114,2010,152.0
khmr114,2014,146.0
khmr115,2000,145.0
khmr115,2005,128.0
khmr115,2010,143.0
khmr115,2014,154.0
khmr116,2000,38.0
khmr116,2005,50.0
khmr116,2010,47.0
khmr116,2014,60.0
khmr117,2000,215.0
khmr117,2005,237.0
khmr117,2010,224.0
khmr117,2014,228.0
kirr101,2018,352.0
kirr102,2018,146.0
kirr103,2018,40.0
kirr104,2018,106.0
kirr105,2018,55.0
ksvr101,2014,55.0
ksvr101,2020,48.0
ksvr102,2014,69.0
ksvr102,2020,58.0
ksvr103,2014,70.0
ksvr103,2020,87.0
ksvr104,2014,54.0
ksvr104,2020,61.0
ksvr105,2014,91.0
ksvr105,2020,91.0
ksvr106,2014,120.0
ksvr106,2020,183.0
ksvr107,2014,55.0
ksvr107,2020,69.0
laor101,2012,277.0
laor101,2017,338.0
laor102,2012,121.0
laor102,2017,97.0
laor103,2012,92.0
laor103,2017,117.0
laor104,2012,251.0
laor104,2017,197.0
laor105,2012,114.0
laor105,2017,123.0
laor106,2012,296.0
laor106,2017,265.0
laor107,2012,229.0
laor107,2017,161.0
laor108,2012,205.0
laor108,2017,163.0
laor109,2012,169.0
laor109,2017,145.0
laor110,2012,267.0
laor110,2017,301.0
laor111,2012,125.0
laor111,2017,130.0
laor112,2012,206.0
laor112,2017,223.0
laor113,2012,607.0
laor113,2017,545.0
laor114,2012,313.0
laor114,2017,261.0
laor115,2012,87.0
laor115,2017,79.0
laor116,2012,332.0
laor116,2017,315.0
laor117,2012,67.0
laor117,2017,78.0
lbrr101,2013,85.0
lbrr101,2019,58.0
lbrr102,2013,221.0
lbrr102,2019,184.0
lbrr103,2013,53.0
lbrr103,2019,33.0
lbrr104,2013,132.0
lbrr104,2019,96.0
lbrr105,2013,124.0
lbrr105,2019,67.0
lbrr106,2013,51.0
lbrr106,2019,42.0
lbrr107,2013,64.0
lbrr107,2019,29.0
lbrr108,2013,154.0
lbrr108,2019,171.0
lbrr109,2013,225.0
lbrr109,2019,106.0
lbrr110,2013,76.0
lbrr110,2019,59.0
lbrr111,2013,786.0
lbrr111,2019,605.0
lbrr112,2013,291.0
lbrr112,2019,368.0
lbrr113,2013,39.0
lbrr113,2019,29.0
lbrr114,2013,27.0
lbrr114,2019,23.0
lbrr115,2013,66.0
lbrr115,2019,50.0
lbrr201,2007,466.0
lbrr201,2013,675.0
lbrr202,2007,175.0
lbrr202,2013,261.0
lbrr203,2007,263.0
lbrr203,2013,467.0
lbrr204,2007,108.0
lbrr204,2013,156.0
lbrr205,2007,129.0
lbrr205,2013,168.0
lbrr206,2007,629.0
lbrr206,2013,665.0
lcar101,2012,18.0
lcar102,2012,70.0
lsor101,2004,93.0
lsor101,2010,86.0
lsor101,2014,103.0
lsor101,2018,68.0
lsor102,2004,243.0
lsor102,2010,284.0
lsor102,2014,193.0
lsor102,2018,170.0
lsor103,2004,167.0
lsor103,2010,170.0
lsor103,2014,162.0
lsor103,2018,148.0
lsor104,2004,338.0
lsor104,2010,304.0
lsor104,2014,354.0
lsor104,2018,301.0
lsor105,2004,156.0
lsor105,2010,125.0
lsor105,2014,104.0
lsor105,2018,113.0
lsor106,2004,150.0
lsor106,2010,134.0
lsor106,2014,147.0
lsor106,2018,82.0
lsor107,2004,111.0
lsor107,2010,86.0
lsor107,2014,90.0
lsor107,2018,59.0
lsor108,2004,60.0
lsor108,2010,57.0
lsor108,2014,49.0
lsor108,2018,38.0
lsor109,2004,94.0
lsor109,2010,112.0
lsor109,2014,102.0
lsor109,2018,57.0
lsor110,2004,97.0
lsor110,2010,152.0
lsor110,2014,128.0
lsor110,2018,79.0
marr101,1992,313.0
marr101,2003,402.0
marr102,1992,236.0
marr102,2003,254.0
marr103,1992,399.0
marr103,2003,406.0
marr104,1992,109.0
marr104,2003,124.0
marr105,1992,111.0
marr105,2003,135.0
marr106,1992,189.0
marr106,2003,356.0
marr107,1992,178.0
marr107,2003,287.0
mdar101,2005,184.0
mdar101,2012,156.0
mdar102,2005,163.0
mdar102,2012,201.0
mdar103,2005,131.0
mdar103,2012,99.0
mdar104,2005,99.0
mdar104,2012,68.0
mdgr101,2009,526.0
mdgr101,2018,377.0
mdgr102,2009,428.0
mdgr102,2018,281.0
mdgr103,2009,199.0
mdgr103,2018,102.0
mdgr104,2009,135.0
mdgr104,2018,102.0
mdgr105,2009,261.0
mdgr105,2018,171.0
mdgr106,2009,170.0
mdgr106,2018,130.0
mdgr107,2009,237.0
mdgr107,2018,231.0
mdgr108,2009,86.0
mdgr108,2018,52.0
mdgr109,2009,165.0
mdgr109,2018,199.0
mdgr110,2009,206.0
mdgr110,2018,159.0
mdgr111,2009,234.0
mdgr111,2018,124.0
mdgr112,2009,220.0
mdgr112,2018,158.0
mdgr113,2009,138.0
mdgr113,2018,126.0
mdgr114,2009,284.0
mdgr114,2018,204.0
mdgr115,2009,62.0
mdgr115,2018,51.0
mdgr116,2009,54.0
mdgr116,2018,49.0
mdgr117,2009,278.0
mdgr117,2018,374.0
mdgr118,2009,162.0
mdgr118,2018,219.0
mdgr119,2009,148.0
mdgr119,2018,160.0
mdgr120,2009,123.0
mdgr120,2018,136.0
mdgr121,2009,112.0
mdgr121,2018,122.0
mdgr122,2009,208.0
mdgr122,2018,97.0
mdgr201,1992,389.0
mdgr201,1997,487.0
mdgr201,2004,491.0
mdgr201,2009,1288.0
mdgr201,2018,863.0
mdgr202,1992,365.0
mdgr202,1997,370.0
mdgr202,2004,430.0
mdgr202,2009,918.0
mdgr202,2018,783.0
mdgr203,1992,199.0
mdgr203,1997,228.0
mdgr203,2004,322.0
mdgr203,2009,660.0
mdgr203,2018,440.0
mdgr204,1992,165.0
mdgr204,1997,220.0
mdgr204,2004,372.0
mdgr204,2009,538.0
mdgr204,2018,431.0
mdgr205,1992,172.0
mdgr205,1997,240.0
mdgr205,2004,293.0
mdgr205,2009,711.0
mdgr205,2018,889.0
mdgr206,1992,119.0
mdgr206,1997,110.0
mdgr206,2004,140.0
mdgr206,2009,320.0
mdgr206,2018,219.0
mdvr101,2009,245.0
mdvr101,2017,379.0
mdvr102,2009,169.0
mdvr102,2017,154.0
mdvr103,2009,195.0
mdvr103,2017,142.0
mdvr104,2009,82.0
mdvr104,2017,75.0
mdvr105,2009,132.0
mdvr105,2017,140.0
mdvr106,2009,214.0
mdvr106,2017,148.0
mexr101,2000,349.0
mexr101,2010,389.0
mexr101,2015,270.0
mexr102,2000,863.0
mexr102,2010,1000.0
mexr102,2015,737.0
mexr103,2000,142.0
mexr103,2010,180.0
mexr103,2015,147.0
mexr104,2000,253.0
mexr104,2010,264.0
mexr104,2015,212.0
mexr105,2000,707.0
mexr105,2010,943.0
mexr105,2015,650.0
mexr106,2000,147.0
mexr106,2010,177.0
mexr106,2015,146.0
mexr107,2000,1640.0
mexr107,2010,1686.0
mexr107,2015,1408.0
mexr108,2000,1014.0
mexr108,2010,893.0
mexr108,2015,788.0
mexr109,2000,2386.0
mexr109,2010,1763.0
mexr109,2015,1405.0
mexr110,2000,549.0
mexr110,2010,484.0
mexr110,2015,465.0
mexr111,2000,1690.0
mexr111,2010,1666.0
mexr111,2015,1401.0
mexr112,2000,1270.0
mexr112,2010,1070.0
mexr112,2015,887.0
mexr113,2000,825.0
mexr113,2010,833.0
mexr113,2015,645.0
mexr114,2000,2171.0
mexr114,2010,2029.0
mexr114,2015,1823.0
mexr115,2000,4555.0
mexr115,2010,4708.0
mexr115,2015,3834.0
mexr116,2000,1470.0
mexr116,2010,1293.0
mexr116,2015,1091.0
mexr117,2000,555.0
mexr117,2010,505.0
mexr117,2015,385.0
mexr118,2000,365.0
mexr118,2010,346.0
mexr118,2015,260.0
mexr119,2000,1128.0
mexr119,2010,1148.0
mexr119,2015,1153.0
mexr120,2000,1395.0
mexr120,2010,1185.0
mexr120,2015,947.0
mexr121,2000,1923.0
mexr121,2010,1790.0
mexr121,2015,1479.0
mexr122,2000,504.0
mexr122,2010,460.0
mexr122,2015,530.0
mexr123,2000,389.0
mexr123,2010,373.0
mexr123,2015,345.0
mexr124,2000,958.0
mexr124,2010,867.0
mexr124,2015,651.0
mexr125,2000,919.0
mexr125,2010,678.0
mexr125,2015,631.0
mexr126,2000,728.0
mexr126,2010,660.0
mexr126,2015,651.0
mexr127,2000,728.0
mexr127,2010,660.0
mexr127,2015,522.0
mexr128,2000,869.0
mexr128,2010,997.0
mexr128,2015,788.0
mexr129,2000,374.0
mexr129,2010,376.0
mexr129,2015,333.0
mexr130,2000,2529.0
mexr130,2010,2033.0
mexr130,2015,1692.0
mexr131,2000,619.0
mexr131,2010,496.0
mexr131,2015,440.0
mexr132,2000,468.0
mexr132,2010,459.0
mexr132,2015,414.0
mexr201,2000,6752.0
mexr201,2010,6270.0
mexr201,2015,228.0
mexr202,2000,6671.0
mexr202,2010,6928.0
mexr202,2015,248.0
mexr203,2000,6563.0
mexr203,2010,6043.0
mexr203,2015,138.0
mexr204,2000,6942.0
mexr204,2010,6472.0
mexr204,2015,272.0
mexr205,2000,7552.0
mexr205,2010,6697.0
mexr205,2015,267.0
mkdr101,2005,179.0
mkdr101,2011,63.0
mkdr101,2019,83.0
mkdr102,2005,38.0
mkdr102,2011,36.0
mkdr102,2019,39.0
mkdr103,2005,7.0
mkdr103,2011,10.0
mkdr103,2019,14.0
mkdr104,2005,23.0
mkdr104,2011,31.0
mkdr104,2019,25.0
mkdr105,2005,129.0
mkdr105,2011,22.0
mkdr105,2019,21.0
mkdr106,2005,31.0
mkdr106,2011,20.0
mkdr106,2019,17.0
mkdr107,2005,62.0
mkdr107,2011,25.0
mkdr107,2019,30.0
mkdr108,2005,34.0
mkdr108,2011,15.0
mkdr108,2019,17.0
mlir101,1995,441.0
mlir101,2001,513.0
mlir101,2006,527.0
mlir101,2013,473.0
mlir101,2018,541.0
mlir102,1995,491.0
mlir102,2001,614.0
mlir102,2006,669.0
mlir102,2013,718.0
mlir102,2018,597.0
mlir103,1995,497.0
mlir103,2001,773.0
mlir103,2006,704.0
mlir103,2013,792.0
mlir103,2018,499.0
mlir104,1995,468.0
mlir104,2001,700.0
mlir104,2006,739.0
mlir104,2013,636.0
mlir104,2018,500.0
mlir105,1995,483.0
mlir105,2001,564.0
mlir105,2006,615.0
mlir105,2013,437.0
mlir105,2018,368.0
mlir106,1995,13.0
mlir106,2001,102.0
mlir106,2006,243.0
mlir106,2018,136.0
mlir107,1995,22.0
mlir107,2001,73.0
mlir107,2006,214.0
mlir107,2018,89.0
mlir108,1995,284.0
mlir108,2001,374.0
mlir108,2006,347.0
mlir108,2013,279.0
mlir108,2018,412.0
mmrr101,2000,88.0
mmrr101,2016,55.0
mmrr102,2000,22.0
mmrr102,2016,10.0
mmrr103,2000,118.0
mmrr103,2016,60.0
mmrr104,2000,37.0
mmrr104,2016,21.0
mmrr105,2000,470.0
mmrr105,2016,176.0
mmrr106,2000,118.0
mmrr106,2016,49.0
mmrr107,2000,383.0
mmrr107,2016,147.0
mmrr108,2000,335.0
mmrr108,2016,125.0
mmrr109,2000,531.0
mmrr109,2016,203.0
mmrr110,2000,197.0
mmrr110,2016,79.0
mmrr111,2000,183.0
mmrr111,2016,123.0
mmrr112,2000,376.0
mmrr112,2016,143.0
mmrr113,2000,266.0
mmrr113,2016,215.0
mmrr114,2000,418.0
mmrr114,2016,210.0
mner101,2005,57.0
mner101,2013,78.0
mner101,2018,41.0
mner102,2005,86.0
mner102,2013,114.0
mner102,2018,144.0
mner103,2005,74.0
mner103,2013,48.0
mner103,2018,53.0
mngr101,2005,157.0
mngr101,2010,159.0
mngr101,2018,234.0
mngr102,2005,226.0
mngr102,2010,191.0
mngr102,2018,338.0
mngr103,2005,126.0
mngr103,2010,168.0
mngr103,2018,310.0
mngr104,2005,72.0
mngr104,2010,79.0
mngr104,2018,136.0
mngr105,2005,199.0
mngr105,2010,286.0
mngr105,2018,764.0
mozr101,1997,129.0
mozr101,2003,176.0
mozr101,2011,254.0
mozr102,1997,140.0
mozr102,2003,265.0
mozr102,2011,283.0
mozr103,1997,357.0
mozr103,2003,704.0
mozr103,2011,501.0
mozr104,1997,389.0
mozr104,2003,696.0
mozr104,2011,690.0
mozr105,1997,85.0
mozr105,2003,301.0
mozr105,2011,377.0
mozr106,1997,110.0
mozr106,2003,247.0
mozr106,2011,245.0
mozr107,1997,203.0
mozr107,2003,247.0
mozr107,2011,283.0
mozr108,1997,184.0
mozr108,2003,237.0
mozr108,2011,217.0
mozr109,1997,248.0
mozr109,2003,160.0
mozr109,2011,197.0
mozr110,1997,150.0
mozr110,2003,216.0
mozr110,2011,218.0
mozr111,1997,110.0
mozr111,2003,130.0
mozr111,2011,126.0
mrtr101,2001,174.0
mrtr101,2007,217.0
mrtr101,2011,248.0
mrtr101,2015,487.0
mrtr102,2001,203.0
mrtr102,2007,188.0
mrtr102,2011,175.0
mrtr102,2015,394.0
mrtr103,2001,170.0
mrtr103,2007,263.0
mrtr103,2011,219.0
mrtr103,2015,485.0
mrtr104,2001,214.0
mrtr104,2007,287.0
mrtr104,2011,264.0
mrtr104,2015,456.0
mrtr105,2001,181.0
mrtr105,2007,223.0
mrtr105,2011,236.0
mrtr105,2015,391.0
mrtr106,2001,584.0
mrtr106,2007,635.0
mrtr106,2011,712.0
mrtr106,2015,1009.0
mrtr107,2001,47.0
mrtr107,2007,57.0
mrtr107,2011,49.0
mrtr107,2015,15.0
mrtr108,2001,61.0
mrtr108,2007,71.0
mrtr108,2011,70.0
mrtr108,2015,86.0
mrtr109,2001,43.0
mrtr109,2007,70.0
mrtr109,2011,69.0
mrtr109,2015,19.0
mrtr110,2001,124.0
mrtr110,2007,176.0
mrtr110,2011,211.0
mrtr110,2015,296.0
mrtr111,2001,21.0
mrtr111,2007,36.0
mrtr111,2011,28.0
mrtr111,2015,11.0
mrtr112,2001,5.0
mrtr112,2007,5.0
mrtr112,2015,3.0
mwir101,1992,82.0
mwir101,2000,233.0
mwir101,2004,192.0
mwir101,2010,395.0
mwir101,2016,367.0
mwir101,2020,249.0
mwir102,1992,36.0
mwir102,2000,126.0
mwir102,2004,151.0
mwir102,2010,298.0
mwir102,2016,269.0
mwir102,2020,232.0
mwir103,1992,72.0
mwir103,2000,102.0
mwir103,2004,127.0
mwir103,2010,242.0
mwir103,2016,250.0
mwir103,2020,216.0
mwir104,1992,82.0
mwir104,2000,190.0
mwir104,2004,175.0
mwir104,2010,457.0
mwir104,2016,522.0
mwir104,2020,338.0
mwir105,1992,66.0
mwir105,2000,153.0
mwir105,2004,196.0
mwir105,2010,334.0
mwir105,2016,443.0
mwir105,2020,227.0
mwir106,1992,32.0
mwir106,2000,76.0
mwir106,2004,103.0
mwir106,2010,191.0
mwir106,2016,206.0
mwir106,2020,165.0
mwir107,1992,68.0
mwir107,2000,164.0
mwir107,2004,150.0
mwir107,2010,266.0
mwir107,2016,285.0
mwir107,2020,219.0
mwir108,1992,39.0
mwir108,2000,169.0
mwir108,2004,137.0
mwir108,2010,304.0
mwir108,2016,316.0
mwir108,2020,205.0
mwir109,1992,150.0
mwir109,2000,504.0
mwir109,2004,448.0
mwir109,2010,726.0
mwir109,2016,799.0
mwir109,2020,789.0
mwir110,1992,102.0
mwir110,2000,131.0
mwir110,2004,126.0
mwir110,2010,238.0
mwir110,2016,340.0
mwir110,2020,147.0
mwir111,1992,79.0
mwir111,2000,251.0
mwir111,2004,188.0
mwir111,2010,390.0
mwir111,2016,407.0
mwir111,2020,267.0
mwir112,1992,295.0
mwir112,2000,706.0
mwir112,2004,613.0
mwir112,2010,1448.0
mwir112,2016,1199.0
mwir112,2020,1020.0
mwir113,1992,148.0
mwir113,2000,463.0
mwir113,2004,457.0
mwir113,2010,927.0
mwir113,2016,927.0
mwir113,2020,690.0
mysr101,2000,1603.0
mysr102,2000,1088.0
mysr103,2000,976.0
mysr104,2000,399.0
mysr105,2000,534.0
mysr106,2000,929.0
mysr107,2000,671.0
mysr108,2000,1307.0
mysr109,2000,112.0
mysr110,2000,2440.0
mysr111,2000,734.0
mysr112,2000,2045.0
mysr113,2000,1359.0
mysr114,2000,686.0
mysr115,2000,51.0
namr101,2000,72.0
namr101,2006,97.0
namr101,2013,75.0
namr102,2000,55.0
namr102,2006,82.0
namr102,2013,103.0
namr103,2000,63.0
namr103,2006,48.0
namr103,2013,47.0
namr104,2000,46.0
namr104,2006,43.0
namr104,2013,46.0
namr105,2000,143.0
namr105,2006,257.0
namr105,2013,251.0
namr106,2000,44.0
namr106,2006,58.0
namr106,2013,54.0
namr107,2000,246.0
namr107,2006,199.0
namr107,2013,237.0
namr108,2000,148.0
namr108,2006,238.0
namr108,2013,212.0
namr109,2000,43.0
namr109,2006,81.0
namr109,2013,38.0
namr110,2000,207.0
namr110,2006,184.0
namr110,2013,207.0
namr111,2000,144.0
namr111,2006,135.0
namr111,2013,110.0
namr112,2000,158.0
namr112,2006,155.0
namr112,2013,145.0
namr113,2000,96.0
namr113,2006,67.0
namr113,2013,75.0
namr201,1992,586.0
namr202,1992,208.0
namr203,1992,85.0
namr204,1992,212.0
nerr101,1998,29.0
nerr101,2006,68.0
nerr101,2012,77.0
nerr102,1998,27.0
nerr102,2006,83.0
nerr102,2012,138.0
nerr103,1998,274.0
nerr103,2006,386.0
nerr103,2012,498.0
nerr104,1998,380.0
nerr104,2006,633.0
nerr104,2012,994.0
nerr105,1998,454.0
nerr105,2006,573.0
nerr105,2012,636.0
nerr106,1998,327.0
nerr106,2006,568.0
nerr106,2012,910.0
nerr107,1998,404.0
nerr107,2006,661.0
nerr107,2012,924.0
ngar101,1999,123.0
ngar101,2003,58.0
ngar101,2008,165.0
ngar101,2013,150.0
ngar101,2018,155.0
ngar102,1999,55.0
ngar102,2003,34.0
ngar102,2008,188.0
ngar102,2013,165.0
ngar102,2018,251.0
ngar103,1999,65.0
ngar103,2003,130.0
ngar103,2008,308.0
ngar103,2013,372.0
ngar103,2018,473.0
ngar104,1999,48.0
ngar104,2003,28.0
ngar104,2008,128.0
ngar104,2013,143.0
ngar104,2018,125.0
ngar105,1999,93.0
ngar105,2003,53.0
ngar105,2008,244.0
ngar105,2013,288.0
ngar105,2018,230.0
ngar106,1999,40.0
ngar106,2003,60.0
ngar106,2008,271.0
ngar106,2013,395.0
ngar106,2018,388.0
ngar107,1999,29.0
ngar107,2003,40.0
ngar107,2008,138.0
ngar107,2013,162.0
ngar107,2018,102.0
ngar108,1999,44.0
ngar108,2003,36.0
ngar108,2008,178.0
ngar108,2013,213.0
ngar108,2018,234.0
ngar109,1999,22.0
ngar109,2003,40.0
ngar109,2008,174.0
ngar109,2013,134.0
ngar109,2018,171.0
ngar110,1999,85.0
ngar110,2003,88.0
ngar110,2008,388.0
ngar110,2013,472.0
ngar110,2018,566.0
ngar111,1999,147.0
ngar111,2003,117.0
ngar111,2008,574.0
ngar111,2013,990.0
ngar111,2018,812.0
ngar112,1999,72.0
ngar112,2003,96.0
ngar112,2008,429.0
ngar112,2013,515.0
ngar112,2018,714.0
ngar113,1999,34.0
ngar113,2003,14.0
ngar113,2008,138.0
ngar113,2013,134.0
ngar113,2018,196.0
ngar114,1999,59.0
ngar114,2003,43.0
ngar114,2008,340.0
ngar114,2013,354.0
ngar114,2018,464.0
ngar115,1999,68.0
ngar115,2003,60.0
ngar115,2008,273.0
ngar115,2013,447.0
ngar115,2018,358.0
ngar116,1999,50.0
ngar116,2003,28.0
ngar116,2008,162.0
ngar116,2013,193.0
ngar116,2018,162.0
ngar117,1999,53.0
ngar117,2003,28.0
ngar117,2008,187.0
ngar117,2013,135.0
ngar117,2018,123.0
ngar118,1999,89.0
ngar118,2003,32.0
ngar118,2008,269.0
ngar118,2013,328.0
ngar118,2018,285.0
ngar119,1999,65.0
ngar119,2003,34.0
ngar119,2008,185.0
ngar119,2013,146.0
ngar119,2018,218.0
ngar120,1999,35.0
ngar120,2003,53.0
ngar120,2008,166.0
ngar120,2013,185.0
ngar120,2018,221.0
ngar121,1999,31.0
ngar121,2003,49.0
ngar121,2008,209.0
ngar121,2013,297.0
ngar121,2018,274.0
ngar122,1999,28.0
ngar122,2003,9.0
ngar122,2008,108.0
ngar122,2013,83.0
ngar122,2018,100.0
ngar123,1999,38.0
ngar123,2003,50.0
ngar123,2008,167.0
ngar123,2013,156.0
ngar123,2018,181.0
ngar124,1999,23.0
ngar124,2003,22.0
ngar124,2008,160.0
ngar124,2013,167.0
ngar124,2018,156.0
ngar125,1999,56.0
ngar125,2003,44.0
ngar125,2008,321.0
ngar125,2013,446.0
ngar125,2018,475.0
ngar126,1999,42.0
ngar126,2003,60.0
ngar126,2008,195.0
ngar126,2013,443.0
ngar126,2018,320.0
ngar127,1999,61.0
ngar127,2003,60.0
ngar127,2008,173.0
ngar127,2013,161.0
ngar127,2018,111.0
ngar128,1999,46.0
ngar128,2003,15.0
ngar128,2008,163.0
ngar128,2013,132.0
ngar128,2018,166.0
ngar129,1999,42.0
ngar129,2003,38.0
ngar129,2008,129.0
ngar129,2013,211.0
ngar129,2018,215.0
ngar130,1999,57.0
ngar130,2003,40.0
ngar130,2008,158.0
ngar130,2013,306.0
ngar130,2018,478.0
ngar131,1999,12.0
ngar131,2003,11.0
ngar131,2008,76.0
ngar131,2013,67.0
ngar131,2018,76.0
ngar132,1999,37.0
ngar132,2003,13.0
ngar132,2008,131.0
ngar132,2013,235.0
ngar132,2018,230.0
ngar133,1999,17.0
ngar133,2003,9.0
ngar133,2008,98.0
ngar133,2013,58.0
ngar133,2018,88.0
ngar134,1999,19.0
ngar134,2003,44.0
ngar134,2008,144.0
ngar134,2013,191.0
ngar134,2018,195.0
ngar135,1999,24.0
ngar135,2003,21.0
ngar135,2008,116.0
ngar135,2013,169.0
ngar135,2018,117.0
ngar136,1999,44.0
ngar136,2003,90.0
ngar136,2008,251.0
ngar136,2013,387.0
ngar136,2018,377.0
ngar137,1999,13.0
ngar137,2003,5.0
ngar137,2008,81.0
ngar137,2013,64.0
ngar137,2018,63.0
nicr101,1998,1426.0
nicr101,2001,1205.0
nicr102,1998,800.0
nicr102,2001,922.0
nicr103,1998,335.0
nicr103,2001,437.0
nplr101,1996,481.0
nplr101,2001,481.0
nplr101,2006,413.0
nplr101,2011,450.0
nplr101,2016,348.0
nplr102,1996,593.0
nplr102,2001,663.0
nplr102,2006,588.0
nplr102,2011,616.0
nplr102,2016,570.0
nplr103,1996,385.0
nplr103,2001,460.0
nplr103,2006,328.0
nplr103,2011,308.0
nplr103,2016,275.0
nplr104,1996,310.0
nplr104,2001,278.0
nplr104,2006,245.0
nplr104,2011,242.0
nplr104,2016,239.0
nplr105,1996,198.0
nplr105,2001,215.0
nplr105,2006,244.0
nplr105,2011,207.0
nplr105,2016,194.0
pakr101,1991,1307.0
pakr101,2007,1455.0
pakr101,2012,1914.0
pakr101,2018,1655.0
pakr102,1991,639.0
pakr102,2007,726.0
pakr102,2012,868.0
pakr102,2018,729.0
pakr103,1991,319.0
pakr103,2007,478.0
pakr103,2012,567.0
pakr103,2018,555.0
pakr104,1991,133.0
pakr104,2007,153.0
pakr104,2012,206.0
pakr104,2018,264.0
pakr105,1991,174.0
pakr105,2007,198.0
pakr105,2012,15.0
pakr105,2018,22.0
pakr106,2012,34.0
pakr106,2018,294.0
pakr107,2018,390.0
pakr108,2018,90.0
panr101,2013,51.0
panr102,2013,71.0
panr103,2013,63.0
panr104,2013,106.0
panr105,2013,17.0
panr106,2013,21.0
panr107,2013,13.0
panr108,2013,387.0
panr109,2013,61.0
panr110,2013,17.0
panr111,2013,4.0
panr112,2013,94.0
perr101,1996,1145.0
perr101,2000,1169.0
perr101,2004,392.0
perr101,2006,484.0
perr101,2008,468.0
perr101,2009,654.0
perr101,2010,647.0
perr101,2011,638.0
perr101,2012,674.0
perr102,1996,513.0
perr102,2000,497.0
perr102,2004,177.0
perr102,2006,171.0
perr102,2008,183.0
perr102,2009,339.0
perr102,2010,310.0
perr102,2011,329.0
perr102,2012,379.0
perr103,1996,749.0
perr103,2000,679.0
perr103,2004,229.0
perr103,2006,250.0
perr103,2008,317.0
perr103,2009,451.0
perr103,2010,400.0
perr103,2011,395.0
perr103,2012,387.0
perr104,1996,527.0
perr104,2000,450.0
perr104,2004,160.0
perr104,2006,175.0
perr104,2008,223.0
perr104,2009,310.0
perr104,2010,303.0
perr104,2011,314.0
perr104,2012,346.0
perr105,1996,1487.0
perr105,2000,1348.0
perr105,2004,478.0
perr105,2006,504.0
perr105,2008,672.0
perr105,2009,843.0
perr105,2010,890.0
perr105,2011,925.0
perr105,2012,920.0
perr106,1996,652.0
perr106,2000,579.0
perr106,2004,228.0
perr106,2006,243.0
perr106,2008,263.0
perr106,2009,390.0
perr106,2010,389.0
perr106,2011,348.0
perr106,2012,364.0
phlr101,1998,123.0
phlr101,2003,283.0
phlr101,2017,417.0
phlr102,1998,99.0
phlr102,2003,32.0
phlr102,2017,61.0
phlr103,1998,232.0
phlr103,2003,84.0
phlr103,2017,184.0
phlr104,1998,373.0
phlr104,2003,80.0
phlr104,2017,130.0
phlr105,1998,169.0
phlr105,2003,241.0
phlr105,2017,351.0
phlr106,1998,174.0
phlr106,2003,234.0
phlr106,2017,571.0
phlr107,1998,175.0
phlr107,2003,75.0
phlr107,2017,103.0
phlr108,1998,148.0
phlr108,2003,133.0
phlr108,2017,248.0
phlr109,1998,109.0
phlr109,2003,163.0
phlr109,2017,232.0
phlr110,1998,100.0
phlr110,2003,156.0
phlr110,2017,238.0
phlr111,1998,168.0
phlr111,2003,128.0
phlr111,2017,166.0
phlr112,1998,95.0
phlr112,2003,98.0
phlr112,2017,138.0
phlr113,1998,282.0
phlr113,2003,102.0
phlr113,2017,175.0
phlr114,1998,49.0
phlr114,2003,108.0
phlr114,2017,181.0
phlr115,1998,89.0
phlr115,2003,106.0
phlr115,2017,185.0
phlr116,1998,68.0
phlr116,2003,61.0
phlr116,2017,107.0
phlr117,2003,87.0
phlr117,2017,152.0
pngr101,2017,90.0
pngr102,2017,69.0
pngr103,2017,150.0
pngr104,2017,67.0
pngr105,2017,175.0
pngr106,2017,121.0
pngr107,2017,310.0
pngr108,2017,115.0
pngr109,2017,199.0
pngr110,2017,192.0
pngr111,2017,286.0
pngr112,2017,298.0
pngr113,2017,262.0
pngr114,2017,209.0
pngr115,2017,162.0
pngr116,2017,31.0
pngr117,2017,108.0
pngr118,2017,115.0
pngr119,2017,135.0
pngr120,2017,156.0
pngr121,2017,236.0
pngr122,2017,134.0
pryr101,2002,3441.0
pryr102,2002,4234.0
pryr103,2002,2150.0
pryr104,2002,1778.0
pryr105,2002,5837.0
pser101,2010,758.0
pser101,2014,447.0
pser101,2019,341.0
pser102,2010,336.0
pser102,2014,181.0
pser102,2019,158.0
pser103,2010,299.0
pser103,2014,199.0
pser103,2019,158.0
pser104,2010,649.0
pser104,2014,451.0
pser104,2019,350.0
pser105,2010,696.0
pser105,2014,531.0
pser105,2019,404.0
pser106,2010,588.0
pser106,2014,441.0
pser106,2019,344.0
qatr101,2012,332.0
qatr102,2012,259.0
qatr103,2012,38.0
qatr104,2012,32.0
qatr105,2012,30.0
qatr106,2012,3.0
qatr107,2012,14.0
rwar101,1992,290.0
rwar101,2000,66.0
rwar101,2005,137.0
rwar101,2010,185.0
rwar101,2015,239.0
rwar101,2020,252.0
rwar102,1992,491.0
rwar102,2000,517.0
rwar102,2005,536.0
rwar102,2010,638.0
rwar102,2015,623.0
rwar102,2020,470.0
rwar103,1992,453.0
rwar103,2000,671.0
rwar103,2005,588.0
rwar103,2010,742.0
rwar103,2015,585.0
rwar103,2020,523.0
rwar104,1992,292.0
rwar104,2000,520.0
rwar104,2005,445.0
rwar104,2010,535.0
rwar104,2015,406.0
rwar104,2020,311.0
rwar105,1992,142.0
rwar105,2000,521.0
rwar105,2005,389.0
rwar105,2010,678.0
rwar105,2015,691.0
rwar105,2020,621.0
sdnr101,2000,52.0
sdnr101,2008,678.0
sdnr101,2010,51.0
sdnr101,2014,85.0
sdnr102,2000,202.0
sdnr102,2008,1265.0
sdnr102,2010,106.0
sdnr102,2014,141.0
sdnr103,2000,83.0
sdnr103,2008,1704.0
sdnr103,2010,93.0
sdnr103,2014,109.0
sdnr104,2000,231.0
sdnr104,2008,2550.0
sdnr104,2010,214.0
sdnr104,2014,186.0
sdnr105,2000,301.0
sdnr105,2008,2237.0
sdnr105,2010,214.0
sdnr105,2014,259.0
sdnr106,2000,838.0
sdnr106,2008,6140.0
sdnr106,2010,470.0
sdnr106,2014,568.0
sdnr107,2000,459.0
sdnr107,2008,4621.0
sdnr107,2010,567.0
sdnr107,2014,760.0
sdnr108,2000,513.0
sdnr108,2008,2439.0
sdnr108,2010,187.0
sdnr108,2014,268.0
sdnr109,2000,274.0
sdnr109,2008,1878.0
sdnr109,2010,170.0
sdnr109,2014,166.0
sdnr110,2000,149.0
sdnr110,2008,1434.0
sdnr110,2010,154.0
sdnr110,2014,225.0
sdnr111,2000,429.0
sdnr111,2008,4755.0
sdnr111,2010,447.0
sdnr111,2014,318.0
sdnr112,2000,469.0
sdnr112,2008,2512.0
sdnr112,2010,211.0
sdnr112,2014,515.0
sdnr113,2000,252.0
sdnr113,2008,3936.0
sdnr113,2010,323.0
sdnr113,2014,415.0
sdnr114,2000,402.0
sdnr114,2008,2399.0
sdnr114,2010,214.0
sdnr114,2014,180.0
sdnr115,2000,877.0
sdnr115,2008,6714.0
sdnr115,2010,576.0
sdnr115,2014,710.0
senr101,1992,292.0
senr101,2005,492.0
senr101,2011,572.0
senr101,2012,247.0
senr101,2014,318.0
senr101,2015,299.0
senr101,2016,299.0
senr101,2017,770.0
senr101,2018,287.0
senr101,2019,294.0
senr102,1992,67.0
senr102,2005,116.0
senr102,2011,127.0
senr102,2012,68.0
senr102,2014,62.0
senr102,2015,84.0
senr102,2016,84.0
senr102,2017,120.0
senr102,2018,65.0
senr102,2019,59.0
senr103,1992,148.0
senr103,2005,332.0
senr103,2011,520.0
senr103,2012,232.0
senr103,2014,182.0
senr103,2015,261.0
senr103,2016,261.0
senr103,2017,536.0
senr103,2018,294.0
senr103,2019,260.0
senr104,1992,189.0
senr104,2005,372.0
senr104,2011,403.0
senr104,2012,249.0
senr104,2014,285.0
senr104,2015,190.0
senr104,2016,190.0
senr104,2017,425.0
senr104,2018,86.0
senr104,2019,231.0
senr105,1992,121.0
senr105,2005,231.0
senr105,2011,259.0
senr105,2012,160.0
senr105,2014,115.0
senr105,2015,120.0
senr105,2016,120.0
senr105,2017,286.0
senr105,2018,23.0
senr105,2019,111.0
senr106,1992,206.0
senr106,2005,444.0
senr106,2011,541.0
senr106,2012,236.0
senr106,2014,288.0
senr106,2015,284.0
senr106,2016,284.0
senr106,2017,448.0
senr106,2018,130.0
senr106,2019,249.0
senr107,1992,230.0
senr107,2005,411.0
senr107,2011,478.0
senr107,2012,328.0
senr107,2014,265.0
senr107,2015,240.0
senr107,2016,240.0
senr107,2017,465.0
senr107,2018,205.0
senr107,2019,273.0
senr108,1992,140.0
senr108,2005,229.0
senr108,2011,295.0
senr108,2012,132.0
senr108,2014,110.0
senr108,2015,156.0
senr108,2016,156.0
senr108,2017,243.0
senr108,2018,142.0
senr108,2019,127.0
senr109,1992,124.0
senr109,2005,190.0
senr109,2011,235.0
senr109,2012,111.0
senr109,2014,87.0
senr109,2015,119.0
senr109,2016,119.0
senr109,2017,192.0
senr109,2018,116.0
senr109,2019,111.0
senr110,1992,128.0
senr110,2005,289.0
senr110,2011,340.0
senr110,2012,171.0
senr110,2014,162.0
senr110,2015,205.0
senr110,2016,205.0
senr110,2017,323.0
senr110,2018,100.0
senr110,2019,163.0
sler101,2008,233.0
sler101,2013,303.0
sler101,2017,248.0
sler101,2019,375.0
sler102,2008,204.0
sler102,2013,182.0
sler102,2017,173.0
sler102,2019,231.0
sler103,2008,163.0
sler103,2013,232.0
sler103,2017,227.0
sler103,2019,177.0
sler104,2008,280.0
sler104,2013,464.0
sler104,2017,369.0
sler104,2019,306.0
sler105,2008,214.0
sler105,2013,424.0
sler105,2017,273.0
sler105,2019,291.0
sler106,2008,127.0
sler106,2013,264.0
sler106,2017,251.0
sler106,2019,202.0
sler107,2008,158.0
sler107,2013,409.0
sler107,2017,370.0
sler107,2019,417.0
sler108,2008,140.0
sler108,2013,208.0
sler108,2017,229.0
sler108,2019,252.0
sler109,2008,229.0
sler109,2013,357.0
sler109,2017,365.0
sler109,2019,308.0
sler110,2008,89.0
sler110,2013,134.0
sler110,2017,95.0
sler110,2019,109.0
sler111,2008,73.0
sler111,2013,174.0
sler111,2017,141.0
sler111,2019,196.0
sler112,2008,70.0
sler112,2013,169.0
sler112,2017,135.0
sler112,2019,106.0
sler113,2008,79.0
sler113,2013,90.0
sler113,2017,207.0
sler113,2019,239.0
sler114,2008,240.0
sler114,2013,408.0
sler114,2017,451.0
sler114,2019,334.0
slvr101,2014,221.0
slvr102,2014,544.0
slvr103,2014,166.0
slvr104,2014,243.0
somr101,2006,169.0
somr101,2011,737.0
somr102,2006,63.0
somr102,2011,246.0
somr103,2006,78.0
somr103,2011,222.0
somr104,2006,40.0
somr104,2011,112.0
somr105,2006,102.0
somr105,2011,300.0
somr106,2006,72.0
somr106,2011,655.0
somr107,2006,41.0
somr107,2011,352.0
somr108,2006,70.0
somr108,2011,755.0
somr109,2006,77.0
somr110,2006,138.0
somr111,2006,72.0
somr112,2006,53.0
somr113,2006,65.0
somr114,2006,135.0
somr115,2006,213.0
somr116,2006,222.0
somr117,2006,95.0
somr118,2006,87.0
srbr101,2005,88.0
srbr101,2010,74.0
srbr101,2014,62.0
srbr101,2019,59.0
srbr102,2005,121.0
srbr102,2010,86.0
srbr102,2014,95.0
srbr102,2019,75.0
srbr103,2005,122.0
srbr103,2010,99.0
srbr103,2014,93.0
srbr103,2019,66.0
srbr104,2005,143.0
srbr104,2010,94.0
srbr104,2014,47.0
srbr104,2019,47.0
ssdr101,2008,3145.0
ssdr101,2010,430.0
ssdr102,2008,4774.0
ssdr102,2010,596.0
ssdr103,2008,2231.0
ssdr103,2010,333.0
ssdr104,2008,3942.0
ssdr104,2010,438.0
ssdr105,2008,2930.0
ssdr105,2010,352.0
ssdr106,2008,1035.0
ssdr106,2010,129.0
ssdr107,2008,2462.0
ssdr107,2010,353.0
ssdr108,2008,1675.0
ssdr108,2010,221.0
ssdr109,2008,3463.0
ssdr109,2010,384.0
ssdr110,2008,3230.0
ssdr110,2010,402.0
stpr101,2000,85.0
stpr101,2009,366.0
stpr101,2014,433.0
stpr101,2019,323.0
stpr102,2000,363.0
stpr102,2009,94.0
stpr102,2014,84.0
stpr102,2019,82.0
stpr103,2000,27.0
stpr103,2009,130.0
stpr103,2014,120.0
stpr103,2019,167.0
stpr104,2000,20.0
stpr104,2009,30.0
stpr104,2014,26.0
stpr104,2019,20.0
surr101,2006,293.0
surr101,2010,337.0
surr101,2018,248.0
surr102,2006,173.0
surr102,2010,200.0
surr102,2018,270.0
surr103,2006,62.0
surr103,2010,77.0
surr103,2018,78.0
surr104,2006,72.0
surr104,2010,82.0
surr104,2018,89.0
surr105,2006,123.0
surr105,2010,148.0
surr105,2018,129.0
swzr101,2000,238.0
swzr101,2006,250.0
swzr101,2010,211.0
swzr101,2014,197.0
swzr102,2000,294.0
swzr102,2006,280.0
swzr102,2010,243.0
swzr102,2014,288.0
swzr103,2000,250.0
swzr103,2006,224.0
swzr103,2010,209.0
swzr103,2014,171.0
swzr104,2000,212.0
swzr104,2006,186.0
swzr104,2010,180.0
swzr104,2014,167.0
syrr101,2006,279.0
syrr102,2006,526.0
syrr103,2006,362.0
syrr104,2006,314.0
syrr105,2006,141.0
syrr106,2006,160.0
syrr107,2006,293.0
syrr108,2006,1050.0
syrr109,2006,217.0
syrr110,2006,263.0
syrr111,2006,262.0
syrr112,2006,51.0
syrr113,2006,239.0
syrr114,2006,38.0
tcar101,2019,7.0
tcar103,2019,2.0
tcar105,2019,1.0
tcar106,2019,90.0
tcdr101,1997,183.0
tcdr101,2004,111.0
tcdr101,2010,455.0
tcdr101,2015,369.0
tcdr101,2019,389.0
tcdr102,1997,192.0
tcdr102,2004,233.0
tcdr102,2010,566.0
tcdr102,2015,853.0
tcdr102,2019,918.0
tcdr103,1997,279.0
tcdr103,2004,277.0
tcdr103,2010,737.0
tcdr103,2015,910.0
tcdr103,2019,880.0
tcdr104,1997,252.0
tcdr104,2004,143.0
tcdr104,2010,687.0
tcdr104,2015,732.0
tcdr104,2019,1029.0
tcdr105,1997,285.0
tcdr105,2004,214.0
tcdr105,2010,527.0
tcdr105,2015,767.0
tcdr105,2019,730.0
tcdr106,1997,292.0
tcdr106,2004,179.0
tcdr106,2010,671.0
tcdr106,2015,740.0
tcdr106,2019,955.0
tcdr107,1997,500.0
tcdr107,2004,375.0
tcdr107,2010,814.0
tcdr107,2015,1393.0
tcdr107,2019,1492.0
tcdr108,1997,225.0
tcdr108,2004,231.0
tcdr108,2010,612.0
tcdr108,2015,840.0
tcdr108,2019,697.0
tgor101,1998,258.0
tgor101,2006,186.0
tgor101,2014,219.0
tgor101,2017,339.0
tgor102,1998,475.0
tgor102,2006,428.0
tgor102,2014,620.0
tgor102,2017,269.0
tgor103,1998,596.0
tgor103,2006,301.0
tgor103,2014,605.0
tgor103,2017,369.0
tgor104,1998,268.0
tgor104,2006,155.0
tgor104,2014,229.0
tgor104,2017,149.0
tgor105,1998,289.0
tgor105,2006,193.0
tgor105,2014,285.0
tgor105,2017,230.0
tgor106,1998,261.0
tgor106,2006,192.0
tgor106,2014,314.0
tgor106,2017,273.0
thar101,2006,331.0
thar101,2012,151.0
thar101,2017,211.0
thar101,2019,157.0
thar102,2006,577.0
thar102,2012,390.0
thar102,2017,476.0
thar102,2019,459.0
thar103,2006,520.0
thar103,2012,277.0
thar103,2017,306.0
thar103,2019,326.0
thar104,2006,1162.0
thar104,2012,696.0
thar104,2017,576.0
thar104,2019,490.0
thar105,2006,455.0
thar105,2012,242.0
thar105,2017,307.0
thar105,2019,338.0
tjkr101,2005,131.0
tjkr101,2012,103.0
tjkr101,2017,140.0
tjkr102,2005,616.0
tjkr102,2012,468.0
tjkr102,2017,671.0
tjkr103,2005,455.0
tjkr103,2012,392.0
tjkr103,2017,553.0
tjkr104,2005,347.0
tjkr104,2012,343.0
tjkr104,2017,397.0
tjkr105,2005,36.0
tjkr105,2012,23.0
tjkr105,2017,32.0
tkmr101,2006,63.0
tkmr101,2015,96.0
tkmr101,2019,135.0
tkmr102,2006,102.0
tkmr102,2015,128.0
tkmr102,2019,151.0
tkmr103,2006,49.0
tkmr103,2015,54.0
tkmr103,2019,62.0
tkmr104,2006,163.0
tkmr104,2015,189.0
tkmr104,2019,204.0
tkmr105,2006,161.0
tkmr105,2015,177.0
tkmr105,2019,308.0
tkmr106,2006,161.0
tkmr106,2015,233.0
tkmr106,2019,290.0
tlsr101,2009,127.0
tlsr101,2016,94.0
tlsr102,2009,203.0
tlsr102,2016,152.0
tlsr103,2009,389.0
tlsr103,2016,304.0
tlsr104,2009,326.0
tlsr104,2016,208.0
tlsr105,2009,199.0
tlsr105,2016,133.0
tlsr106,2009,480.0
tlsr106,2016,426.0
tlsr107,2009,456.0
tlsr107,2016,262.0
tlsr108,2009,187.0
tlsr108,2016,145.0
tlsr109,2009,242.0
tlsr109,2016,152.0
tlsr110,2009,139.0
tlsr110,2016,104.0
tlsr111,2009,178.0
tlsr111,2016,140.0
tlsr112,2009,219.0
tlsr112,2016,176.0
tlsr113,2009,247.0
tlsr113,2016,165.0
tonr101,2019,345.0
tonr102,2019,78.0
tonr103,2019,34.0
tonr104,2019,30.0
tonr105,2019,7.0
ttor101,2006,99.0
ttor101,2011,96.0
ttor102,2006,35.0
ttor102,2011,32.0
ttor103,2006,157.0
ttor103,2011,114.0
ttor104,2006,81.0
ttor104,2011,97.0
ttor105,2006,13.0
ttor105,2011,19.0
tunr101,2012,183.0
tunr101,2018,257.0
tunr102,2012,129.0
tunr102,2018,149.0
tunr103,2012,88.0
tunr103,2018,132.0
tunr104,2012,126.0
tunr104,2018,152.0
tunr105,2012,167.0
tunr105,2018,258.0
tunr106,2012,35.0
tunr106,2018,49.0
tunr107,2012,79.0
tunr107,2018,117.0
turr101,1993,116.0
turr101,1998,170.0
turr101,2003,224.0
turr101,2008,210.0
turr101,2013,219.0
turr102,1993,27.0
turr102,1998,31.0
turr102,2003,39.0
turr102,2008,31.0
turr102,2013,25.0
turr103,1993,179.0
turr103,1998,143.0
turr103,2003,137.0
turr103,2008,161.0
turr103,2013,121.0
turr104,1993,114.0
turr104,1998,81.0
turr104,2003,100.0
turr104,2008,88.0
turr104,2013,73.0
turr105,1993,118.0
turr105,1998,98.0
turr105,2003,112.0
turr105,2008,102.0
turr105,2013,82.0
turr106,1993,186.0
turr106,1998,129.0
turr106,2003,196.0
turr106,2008,148.0
turr106,2013,146.0
turr107,1993,94.0
turr107,1998,79.0
turr107,2003,80.0
turr107,2008,59.0
turr107,2013,46.0
turr108,1993,119.0
turr108,1998,59.0
turr108,2003,76.0
turr108,2008,63.0
turr108,2013,60.0
turr109,1993,55.0
turr109,1998,43.0
turr109,2003,49.0
turr109,2008,33.0
turr109,2013,27.0
turr110,1993,66.0
turr110,1998,61.0
turr110,2003,70.0
turr110,2008,47.0
turr110,2013,49.0
turr111,1993,81.0
turr111,1998,95.0
turr111,2003,89.0
turr111,2008,92.0
turr111,2013,86.0
turr112,1993,231.0
turr112,1998,208.0
turr112,2003,196.0
turr112,2008,185.0
turr112,2013,185.0
tuvr101,2019,9.0
tuvr102,2019,4.0
tuvr103,2019,7.0
tuvr104,2019,6.0
tuvr105,2019,15.0
tuvr106,2019,6.0
tuvr107,2019,88.0
tzar201,1992,138.0
tzar201,1996,87.0
tzar201,1999,41.0
tzar201,2004,1283.0
tzar201,2010,145.0
tzar201,2015,147.0
tzar202,1992,149.0
tzar202,1996,141.0
tzar202,1999,103.0
tzar202,2004,1635.0
tzar202,2010,146.0
tzar202,2015,210.0
tzar203,1992,118.0
tzar203,1996,83.0
tzar203,1999,49.0
tzar203,2004,773.0
tzar203,2010,83.0
tzar203,2015,69.0
tzar204,1992,120.0
tzar204,1996,95.0
tzar204,1999,51.0
tzar204,2004,653.0
tzar204,2010,96.0
tzar204,2015,121.0
tzar205,1992,116.0
tzar205,1996,91.0
tzar205,1999,32.0
tzar205,2004,1053.0
tzar205,2010,90.0
tzar205,2015,146.0
tzar206,1992,38.0
tzar206,1996,42.0
tzar206,1999,23.0
tzar206,2004,536.0
tzar206,2010,54.0
tzar206,2015,67.0
tzar207,1992,106.0
tzar207,1996,90.0
tzar207,1999,29.0
tzar207,2004,1017.0
tzar207,2010,98.0
tzar207,2015,149.0
tzar208,1992,59.0
tzar208,1996,42.0
tzar208,1999,20.0
tzar208,2004,385.0
tzar208,2010,33.0
tzar208,2015,59.0
tzar209,1992,55.0
tzar209,1996,71.0
tzar209,1999,34.0
tzar209,2004,595.0
tzar209,2010,82.0
tzar209,2015,80.0
tzar210,1992,92.0
tzar210,1996,82.0
tzar210,1999,24.0
tzar210,2004,566.0
tzar210,2010,78.0
tzar210,2015,73.0
tzar211,1992,166.0
tzar211,1996,120.0
tzar211,1999,39.0
tzar211,2004,882.0
tzar211,2010,92.0
tzar211,2015,91.0
tzar212,1992,98.0
tzar212,1996,91.0
tzar212,1999,55.0
tzar212,2004,1557.0
tzar212,2010,133.0
tzar212,2015,184.0
tzar213,1992,69.0
tzar213,1996,78.0
tzar213,1999,33.0
tzar213,2004,792.0
tzar213,2010,84.0
tzar213,2015,111.0
tzar214,1992,67.0
tzar214,1996,60.0
tzar214,1999,26.0
tzar214,2004,1207.0
tzar214,2010,73.0
tzar214,2015,183.0
tzar215,1992,49.0
tzar215,1996,73.0
tzar215,1999,18.0
tzar215,2004,703.0
tzar215,2010,84.0
tzar215,2015,117.0
tzar216,1992,93.0
tzar216,1996,73.0
tzar216,1999,24.0
tzar216,2004,1152.0
tzar216,2010,92.0
tzar216,2015,129.0
tzar217,1992,164.0
tzar217,1996,129.0
tzar217,1999,87.0
tzar217,2004,2051.0
tzar217,2010,184.0
tzar217,2015,261.0
tzar218,1992,131.0
tzar218,1996,137.0
tzar218,1999,59.0
tzar218,2004,1458.0
tzar218,2010,139.0
tzar218,2015,173.0
tzar219,1992,133.0
tzar219,1996,153.0
tzar219,1999,62.0
tzar219,2004,1542.0
tzar219,2010,218.0
tzar219,2015,358.0
tzar220,1992,101.0
tzar220,1996,60.0
tzar220,1999,34.0
tzar220,2004,857.0
tzar220,2010,99.0
tzar220,2015,157.0
tzar221,1992,11.0
tzar221,1996,9.0
tzar221,1999,7.0
tzar221,2004,110.0
tzar221,2010,9.0
tzar221,2015,12.0
tzar222,1992,8.0
tzar222,1996,8.0
tzar222,1999,1.0
tzar222,2004,43.0
tzar222,2010,5.0
tzar222,2015,7.0
tzar223,1992,17.0
tzar223,1996,14.0
tzar223,1999,6.0
tzar223,2004,254.0
tzar223,2010,23.0
tzar223,2015,29.0
tzar224,1992,19.0
tzar224,1996,16.0
tzar224,1999,7.0
tzar224,2004,143.0
tzar224,2010,11.0
tzar224,2015,19.0
tzar225,1992,13.0
tzar225,1996,14.0
tzar225,1999,5.0
tzar225,2004,98.0
tzar225,2010,12.0
tzar225,2015,18.0
ugar101,2006,233.0
ugar101,2011,252.0
ugar101,2016,482.0
ugar102,2006,257.0
ugar102,2011,264.0
ugar102,2016,466.0
ugar103,2006,94.0
ugar103,2011,95.0
ugar103,2016,141.0
ugar104,2006,260.0
ugar104,2011,270.0
ugar104,2016,511.0
ugar105,2006,353.0
ugar105,2011,375.0
ugar105,2016,900.0
ugar106,2006,465.0
ugar106,2011,357.0
ugar106,2016,663.0
ugar107,2006,128.0
ugar107,2011,155.0
ugar107,2016,345.0
ugar108,2006,367.0
ugar108,2011,372.0
ugar108,2016,627.0
ugar109,2006,292.0
ugar109,2011,322.0
ugar109,2016,604.0
ugar201,1995,503.0
ugar201,2001,622.0
ugar202,1995,444.0
ugar202,2001,670.0
ugar203,1995,343.0
ugar203,2001,327.0
ugar204,1995,643.0
ugar204,2001,517.0
ukrr101,2005,61.0
ukrr101,2007,78.0
ukrr101,2012,63.0
ukrr102,2005,31.0
ukrr102,2007,38.0
ukrr102,2012,50.0
ukrr103,2005,76.0
ukrr103,2007,82.0
ukrr103,2012,113.0
ukrr104,2005,31.0
ukrr104,2007,51.0
ukrr104,2012,66.0
ukrr105,2005,95.0
ukrr105,2007,118.0
ukrr105,2012,104.0
uryr101,2013,80.0
uryr102,2013,17.0
uryr103,2013,24.0
uryr104,2013,22.0
uryr105,2013,13.0
uryr106,2013,5.0
uryr107,2013,26.0
uzbr101,1996,88.0
uzbr101,2006,188.0
uzbr102,1996,116.0
uzbr102,2006,335.0
uzbr103,1996,165.0
uzbr103,2006,300.0
uzbr104,1996,54.0
uzbr104,2006,240.0
uzbr105,1996,173.0
uzbr105,2006,347.0
uzbr106,1996,101.0
uzbr106,2006,84.0
venr101,2001,2179.0
venr102,2001,115.0
venr103,2001,1858.0
venr104,2001,715.0
venr105,2001,2160.0
venr106,2001,1087.0
venr107,2001,1937.0
venr108,2001,2721.0
venr109,2001,444.0
venr110,2001,177.0
venr111,2001,1174.0
venr112,2001,1058.0
venr113,2001,2247.0
venr114,2001,1077.0
venr115,2001,3196.0
venr116,2001,1149.0
venr117,2001,544.0
venr118,2001,1248.0
venr119,2001,1389.0
venr120,2001,1421.0
venr121,2001,917.0
venr122,2001,794.0
venr123,2001,4593.0
venr124,2001,370.0
vnmr101,1997,232.0
vnmr101,2002,181.0
vnmr101,2006,157.0
vnmr101,2010,196.0
vnmr101,2014,228.0
vnmr102,1997,280.0
vnmr102,2002,164.0
vnmr102,2006,120.0
vnmr102,2010,198.0
vnmr102,2014,139.0
vnmr103,1997,251.0
vnmr103,2002,246.0
vnmr103,2006,195.0
vnmr103,2010,209.0
vnmr103,2014,169.0
vnmr104,1997,46.0
vnmr104,2002,51.0
vnmr104,2006,47.0
vnmr104,2010,73.0
vnmr104,2014,76.0
vnmr105,1997,153.0
vnmr105,2002,139.0
vnmr105,2006,108.0
vnmr105,2010,163.0
vnmr105,2014,131.0
vnmr106,1997,218.0
vnmr106,2002,136.0
vnmr106,2006,136.0
vnmr106,2010,225.0
vnmr106,2014,196.0
vutr101,2007,106.0
vutr102,2007,74.0
vutr103,2007,87.0
vutr104,2007,63.0
vutr105,2007,75.0
vutr106,2007,25.0
vutr107,2007,71.0
vutr108,2007,22.0
wsmr101,2019,144.0
wsmr102,2019,299.0
wsmr103,2019,181.0
wsmr104,2019,218.0
yemr101,1991,805.0
yemr101,1997,520.0
yemr101,2006,160.0
yemr101,2013,609.0
yemr102,1991,403.0
yemr102,1997,285.0
yemr102,2006,119.0
yemr102,2013,491.0
yemr103,1991,918.0
yemr103,1997,745.0
yemr103,2006,159.0
yemr103,2013,750.0
yemr104,1991,568.0
yemr104,1997,566.0
yemr104,2006,204.0
yemr104,2013,811.0
yemr105,1991,858.0
yemr105,1997,589.0
yemr105,2006,162.0
yemr105,2013,649.0
yemr106,1991,336.0
yemr106,1997,347.0
yemr106,2006,122.0
yemr106,2013,492.0
yemr107,1991,537.0
yemr107,1997,528.0
yemr107,2006,162.0
yemr107,2013,885.0
yemr108,1991,555.0
yemr108,1997,353.0
yemr108,2006,157.0
yemr108,2013,839.0
zafr101,1998,149.0
zafr101,2011,2383.0
zafr101,2016,98.0
zafr102,1998,392.0
zafr102,2011,3699.0
zafr102,2016,143.0
zafr103,1998,41.0
zafr103,2011,562.0
zafr103,2016,29.0
zafr104,1998,117.0
zafr104,2011,1471.0
zafr104,2016,63.0
zafr105,1998,481.0
zafr105,2011,5194.0
zafr105,2016,233.0
zafr106,1998,178.0
zafr106,2011,1781.0
zafr106,2016,85.0
zafr107,1998,273.0
zafr107,2011,4785.0
zafr107,2016,214.0
zafr108,1998,145.0
zafr108,2011,2179.0
zafr108,2016,107.0
zafr109,1998,310.0
zafr109,2011,3197.0
zafr109,2016,159.0
zmbr101,1996,183.0
zmbr101,2002,141.0
zmbr101,2007,201.0
zmbr101,2014,467.0
zmbr101,2018,323.0
zmbr102,1996,291.0
zmbr102,2002,443.0
zmbr102,2007,279.0
zmbr102,2014,626.0
zmbr102,2018,410.0
zmbr103,1996,250.0
zmbr103,2002,247.0
zmbr103,2007,296.0
zmbr103,2014,561.0
zmbr103,2018,454.0
zmbr104,1996,169.0
zmbr104,2002,125.0
zmbr104,2007,164.0
zmbr104,2014,395.0
zmbr104,2018,284.0
zmbr105,1996,265.0
zmbr105,2002,229.0
zmbr105,2007,197.0
zmbr105,2014,618.0
zmbr105,2018,497.0
zmbr106,1996,213.0
zmbr106,2002,268.0
zmbr106,2007,288.0
zmbr106,2014,705.0
zmbr106,2018,531.0
zmbr107,1996,81.0
zmbr107,2002,97.0
zmbr107,2007,114.0
zmbr107,2014,231.0
zmbr107,2018,179.0
zmbr108,1996,221.0
zmbr108,2002,194.0
zmbr108,2007,190.0
zmbr108,2014,551.0
zmbr108,2018,410.0
zmbr109,1996,125.0
zmbr109,2002,159.0
zmbr109,2007,132.0
zmbr109,2014,318.0
zmbr109,2018,243.0
zwer101,1994,231.0
zwer101,1999,217.0
zwer101,2006,247.0
zwer101,2011,247.0
zwer101,2015,297.0
zwer101,2019,359.0
zwer102,1994,124.0
zwer102,1999,107.0
zwer102,2006,184.0
zwer102,2011,210.0
zwer102,2015,156.0
zwer102,2019,222.0
zwer103,1994,147.0
zwer103,1999,112.0
zwer103,2006,192.0
zwer103,2011,198.0
zwer103,2015,164.0
zwer103,2019,215.0
zwer104,1994,155.0
zwer104,1999,109.0
zwer104,2006,190.0
zwer104,2011,201.0
zwer104,2015,215.0
zwer104,2019,289.0
zwer105,1994,99.0
zwer105,1999,79.0
zwer105,2006,156.0
zwer105,2011,106.0
zwer105,2015,100.0
zwer105,2019,130.0
zwer106,1994,90.0
zwer106,1999,78.0
zwer106,2006,113.0
zwer106,2011,96.0
zwer106,2015,95.0
zwer106,2019,119.0
zwer107,1994,189.0
zwer107,1999,153.0
zwer107,2006,248.0
zwer107,2011,230.0
zwer107,2015,215.0
zwer107,2019,226.0
zwer108,1994,157.0
zwer108,1999,147.0
zwer108,2006,203.0
zwer108,2011,234.0
zwer108,2015,258.0
zwer108,2019,271.0
zwer109,1994,165.0
zwer109,1999,125.0
zwer109,2006,204.0
zwer109,2011,201.0
zwer109,2015,177.0
zwer109,2019,276.0
zwer110,1994,58.0
zwer110,1999,62.0
zwer110,2006,103.0
zwer110,2011,69.0
zwer110,2015,67.0
zwer110,2019,80.0
